Item_Type,Brand_Code,Model_Code,Compatible_Models,Part_Cat_Code,Var_Code,Product_ID,Barcode,Product_Name,Category,Brand,Description,Requires_Serial,Original_Cost,Opening_Stock,Current_Stock,Average_Cost,Sale_Price,Wholesale_Price,Reorder_Level,Warranty_Period,Shelf_Location,Status,Images,Stock_View
Spare Part,RM,MI4,No,TL,"ORG , WHT",RM-MI4-TL-ORG -WHT,RM-MI4-TL-ORG -WHT,"RM MI4 - NO TL (ORG , WHT)",TL,Xiaomi,ညည,,25000,3,2,25000,29000,28000,2,1 Month Warranty ,Box1,Active (ရောင်းမည်),,🛒 အရောင်းပါး
Spare Part,RM,MI4,NO,TL,"ORG , BLK",RM-MI4-TL-ORG -BLK,RM-MI4-TL-ORG -BLK,"RM MI4 - NO TL (ORG , BLK)",TL,Xiaomi,,,25000,3,3,25000,29000,28000,2,1 Month Warranty ,Box1,Active (ရောင်းမည်),,🆕 အသစ်/မရောင်းရသေး
Spare Part,RM,4x,NO,TL,"AAA , BLK",RM-4x-TL-AAA -BLK,RM-4x-TL-AAA -BLK,"RM 4X - NO TL (AAA , BLK)",TL,Xiaomi,,,30000,1,1,30000,35000,35000,2,1 Month Warranty ,Box1,Active (ရောင်းမည်),,🆕 အသစ်/မရောင်းရသေး
Spare Part,RM,1S,NO,TL,"ORG , BLK",RM-1S-TL-ORG -BLK,RM-1S-TL-ORG -BLK,"RM 1S - NO TL (ORG , BLK)",TL,Xiaomi,,,20000,2,2,20000,27000,29000,2,1 Month Warranty ,Box1,Active (ရောင်းမည်),,🆕 အသစ်/မရောင်းရသေး
Spare Part,RM,MAX2,NO,TL,WHT,RM-MAX2-TL-WHT,RM-MAX2-TL-WHT,RM MAX2 - NO TL (WHT),TL,Xiaomi,,,56000,1,1,56000,62000,62000,2,1 Month Warranty ,Box1,Active (ရောင်းမည်),,🆕 အသစ်/မရောင်းရသေး
Spare Part,RM,5A,NO,TL,"AAA , BLK",RM-5A-TL-AAA -BLK,RM-5A-TL-AAA -BLK,"RM 5A - NO TL (AAA , BLK)",TL,Xiaomi,,,27000,1,0,21000,35000,35000,2,1 Month Warranty ,Box1,Active (ရောင်းမည်),,🆕 အသစ်/မရောင်းရသေး
Spare Part,RM,5plus,NO,TL,"ORG , WHT",RM-5plus-TL-ORG -WHT,RM-5plus-TL-ORG -WHT,"RM 5PLUS - NO TL (ORG , WHT)",TL,Xiaomi,,,28500,1,1,31083,37000,34000,2,1 Month Warranty ,Box1,Active (ရောင်းမည်),,🛒 အရောင်းပါး
Spare Part,RM,6/6A,NO,TL,BLK,RM-6/6A-TL-BLK,RM-6/6A-TL-BLK,RM 6/6A - NO TL (BLK),TL,Xiaomi,,,26500,2,12,27406,33000,32000,2,1 Month Warranty ,Box1,Active (ရောင်းမည်),,✅ ပုံမှန်
Spare Part,RM,6pro,NO,TL,BLK,RM-6pro-TL-BLK,RM-6pro-TL-BLK,RM 6PRO - NO TL (BLK),TL,Xiaomi,,,39000,2,2,39000,41000,39000,2,1 Month Warranty ,Box1,Active (ရောင်းမည်),,🆕 အသစ်/မရောင်းရသေး
Spare Part,RM,7A,NO,TL,"ORG , BLK",RM-7A-TL-ORG -BLK,RM-7A-TL-ORG -BLK,"RM 7A - NO TL (ORG , BLK)",TL,Xiaomi,,,25500,1,6,26550,33000,32000,2,1 Month Warranty ,Box1,Active (ရောင်းမည်),,🛒 အရောင်းပါး
Spare Part,RM,7,NO,TL,BLK,RM-7-TL-BLK,RM-7-TL-BLK,RM 7 - NO TL (BLK),TL,Xiaomi,,,31500,2,5,31278,38000,37000,2,1 Month Warranty ,Box1,Active (ရောင်းမည်),,🛒 အရောင်းပါး
Spare Part,RM,8,8/8A,TL,BLK,RM-8-TL-BLK,RM-8-TL-BLK,RM 8 - 8/8A TL (BLK),TL,Xiaomi,,,30000,1,20,29407,38000,37000,2,1 Month Warranty ,Box1,Active (ရောင်းမည်),,✅ ပုံမှန်
Spare Part,RM,9/POCOM2,9/POCOM2,TL,"ORG , BLK",RM-9/POCOM2-TL-ORG -BLK,RM-9/POCOM2-TL-ORG -BLK,"RM 9/POCOM2 - 9/POCOM2 TL (ORG , BLK)",TL,Xiaomi,,,30000,2,3,30222,38000,37000,2,1 Month Warranty ,Box1,Active (ရောင်းမည်),,✅ ပုံမှန်
Spare Part,RM,9A,9A/9C/10A,TL,"ORG , BLK",RM-9A-TL-ORG -BLK,RM-9A-TL-ORG -BLK,"RM 9A - 9AL9C/10A TL (ORG , BLK)",TL,Xiaomi,,,33000,5,14,30207,37000,36000,2,1 Month Warranty ,Box1,Active (ရောင်းမည်),,🔥 အရောင်းကောင်း
Spare Part,RM,104G,NO,TL,"ORG , BLK",RM-104G-TL-ORG -BLK,RM-104G-TL-ORG -BLK,"RM 104G - NO TL (ORG , BLK)",TL,Xiaomi,,,32500,2,8,32357,39000,38000,2,1 Month Warranty ,Box1,Active (ရောင်းမည်),,✅ ပုံမှန်
Spare Part,RM,10C,NO,TL,"ORG , BLK",RM-10C-TL-ORG -BLK,RM-10C-TL-ORG -BLK,"RM 10C - NO TL (ORG , BLK)",TL,Xiaomi,,,30000,1,3,29629,38000,37000,2,1 Month Warranty ,Box1,Active (ရောင်းမည်),,🛒 အရောင်းပါး
Spare Part,RM,12,12R,TL,"ORG , BLK",RM-12-TL-ORG -BLK,RM-12-TL-ORG -BLK,"12R/RM13 TL (ORG , BLK)",TL,Xiaomi,,,36000,1,11,33667,44000,43000,2,1 Month Warranty ,Box1,Active (ရောင်းမည်),,🛒 အရောင်းပါး
Spare Part,RM,12C,NO,TL,BLK,RM-12C-TL-BLK,RM-12C-TL-BLK,RM 12C - NO TL (BLK),TL,Xiaomi,,,30000,1,6,30143,37000,36500,2,1 Month Warranty ,Box1,Active (ရောင်းမည်),,🛒 အရောင်းပါး
Spare Part,RM,13C,RM13C/RM13R,TL,"ORG , BLK",RM-13C-TL-ORG -BLK,RM-13C-TL-ORG -BLK,"RM 13C - RM13C/RM13R TL (ORG , BLK)",TL,Xiaomi,,,31500,0,7,29644,37000,36000,2,1 Month Warranty ,Box1,Active (ရောင်းမည်),,🛒 အရောင်းပါး
Spare Part,RM,14C,NO,TL,"ORG , BLK",RM-14C-TL-ORG -BLK,RM-14C-TL-ORG -BLK,"RM 14C - NO TL (ORG , BLK)",TL,Xiaomi,,,30500,1,7,30850,38000,37000,3,1 Month Warranty ,Box1,Active (ရောင်းမည်),,🛒 အရောင်းပါး
Spare Part,RM,Mi 8 LITE,NO,TL,"ORG , BLK",RM-8 LITE-TL-ORG -BLK,RM-8 LITE-TL-ORG -BLK,"RM MI 8 LITE - NO TL (ORG , BLK)",TL,Xiaomi,,,45000,1,1,45000,55000,55000,2,1 Month Warranty ,Box1,Active (ရောင်းမည်),,🆕 အသစ်/မရောင်းရသေး
Spare Part,RM,9LITE,CC9/Mi 9Lite,TL,"ORG , BLK",RM-9LITE-TL-ORG -BLK,RM-MI 9LITE-TL-ORG -BLK,"RM MI 9LITE - CC9/MI 9LITE TL (ORG , BLK)",TL,Xiaomi,,,95000,2,2,95000,120000,120000,2,1 Month Warranty ,Box1,Active (ရောင်းမည်),,🆕 အသစ်/မရောင်းရသေး
Spare Part,RM,9SE,NO,TL,BLK,RM-9SE-TL-BLK,RM-9SE-TL-BLK,RM MI 9SE - NO TL (BLK),TL,Xiaomi,,,50000,3,1,50000,55000,57000,2,1 Month Warranty ,Box1,Active (ရောင်းမည်),,🆕 အသစ်/မရောင်းရသေး
Spare Part,RM,N13-5G,NO,TL,BLK,RM-N135G-TL-BLK,RM-N13-5G-TL-BLK,RM N13-5G - NO TL TFT,TL,Xiaomi,,,38000,1,2,41000,48000,47000,2,1 Month Warranty ,Box1,Active (ရောင်းမည်),,🛒 အရောင်းပါး
Spare Part,RM,N13/4g,NO,TL,BLK,RM-N134G-TL-ORG -BLK,RM-N13-4G TL -BLK,RM N13-4g/N14-4g/5g/TL TFT,TL,Xiaomi,,,37000,1,11,56462,48000,47000,2,1 Month Warranty ,Box1,Active (ရောင်းမည်),,🛒 အရောင်းပါး
Spare Part,RM,A3,NO,TL,"MA , BLK",RM-A3-TL-MA -BLK,RM-A3-TL-MA -BLK,"RM A3 - NO TL (MA , BLK)",TL,Xiaomi,,,29500,1,4,30600,38000,38000,2,1 Month Warranty ,Box1,Active (ရောင်းမည်),,🛒 အရောင်းပါး
Spare Part,RM,A5,NO,TL,"MA , BLK",RM-A5-TL-MA -BLK,RM-A5-TL-MA -BLK,"RM A5 - NO TL (MA , BLK)",TL,Xiaomi,ေျ,,30500,1,6,31286,39000,38000,2,1 Month Warranty ,Box1,Active (ရောင်းမည်),,🛒 အရောင်းပါး
Spare Part,RM,A1,RMA1/A2/A2+/A1+,TL,"MA , BLK",RM-A1-TL-MA -BLK,RM-A1-TL-MA -BLK,"RM A1 - RMA1/A2/A2+/A1+ TL (MA , BLK)",TL,Xiaomi,,,29000,,1,29000,37000,37000,2,1 Month Warranty ,Box1,Active (ရောင်းမည်),,🆕 အသစ်/မရောင်းရသေး
Spare Part,RM,5X,MI5X/MIA1,TL,"ORG , WHT",RM-5X-TL-ORG -WHT,RM-5X-TL-ORG -WHT,"RM 5X - MI5X/MIA1 TL (ORG , WHT)",TL,Xiaomi,,,32000,1,1,35000,37000,36000,2,1 Month Warranty ,Box1,Active (ရောင်းမည်),,🆕 အသစ်/မရောင်းရသေး
,,,,,,,,,,,,,,,,,,,,,,,,
Spare Part,RM,S2,NO,TL,"MA , BLK",RM-S2-TL-MA -BLK,RM-S2-TL-MA -BLK,"RM S2 - NO TL (MA , BLK)",TL,Xiaomi,,,34000,1,1,38000,37000,37000,2,1 Month Warranty ,Box1,Active (ရောင်းမည်),,🆕 အသစ်/မရောင်းရသေး
Spare Part,RM,S2,NO,TL,"MA , WHT",RM-S2-TL-MA -WHT,RM-S2-TL-MA -WHT,"RM S2 - NO TL (MA , WHT)",TL,Xiaomi,,,34500,1,0,34500,37000,41000,2,1 Month Warranty ,Box1,Active (ရောင်းမည်),,🆕 အသစ်/မရောင်းရသေး
Spare Part,RM,N3,NO,TL,"ORG , WHT",RM-N3-TL-ORG -WHT,RM-N3-TL-ORG -WHT,"RM N3 - NO TL (ORG , WHT)",TL,Xiaomi,,,30500,1,1,33000,36000,34000,2,1 Month Warranty ,Box1,Active (ရောင်းမည်),,🆕 အသစ်/မရောင်းရသေး
Spare Part,RM,N4,NO,TL,"AAA , WHT",RM-N4-TL-AAA -WHT,RM-N4-TL-AAA -WHT,"RM N4 - NO TL (AAA , WHT)",TL,Xiaomi,,,31000,1,0,31000,36000,35000,2,1 Month Warranty ,Box1,Active (ရောင်းမည်),,🛒 အရောင်းပါး
Spare Part,RM,N5,No,TL,"ORG , BLK",RM-N5-TL-ORG -BLK,RM-N5-TL-ORG -BLK,"RM N5 - NO TL (ORG , BLK)",TL,Xiaomi,,,28500,1,2,27500,38000,37000,2,1 Month Warranty ,Box1,Active (ရောင်းမည်),,🆕 အသစ်/မရောင်းရသေး
Spare Part,RM,N7,NO,TL,"ORG , BLK",RM-N7-TL-ORG -BLK,RM-N7-TL-ORG -BLK,"RM N7 - NO TL (ORG , BLK)",TL,Xiaomi,,,29500,3,5,29500,37000,36000,2,1 Month Warranty ,Box1,Active (ရောင်းမည်),,🛒 အရောင်းပါး
Spare Part,RM,N8PRO,NO,TL,"ORG , BLK",RM-N8PRO-TL-ORG -BLK,RM-N8PRO-TL-ORG -BLK,"RM N8PRO - NO TL (ORG , BLK)",TL,Xiaomi,,,31500,0,5,31321,39000,38000,2,1 Month Warranty ,Box1,Active (ရောင်းမည်),,🛒 အရောင်းပါး
Spare Part,RM,N94G,RM N94G/9T,TL,"ORG , BLK",RM-N94G-TL-ORG -BLK,RM-N94G-TL-ORG -BLK,"RM N94G - RM N94G/9T TL (ORG , BLK)",TL,Xiaomi,,,30000,1,4,30714,38000,38000,2,1 Month Warranty ,Box1,Active (ရောင်းမည်),,🛒 အရောင်းပါး
Spare Part,RM,N9,RM N9/10X4G,TL,"ORG , BLK",RM-N9-TL-ORG -BLK,RM-N9-TL-ORG -BLK,"RM  N9/10X4G TL (ORG , BLK)",TL,Xiaomi,,,31500,2,5,30500,37000,37000,2,1 Month Warranty ,Box1,Active (ရောင်းမည်),,🛒 အရောင်းပါး
Spare Part,RM,N9PRO(5G),NO,TL,"MA , BLK",RM-N9PRO(5G)-TL-MA -BLK,RM-N9PRO(5G)-TL-MA -BLK,"RM N9PRO(5G) - NO TL (MA , BLK)",TL,Xiaomi,,,37100,2,4,35050,43000,41000,2,1 Month Warranty ,Box1,Active (ရောင်းမည်),,🆕 အသစ်/မရောင်းရသေး
Spare Part,RM,N104G,RM N104G/10S,TL,BLK,RM-N104G-TL-BLK,RM-N104G-TL-BLK TFT,RM N104G -N10S TFT,TL,Xiaomi,,,47000,1,3,38667,55000,50000,2,1 Month Warranty ,Box1,Active (ရောင်းမည်),,🆕 အသစ်/မရောင်းရသေး
Spare Part,RM,N105G,NO,TL,BLK,RM-N105G-TL-BLK,RM-N105G-TL-BLK,RM N105G - NO TL (BLK),TL,Xiaomi,,,33000,2,6,33375,40000,40000,2,1 Month Warranty ,Box1,Active (ရောင်းမည်),,🛒 အရောင်းပါး
Spare Part,RM,N10PRO5G,No,TL,"ORG , BLK",RM-N10PRO5G-TL-ORG -BLK,RM-N10PRO5G-TL-ORG -BLK,"RM N10PRO5G - NO TL (ORG , BLK)",TL,Xiaomi,,,37000,1,0,37250,47000,42000,2,1 Month Warranty ,Box1,Active (ရောင်းမည်),,🛒 အရောင်းပါး
Spare Part,RM,N10PRO N11EPRO AMOLED,RM N10PRO/N11EPRO AMOLED,TL,BLK,RM-N10PRO4G-TL-BLK,RM-N10PRO-TL-BLK,RM N10PRO4G N11EPRO TL AMOLED,TL,Xiaomi,,,37000,0,5,50250,134000,130000,3,1 Month Warranty ,Box1,Active (ရောင်းမည်),,🛒 အရောင်းပါး
Spare Part,RM,10(5G),NO,TL,BLK,RM-10(5G)-TL-BLK,RM-10(5G)-TL-BLK,RM 10(5G) - NO TL (BLK),TL,Xiaomi,,,32500,1,6,36000,42000,41000,2,1 Month Warranty ,Box1,Active (ရောင်းမည်),,🆕 အသစ်/မရောင်းရသေး
Spare Part,RM,N11/11S,NO,TL,BLK,RM-11/11S-TL-BLK,RM-N11/11S-TL-BLK,RM N11/11S - NO TL (BLK),TL,Xiaomi,,,45000,1,7,37563,47000,46000,2,1 Month Warranty ,Box1,Active (ရောင်းမည်),,🛒 အရောင်းပါး
Spare Part,RM,N115G,NO,TL,"MA , BLK",RM-N115G-TL-MA -BLK,RM-N115G-TL-MA -BLK,"RM N115G - NO TL (MA , BLK)",TL,Xiaomi,,,40000,1,4,41375,49000,48000,2,1 Month Warranty ,Box1,Active (ရောင်းမည်),,🆕 အသစ်/မရောင်းရသေး
Spare Part,RM,N12,NO,TL,BLK,RM-N12-TL-BLK,RM-N12-TL-BLK,RM N12 - NO TL TFT,TL,Xiaomi,,,37000,2,3,37000,47000,48000,2,1 Month Warranty ,Box1,Active (ရောင်းမည်),,🛒 အရောင်းပါး
Spare Part,RM,N12PRO5G,NO,TL,BLK,RM-N12PRO5G-TL-BLK,RM-N12PRO5G-TL-BLK,RM N12PRO5G - NO TL TFT,TL,Xiaomi,,,37000,0,3,38000,47000,44000,2,1 Month Warranty ,Box1,Active (ရောင်းမည်),,🛒 အရောင်းပါး
Spare Part,OP,NERO5,NO,TL,"ORG , BLK",OP-NERO5-TL-ORG -BLK,OP-NERO5-TL-ORG -BLK,"OP NERO5 - NO TL (ORG , BLK)",TL,OPPO,,,25000,1,1,25000,27000,27000,2,1 Month Warranty ,Box1,Active (ရောင်းမည်),,🆕 အသစ်/မရောင်းရသေး
Spare Part,OP,NERO5,NO,TL,"ORG , WHT",OP-NERO5-TL-ORG -WHT,OP-NERO5-TL-ORG -WHT,"OP NERO5 - NO TL (ORG , WHT)",TL,OPPO,,,25000,1,1,25000,27000,27000,2,1 Month Warranty ,Box1,Active (ရောင်းမည်),,🆕 အသစ်/မရောင်းရသေး
Spare Part,OP,A3S,OPA5/REALME C1,TL,"ORG , BLK",OP-A3S-TL-ORG -BLK,OP-A3S-TL-ORG -BLK,"OP A3S - OPA5/REALME C1 TL (ORG , BLK)",TL,OPPO,,,29500,1,5,28577,37000,36000,2,1 Month Warranty ,Box1,Active (ရောင်းမည်),,🛒 အရောင်းပါး
Spare Part,OP,A5S,No,TL,"ORG , BLK",OP-A5S-TL-ORG -BLK,OP-A5S-TL-ORG -BLK,"OP A5S - NO TL (ORG , BLK)",TL,OPPO,,,29500,2,7,29727,37000,36500,2,1 Month Warranty ,Box1,Active (ရောင်းမည်),,🛒 အရောင်းပါး
Spare Part,OP,A1K,No,TL,BLK,OP-A1K-TL-BLK,OP-A1K-TL-BLK,OP A1K - NO TL (BLK),TL,OPPO,,,36000,,9,28583,37000,36000,2,1 Month Warranty ,Box1,Active (ရောင်းမည်),,🛒 အရောင်းပါး
Spare Part,OP,A16,No,TL,BLK,OP-A16-TL-BLK,OP-A16-TL-BLK,OP A16 - NO TL (BLK),TL,OPPO,,,28500,1,4,28400,37000,37000,2,1 Month Warranty ,Box1,Active (ရောင်းမည်),,🛒 အရောင်းပါး
Spare Part,OP,A83,OP F5Lite,TL,WHT,OP-A83-TL-WHT,OP-A83-TL-WHT,OP A83 - OP F5LITE TL (WHT),TL,OPPO,,,35000,0,2,32000,37500,37000,2,1 Month Warranty ,Box1,Active (ရောင်းမည်),,🆕 အသစ်/မရောင်းရသေး
Spare Part,OP,A71,No,TL,"ORG , WHT",OP-A71-TL-ORG -WHT,OP-A71-TL-ORG -WHT,"OP A71 - NO TL (ORG , WHT)",TL,OPPO,,,32000,3,2,32000,37000,36500,2,1 Month Warranty ,Box1,Active (ရောင်းမည်),,🆕 အသစ်/မရောင်းရသေး
Spare Part,OP,A53(5G),No,TL,"ORG , BLK",OP-A53(5G)-TL-ORG -BLK,OP-A53(5G)-TL-ORG -BLK,"OP A53(5G) - NO TL (ORG , BLK)",TL,OPPO,,,39000,3,2,39000,44000,43000,2,1 Month Warranty ,Box1,Active (ရောင်းမည်),,🛒 အရောင်းပါး
Spare Part,OP,A52,A72(4G),TL,"ORG , BLK",OP-A52-TL-ORG -BLK,OP-A52-TL-ORG -BLK,"OP A52 - A72(4G) TL (ORG , BLK)",TL,OPPO,,,36500,3,5,34100,42000,42000,2,1 Month Warranty ,Box1,Active (ရောင်းမည်),,🆕 အသစ်/မရောင်းရသေး
Spare Part,OP,A54(4G),A55(4G),TL,"ORG , BLK",OP-A54(4G)-TL-ORG -BLK,OP-A54(4G)-TL-ORG -BLK,"OP A54(4G) - A55(4G) TL (ORG , BLK)",TL,OPPO,,,35000,8,13,33192,40000,39000,2,1 Month Warranty ,Box1,Active (ရောင်းမည်),,🆕 အသစ်/မရောင်းရသေး
Spare Part,OP,F3PLUS,No,TL,"ORG , WHT",OP-F3PLUS-TL-ORG -WHT,OP-F3PLUS-TL-ORG -WHT,"OP F3PLUS - NO TL (ORG , WHT)",TL,OPPO,,,35000,1,1,35000,39000,38000,2,1 Month Warranty ,Box1,Active (ရောင်းမည်),,🆕 အသစ်/မရောင်းရသေး
Spare Part,OP,F15,OPF17,TL,"ORG , BLK",OP-F15-TL-ORG -BLK,OP-F15-TL-ORG -BLK,"OP F15 - OPF17 TL (ORG , BLK)",TL,OPPO,,,34000,1,0,34000,41000,50000,2,1 Month Warranty ,Box1,Active (ရောင်းမည်),,🛒 အရောင်းပါး
Spare Part,OP,oppo f19 Tft,No,TL,BLK,RM-F19-TL-ORG -BLK,-F19-TL-ORG -BLK,oppo f19,TL,OPPO,,,35000,2,1,35000,40000,39000,2,1 Month Warranty ,Box1,Active (ရောင်းမည်),,🆕 အသစ်/မရောင်းရသေး
Spare Part,OP,F11,OPA9,TL,"ORG , BLK",OP-F11-TL-ORG -BLK,OP-F11-TL-ORG -BLK,"OP F11 - OPA9 TL (ORG , BLK)",TL,OPPO,,,30000,1,2,29625,38000,38000,2,1 Month Warranty ,Box1,Active (ရောင်းမည်),,🆕 အသစ်/မရောင်းရသေး
Spare Part,OP,F11PRO,No,TL,"ORG , BLK",OP-F11PRO-TL-ORG -BLK,OP-F11PRO-TL-ORG -BLK,"OP F11PRO - NO TL (ORG , BLK)",TL,OPPO,,,40000,4,4,40000,44000,44000,2,1 Month Warranty ,Box1,Active (ရောင်းမည်),,🆕 အသစ်/မရောင်းရသေး
Spare Part,OP,C30,Realme C33,TL,"ORG , BLK",OP-C30-TL-ORG -BLK,OP-C30-TL-ORG -BLK,"OP C30 - REALME C33 TL (ORG , BLK)",TL,REALME,,,35000,2,2,35000,38500,38000,2,1 Month Warranty ,Box1,Active (ရောင်းမည်),,🆕 အသစ်/မရောင်းရသေး
Spare Part,OP,C51,REALME C53/N50,TL,"ORG , BLK",OP-C51-TL-ORG -BLK,OP-C51-TL-ORG -BLK,"OP C51 - REALME C53/N50 TL (ORG , BLK)",TL,REALME,,,29500,0,3,31650,37500,37000,2,1 Month Warranty ,Box1,Active (ရောင်းမည်),,🛒 အရောင်းပါး
Spare Part,OP,C35,REALME C31,TL,"ORG , BLK",OP-C35-TL-ORG -BLK,OP-C35-TL-ORG -BLK,"OP C35 - REALME C31 TL (ORG , BLK)",TL,REALME,,,33500,1,2,36000,37000,36500,2,1 Month Warranty ,Box1,Active (ရောင်းမည်),,🆕 အသစ်/မရောင်းရသေး
Spare Part,OP,C11,OP A12/A15,TL,"ORG , BLK",OP-C11-TS-ORG -BLK,,"OP C11 - OP A12/A15/A16K TL(ORG , BLK)",TL,REALME,,,29000,4,7,29500,37000,36000,2,1 Month Warranty ,Box1,Active (ရောင်းမည်),,🛒 အရောင်းပါး
,,,,,,,,,,,,,,,,,,,,,,,,
Spare Part,OP,C20,REALME C21/C11,TL,"ORG , BLK",OP-C20-TL-ORG -BLK,OP-C20-TL-ORG -BLK,"OP C20 - REALME C21/C11 TL (ORG , BLK)",TL,REALME,,,30000,3,1,30000,36500,36000,,1 Month Warranty ,Box1,Active (ရောင်းမည်),,🛒 အရောင်းပါး
Spare Part,OP,C67(4G),No,TL,"ORG , BLK",OP-C67(4G)-TL-ORG -BLK,OP-C67(4G)-TL-ORG -BLK,"OP C67(4G) - NO TL (ORG , BLK)",TL,REALME,,,39000,1,0,39000,43500,43000,2,1 Month Warranty ,Box1,Active (ရောင်းမည်),,🆕 အသစ်/မရောင်းရသေး
Spare Part,OP,C65/A3X,NO,TL,BLK,OP-C65-TL-BLK,OP-C65/A3X-TL-BLK,OP C65/A3X - NO TL (BLK),TL,REALME,,,29500,1,2,29500,42000,41000,2,1 Month Warranty ,Box1,Active (ရောင်းမည်),,🆕 အသစ်/မရောင်းရသေး
Spare Part,OP,R15X,OP K1/K5/RENO Z/REALME X2,TL,"ORG , BLK",OP-R15X-TL-ORG -BLK,OP-R15X-TL-ORG -BLK,"OP R15X - RENO Z TL (ORG , BLK)",TL,REALME,,,100000,1,1,100000,120000,120000,2,1 Month Warranty ,Box1,Active (ရောင်းမည်),,🆕 အသစ်/မရောင်းရသေး
Spare Part,OP,A17,OP A57 (5G)/ A17K/A17/A18,TL,"ORG , BLK",OP-A17-TL-ORG -BLK,OP-A17-TL-ORG -BLK,"OP A17 - OP A57 (5G)/ A17K/A17/A18 TL (ORG , BLK)",TL,REALME,,,30000,1,11,29500,37000,36000,2,1 Month Warranty ,Box1,Active (ရောင်းမည်),,🛒 အရောင်းပါး
Spare Part,VV,Y11,Vv Y3 /Y12/Y15,TL,"ORG , BLK",VV-Y11-TL-ORG -BLK,VV-Y11-TL-ORG -BLK,"VV Y11 - VV Y3 /Y12/Y15 TL (ORG , BLK)",TL,Vivo,,,29000,0,13,30733,38000,37000,2,1 Month Warranty ,Box1,Active (ရောင်းမည်),,🛒 အရောင်းပါး
Spare Part,VV,V15,Vv S1,TL,BLK,VV-V15-TL-BLK,VV-V15-TL-BLK,VV V15 - VV S1 TL (BLK),TL,Vivo,,,42500,2,0,42500,49000,47000,2,1 Month Warranty ,Box1,Active (ရောင်းမည်),,🛒 အရောင်းပါး
Spare Part,VV,Y91,VV Y90/Y93/Y95,TL,"ORG , BLK",VV-Y91-TL-ORG -BLK,VV-Y91-TL-ORG -BLK,"VV Y91 - VV Y90/Y93/Y95 TL (ORG , BLK)",TL,Vivo,,,29000,0,15,28861,38000,38000,2,1 Month Warranty ,Box1,Active (ရောင်းမည်),,🛒 အရောင်းပါး
Spare Part,VV,Y81,Vv Y83/Y81i,TL,"ORG , BLK",VV-Y81-TL-ORG -BLK,VV-Y81-TL-ORG -BLK,"VV Y81 - VV Y83/Y81I TL (ORG , BLK)",TL,Vivo,,,32000,7,5,32000,38000,36000,2,1 Month Warranty ,Box1,Active (ရောင်းမည်),,🛒 အရောင်းပါး
Spare Part,VV,V9,Vv Y85A,TL,"ORG , BLK",VV-V9-TL-ORG -BLK,VV-V9-TL-ORG -BLK,"VV V9 - VV Y85A TL (ORG , BLK)",TL,Vivo,,,36700,1,4,31100,40000,39000,2,1 Month Warranty ,Box1,Active (ရောင်းမည်),,🛒 အရောင်းပါး
Spare Part,VV,Y22,Vv Y22s/Y17s,TL,"ORG , BLK",VV-Y22-TL-ORG -BLK,VV-Y22-TL-ORG -BLK,"VV Y22 - VV Y22S/Y17S TL (ORG , BLK)",TL,Vivo,,,33000,2,2,38000,39000,37000,2,1 Month Warranty ,Box1,Active (ရောင်းမည်),,🆕 အသစ်/မရောင်းရသေး
Spare Part,VV,Y21S,Vv Y15S/Y21,TL,"ORG , BLK",VV-Y21S-TL-ORG -BLK,VV-Y21S-TL-ORG -BLK,"VV Y21S - VV Y15S/Y21 TL (ORG , BLK)",TL,Vivo,,,34000,1,6,36571,42000,42000,2,1 Month Warranty ,Box1,Active (ရောင်းမည်),,🛒 အရောင်းပါး
Spare Part,VV,Y20,VV Y20S/Y12S/Y01/Y20I,TL,"ORG , BLK",VV-Y20-TL-ORG -BLK,VV-Y20-TL-ORG -BLK,"VV Y20 - VV Y20S/Y12S/Y01/Y20I TL (ORG , BLK)",TL,Vivo,,,34000,0,7,28808,37000,36000,2,1 Month Warranty ,Box1,Active (ရောင်းမည်),,🛒 အရောင်းပါး
Spare Part,VV,Y66,No,TL,"MA , WHT",VV-Y66-TL-MA -WHT,VV-Y66-TL-MA -WHT,"VV Y66 - NO TL (MA , WHT)",TL,Vivo,,,29000,0,4,27957,37000,37000,2,1 Month Warranty ,Box1,Active (ရောင်းမည်),,🛒 အရောင်းပါး
,,,,,,,,,,,,,,,,,,,,,,,,
,,,,,,,,,,,,,,,,,,,,,,,,
Spare Part,VV,Y19,Vv Y5S,TL,"MA , BLK",VV-Y19-TL-MA -BLK,VV-Y19-TL-MA -BLK,"VV Y19 - VV Y5S TL (MA , BLK)",TL,Vivo,,,33000,2,1,31667,38000,37000,2,1 Month Warranty ,Box1,Active (ရောင်းမည်),,✅ ပုံမှန်
Spare Part,VV,Y22(5G),NO,TL,BLK,VV-Y22(5G)-TL-BLK,VV-Y22(5G)-TL-BLK,VV Y22(5G) - NO TL (BLK),TL,Vivo,,,35000,3,1,0,39000,38000,2,1 Month Warranty ,Box1,Active (ရောင်းမည်),,🆕 အသစ်/မရောင်းရသေး
Spare Part,VV,V5LITE,NO,TL,"ORG , WHT",VV-V5LITE-TL-ORG -WHT,VV-V5LITE-TL-ORG -WHT,"VV V5LITE - NO TL (ORG , WHT)",TL,Vivo,,,30000,3,3,30000,37000,36000,2,1 Month Warranty ,Box1,Active (ရောင်းမည်),,🆕 အသစ်/မရောင်းရသေး
Spare Part,VV,V5LITE,NO,TL,"ORG , BLK",VV-V5LITE-TL-ORG -BLK,VV-V5LITE-TL-ORG -BLK,"VV V5LITE - NO TL (ORG , BLK)",TL,Vivo,,,30000,3,3,30000,37000,36000,2,1 Month Warranty ,Box1,Active (ရောင်းမည်),,🆕 အသစ်/မရောင်းရသေး
Spare Part,VV,Y30,Y30i,TL,"ORG , BLK",VV-Y30-TL-ORG -BLK,VV-Y30-TL-ORG -BLK,"VV Y30 - Y30I TL (ORG , BLK)",TL,Vivo,,,38000,1,0,38000,42000,42000,2,1 Month Warranty ,Box1,Active (ရောင်းမည်),,🆕 အသစ်/မရောင်းရသေး
Spare Part,VV,Y02S,No,TL,"ORG , BLK",VV-Y02S-TL-ORG -BLK,VV-Y02S-TL-ORG -BLK,"VV Y02S - NO TL (ORG , BLK)",TL,Vivo,,,36500,1,1,38000,41000,40000,2,1 Month Warranty ,Box1,Active (ရောင်းမည်),,🆕 အသစ်/မရောင်းရသေး
Spare Part,VV,Y53,No,TL,"ORG , BLK",VV-Y53-TL-ORG -BLK,VV-Y53-TL-ORG -BLK,"VV Y53 - NO TL (ORG , BLK)",TL,Vivo,,,35000,1,1,35000,37000,36000,2,1 Month Warranty ,Box1,Active (ရောင်းမည်),,🆕 အသစ်/မရောင်းရသေး
Spare Part,VV,Y51(OLD),No,TL,"ORG , WHT",VV-Y51-TL-ORG -WHT,VV-Y51(OLD)-TL-ORG -WHT,"VV Y51(OLD) - NO TL (ORG , WHT)",TL,Vivo,,,38000,0,1,38000,45000,42000,2,1 Month Warranty ,Box1,Active (ရောင်းမည်),,🆕 အသစ်/မရောင်းရသေး
Spare Part,VV,V11i,Vv Y97,TL,"ORG , BLK",VV-V11i-TL-ORG -BLK,VV-V11i-TL-ORG -BLK,"VV V11I - VV Y97 TL (ORG , BLK)",TL,Vivo,,,35000,2,2,35000,39000,38000,2,1 Month Warranty ,Box1,Active (ရောင်းမည်),,🆕 အသစ်/မရောင်းရသေး
Spare Part,VV,V7PLUS,No,TL,"ORG , WHT",VV-V7PLUS-TL-ORG -WHT,VV-V7PLUS-TL-ORG -WHT,"VV V7PLUS - NO TL (ORG , WHT)",TL,Vivo,,,35000,1,1,34500,38000,37000,2,1 Month Warranty ,Box1,Active (ရောင်းမည်),,🛒 အရောင်းပါး
Spare Part,VV,Y55,No,TL,"ORG , BLK",VV-Y55-TL-ORG -BLK,VV-Y55-TL-ORG -BLK,"VV Y55 - NO TL (ORG , BLK)",TL,Vivo,,,35000,1,2,31000,45000,42000,2,1 Month Warranty ,Box1,Active (ရောင်းမည်),,🛒 အရောင်းပါး
Spare Part,VV,Y50,NO,TL,"ORG , BLK",VV-Y50-TL-ORG -BLK,VV-Y50-TL-ORG -BLK,"VV Y50 - NO TL (ORG , BLK)",TL,Vivo,,,38000,2,1,38000,45000,42000,2,1 Month Warranty ,Box1,Active (ရောင်းမည်),,🛒 အရောင်းပါး
Spare Part,VV,Y51,NO,TL,"ORG , BLK",VV-Y51-TL-ORG -BLK,VV-Y51-TL-ORG -BLK,"VV Y51 - NO TL (ORG , BLK)",TL,Vivo,,,38000,1,1,37100,45000,44000,2,1 Month Warranty ,Box1,Active (ရောင်းမည်),,🆕 အသစ်/မရောင်းရသေး
Spare Part,VV,Y33S,VV Y76S/Y76(5G),TL,"ORG , BLK",VV-Y33S-TL-ORG -BLK,VV-Y33S-TL-ORG -BLK,"VV Y33S - VV Y76S/Y76(5G) TL (ORG , BLK)",TL,Vivo,,,38000,21,21,37130,45000,44000,2,1 Month Warranty ,Box1,Active (ရောင်းမည်),,🛒 အရောင်းပါး
Spare Part,HW,Y5 (17),NO,TL,"ORG , WHT",HW-Y5 (17)-TL-ORG -WHT,HW-Y5 (17)-TL-ORG -WHT,"HW Y5 (17) - NO TL (ORG , WHT)",TL,HUAWEI,,,25000,4,4,25000,32000,32000,2,1 Month Warranty ,Box1,Active (ရောင်းမည်),,🆕 အသစ်/မရောင်းရသေး
Spare Part,OP,R15X,REALME X2,TL,"MA , BLK",OP-R15X-TL-MA -BLK,OP-R15X-TL-MA -BLK,"OP R15X - REALME X2 TL (MA , BLK)",TL,OPPO,,,45000,4,4,45000,60000,59000,2,1 Month Warranty ,Box1,Active (ရောင်းမည်),,🆕 အသစ်/မရောင်းရသေး
Spare Part,HW,Y5(17),No,TL,"ORG , BLK",HW-Y5(17)-TL-ORG -BLK,HW-Y5(17)-TL-ORG -BLK,"HW Y5(17) - NO TL (ORG , BLK)",TL,HUAWEI,,,25000,3,3,25000,32000,27500,2,1 Month Warranty ,Box1,Active (ရောင်းမည်),,🆕 အသစ်/မရောင်းရသေး
Spare Part,HW,P30LITE,Nova4e,TL,"ORG , BLK",HW-P30LITE-TL-ORG -BLK,HW-P30LITE-TL-ORG -BLK,"HW P30LITE - NOVA4E TL (ORG , BLK)",TL,HUAWEI,,,37000,1,-1,37000,43000,40700,2,1 Month Warranty ,Box1,Active (ရောင်းမည်),,🆕 အသစ်/မရောင်းရသေး
Spare Part,HW,Y52,No,TL,"ORG , BLK",HW-Y52-TL-ORG -BLK,HW-Y52-TL-ORG -BLK,"HW Y52 - NO TL (ORG , BLK)",TL,HUAWEI,,,25000,2,2,25000,29000,27500,2,1 Month Warranty ,Box1,Active (ရောင်းမည်),,🆕 အသစ်/မရောင်းရသေး
Spare Part,HW,Y52,No,TL,"ORG , WHT",HW-Y52-TL-ORG -WHT,HW-Y52-TL-ORG -WHT,"HW Y52 - NO TL (ORG , WHT)",TL,HUAWEI,,,25000,2,2,25000,29000,27500,2,1 Month Warranty ,Box1,Active (ရောင်းမည်),,🆕 အသစ်/မရောင်းရသေး
Spare Part,HW,NOVA3E,HW P20LITE,TL,"ORG , BLK",HW-NOVA3E-TL-ORG -BLK,HW-NOVA3E-TL-ORG -BLK,"HW NOVA3E - HW P20LITE TL (ORG , BLK)",TL,HUAWEI,,,38000,2,2,38000,44000,42000,2,1 Month Warranty ,Box1,Active (ရောင်းမည်),,🆕 အသစ်/မရောင်းရသေး
Spare Part,HW,V9PLAY,Honor 6C,TL,"ORG , BLK",HW-V9PLAY-TL-ORG -BLK,HW-V9PLAY-TL-ORG -BLK,"HW V9PLAY - HONOR 6C TL (ORG , BLK)",TL,HUAWEI,,,42400,7,7,35000,49000,47000,2,1 Month Warranty ,Box1,Active (ရောင်းမည်),,🆕 အသစ်/မရောင်းရသေး
Spare Part,HW,ENJOY7,No,TL,"ORG , WHT",HW-ENJOY7-TL-ORG -WHT,HW-ENJOY7-TL-ORG -WHT,"HW ENJOY7 - NO TL (ORG , WHT)",TL,HUAWEI,,,30000,4,4,30000,35000,34000,2,1 Month Warranty ,Box1,Active (ရောင်းမည်),,🆕 အသစ်/မရောင်းရသေး
Spare Part,HW,NOVA7SE,No,TL,"ORG , BLK",HW-NOVA7SE-TL-ORG -BLK,HW-NOVA7SE-TL-ORG -BLK,"HW NOVA7SE - NO TL (ORG , BLK)",TL,HUAWEI,,,40000,6,6,40000,46000,44000,2,1 Month Warranty ,Box1,Active (ရောင်းမည်),,🆕 အသစ်/မရောင်းရသေး
Spare Part,HW,Y7A,No,TL,"ORG , BLK",HW-Y7A-TL-ORG -BLK,HW-Y7A-TL-ORG -BLK,"HW Y7A - NO TL (ORG , BLK)",TL,HUAWEI,,,34000,3,2,34000,40000,38000,2,1 Month Warranty ,Box1,Active (ရောင်းမည်),,🆕 အသစ်/မရောင်းရသေး
Spare Part,HW,NOVA2I,No,TL,"ORG , WHT",HW-NOVA2I-TL-ORG -WHT,HW-NOVA2I-TL-ORG -WHT,"HW NOVA2I - NO TL (ORG , WHT)",TL,HUAWEI,,,40000,5,5,40000,46000,44000,2,1 Month Warranty ,Box1,Active (ရောင်းမည်),,🆕 အသစ်/မရောင်းရသေး
Spare Part,HW,NOVA3I,MATE20LITE,TL,"ORG , BLK",HW-NOVA3I-TL-ORG -BLK,HW-NOVA3I-TL-ORG -BLK,"HW NOVA3I - MATE20LITE TL (ORG , BLK)",TL,HUAWEI,,,40000,1,5,37080,45000,44000,2,1 Month Warranty ,Box1,Active (ရောင်းမည်),,🆕 အသစ်/မရောင်းရသေး
Spare Part,HW,NOVA8I,NOVA9Z,TL,"ORG , BLK",HW-NOVA8I-TL-ORG -BLK,HW-NOVA8I-TL-ORG -BLK,"HW NOVA8I - NOVA9Z TL (ORG , BLK)",TL,HUAWEI,,,40000,1,1,40000,46000,44000,2,1 Month Warranty ,Box1,Active (ရောင်းမည်),,🆕 အသစ်/မရောင်းရသေး
Spare Part,HW,Y6PRO(17),NO,TL,"ORG , BLK",HW-Y6PRO(17)-TL-ORG -BLK,HW-Y6PRO(17)-TL-ORG -BLK,"HW Y6PRO(17) - NO TL (ORG , BLK)",TL,HUAWEI,,,33000,2,2,33000,38000,36300,2,1 Month Warranty ,Box1,Active (ရောင်းမည်),,🆕 အသစ်/မရောင်းရသေး
Spare Part,HW,Y6P,No,TL,"ORG , BLK",HW-Y6P-TL-ORG -BLK,HW-Y6P-TL-ORG -BLK,"HW Y6P - NO TL (ORG , BLK)",TL,HUAWEI,,,36000,2,1,36000,42000,40000,2,1 Month Warranty ,Box1,Active (ရောင်းမည်),,🛒 အရောင်းပါး
Spare Part,HW,Y9(18),MATE10LITE,TL,"ORG , BLK",HW-Y9(18)-TL-ORG -BLK,HW-Y9(18)-TL-ORG -BLK,"HW Y9(18) - MATE10LITE TL (ORG , BLK)",TL,HUAWEI,,,39000,3,2,39000,45000,42900,2,1 Month Warranty ,Box1,Active (ရောင်းမည်),,🆕 အသစ်/မရောင်းရသေး
Spare Part,HW,Y7(19),HONOR7C/NOVA2LITE,TL,"ORG , BLK",HW-Y7(19)-TL-ORG -BLK,HW-Y7(19)-TL-ORG -BLK,"HW Y7(19) - HONOR7C/NOVA2LITE TL (ORG , BLK)",TL,HUAWEI,,,35000,1,1,35000,41000,38500,2,1 Month Warranty ,Box1,Active (ရောင်းမည်),,🆕 အသစ်/မရောင်းရသေး
Spare Part,HW,Y9PRIME,No,TL,"ORG , BLK",HW-Y9PRIME-TL-ORG -BLK,HW-Y9PRIME-TL-ORG -BLK,"HW Y9PRIME - NO TL (ORG , BLK)",TL,HUAWEI,,,36500,1,1,36500,42000,40150,2,1 Month Warranty ,Box1,Active (ရောင်းမည်),,🆕 အသစ်/မရောင်းရသေး
Spare Part,HW,Y7PRO(19),No,TL,"ORG , BLK",HW-Y7PRO(19)-TL-ORG -BLK,HW-Y7PRO(19)-TL-ORG -BLK,"HW Y7PRO(19) - NO TL (ORG , BLK)",TL,HUAWEI,,,37000,1,1,37000,43000,40700,2,1 Month Warranty ,Box1,Active (ရောင်းမည်),,🆕 အသစ်/မရောင်းရသေး
Spare Part,HW,Y8P,PLAY4TPRO/TPRO20LITE,TL,"MA , BLK",HW-Y8P-TL-MA -BLK,HW-Y8P-TL-MA -BLK,"HW Y8P - PLAY4TPRO/TPRO20LITE TL (MA , BLK)",TL,HUAWEI,,,37000,1,1,37000,43000,40700,2,1 Month Warranty ,Box1,Active (ရောင်းမည်),,🆕 အသစ်/မရောင်းရသေး
Spare Part,HW,Y5PRIME,No,TL,BLK,HW-Y5PRIME-TL-BLK,HW-Y5PRIME-TL-BLK,HW Y5PRIME - NO TL (BLK),TL,HUAWEI,,,27500,1,1,27500,32000,30000,2,1 Month Warranty ,Box1,Active (ရောင်းမည်),,🆕 အသစ်/မရောင်းရသေး
Spare Part,TN,SPARK5,SPARK5PRO,TL,"ORG , BLK",TN-SPARK5-TL-ORG -BLK,TN-SPARK5-TL-ORG -BLK,"TN SPARK5 - SPARK5PRO TL (ORG , BLK)",TL,TECNO,,,36000,4,4,33000,40000,39000,2,1 Month Warranty ,Box1,Active (ရောင်းမည်),,🆕 အသစ်/မရောင်းရသေး
Spare Part,TN,SPARK5AIR,SPARK6AIR,TL,BLK,TN-SPARK5AIR-TL-BLK,TN-SPARK5AIR-TL-BLK,TN SPARK5AIR - SPARK6AIR TL (BLK),TL,TECNO,,,33000,2,4,34500,40000,39000,2,1 Month Warranty ,Box1,Active (ရောင်းမည်),,🆕 အသစ်/မရောင်းရသေး
Spare Part,TN,SPARK7,SPARK7T/SPARK8,TL,BLK,TN-SPARK7-TL-BLK,TN-SPARK7-TL-BLK,TN SPARK7 - SPARK7T/SPARK8 TL (BLK),TL,TECNO,,,29500,2,5,29500,37000,36000,2,1 Month Warranty ,Box1,Active (ရောင်းမည်),,✅ ပုံမှန်
Spare Part,TN,SPARK8C,SMART6/SPARK 9/S9T/HOT20I/HOT12I,TL,BLK,TN-SPARK8C-TL-BLK,TN-SPARK8C-TL-BLK,TN SPARK8C - SMART6/SPARK 9/S9T/HOT20I/HOT12I TL (BLK),TL,TECNO,,,29500,6,9,29500,37000,36000,2,1 Month Warranty ,Box1,Active (ရောင်းမည်),,🛒 အရောင်းပါး
Spare Part,TN,POP5LITE,GO2022/SM6,TL,"MA , BLK",TN-POP5LITE-TL-MA -BLK,TN-POP5LITE-TL-MA -BLK,"TN POP5LITE - GO2022/SM6 TL (MA , BLK)",TL,TECNO,,,30500,1,7,30500,37500,36500,2,1 Month Warranty ,Box1,Active (ရောင်းမည်),,🛒 အရောင်းပါး
Spare Part,TN,POVA2,POVA3,TL,BLK,TN-POVA2-TL-BLK,TN-POVA2-TL-BLK,TN POVA2 - POVA3 TL (BLK),TL,TECNO,,,37000,1,3,38667,44000,43000,2,1 Month Warranty ,Box1,Active (ရောင်းမည်),,🆕 အသစ်/မရောင်းရသေး
Spare Part,TN,POVANEO,No,TL,"ORG , BLK",TN-POVANEO-TL-ORG -BLK,TN-POVANEO-TL-ORG -BLK,"TN POVANEO - NO TL (ORG , BLK)",TL,TECNO,,,32000,2,2,31000,43000,42000,2,1 Month Warranty ,Box1,Active (ရောင်းမည်),,🆕 အသစ်/မရောင်းရသေး
Spare Part,TN,Spark6,POVA,TL,"ORG , BLK",TN-Spark6-TL-ORG -BLK,TN-Spark6-TL-ORG -BLK,"TN SPARK6 - POVA TL (ORG , BLK)",TL,TECNO,,,39200,,2,34500,37000,36000,2,1 Month Warranty ,Box1,Active (ရောင်းမည်),,🛒 အရောင်းပါး
Spare Part,TN,SPARK10PRO,POVA5,TL,"ORG , BLK",TN-SPARK10PRO-TL-ORG -BLK,TN-SPARK10PRO-TL-ORG -BLK,"TN SPARK10PRO - POVA5 TL (ORG , BLK)",TL,TECNO,,,39500,2,11,36143,47000,46000,2,1 Month Warranty ,Box1,Active (ရောင်းမည်),,🛒 အရောင်းပါး
Spare Part,TN,SPARKGO23,SPARK10C/HOT30I/POP7/SP10,TL,"ORG , BLK",TN-SPARKGO23-TL-ORG -BLK,TN-SPARKGO23-TL-ORG -BLK,"TN SPARKGO23 - SPARK10C/HOT30I/POP7/SP10 TL (ORG , BLK)",TL,TECNO,,,30500,1,12,31250,38000,38000,2,1 Month Warranty ,Box1,Active (ရောင်းမည်),,🛒 အရောင်းပါး
Spare Part,TN,POVA4,No,TL,"ORG , BLK",TN-POVA4-TL-ORG -BLK,TN-POVA4-TL-ORG -BLK,"TN POVA4 - NO TL (ORG , BLK)",TL,TECNO,,,39000,6,7,39000,45000,44000,2,1 Month Warranty ,Box1,Active (ရောင်းမည်),,🆕 အသစ်/မရောင်းရသေး
Spare Part,TN,POP4,No,TL,"ORG , BLK",TN-POP4-TL-ORG -BLK,TN-POP4-TL-ORG -BLK,"TN POP4 - NO TL (ORG , BLK)",TL,TECNO,,,38000,1,1,40000,38000,37000,2,1 Month Warranty ,Box1,Active (ရောင်းမည်),,🆕 အသစ်/မရောင်းရသေး
Spare Part,TN,SPARKGO24,SMART8,TL,BLK,TN-SPARKGO24-TL-BLK,TN-SPARKGO24-TL-BLK,TN SPARKGO24 - SMART8 TL (BLK),TL,TECNO,,,31500,1,16,31475,39000,37000,2,1 Month Warranty ,Box1,Active (ရောင်းမည်),,🛒 အရောင်းပါး
Spare Part,TN,HOT50I,SMART9/SPGO1/SPARK30C,TL,"ORG , BLK",TN-HOT50I-TL-ORG -BLK,TN-HOT50I-TL-ORG -BLK,"TN HOT50I - SMART9/SPGO1/SPARK30C TL (ORG , BLK)",TL,TECNO,,,31000,0,2,30243,39000,38000,2,1 Month Warranty ,Box1,Active (ရောင်းမည်),,🛒 အရောင်းပါး
Spare Part,TN,SPARK30,Hot50,TL,"ORG , BLK",TN-SPARK30-TL-ORG -BLK,TN-SPARK30-TL-ORG -BLK,"TN SPARK30 - HOT50 TL (ORG , BLK)",TL,TECNO,,,36500,2,2,38000,40000,39000,2,1 Month Warranty ,Box1,Active (ရောင်းမည်),,🆕 အသစ်/မရောင်းရသေး
Spare Part,IT,S16,No,TL,"ORG , BLK",IT-S16-TL-ORG -BLK,IT-S16-TL-ORG -BLK,"IT S16 - NO TL (ORG , BLK)",TL,ITEL,,,55000,4,4,55000,64000,61000,2,1 Month Warranty ,Box1,Active (ရောင်းမည်),,🆕 အသစ်/မရောင်းရသေး
Spare Part,IF,NOTE40,No,TL,BLK,IF-NOTE40-TL-BLK,IF-NOTE40-TL-BLK,IF NOTE40 - NO TL (BLK),TL,INFINIX,,,43000,1,1,43000,49450,47300,2,1 Month Warranty ,Box1,Active (ရောင်းမည်),,🆕 အသစ်/မရောင်းရသေး
Spare Part,IF,HOT10PLAY,No,TL,BLK,IF-HOT10PLAY-TL-BLK,IF-HOT10PLAY-TL-BLK,IF HOT10PLAY - NO TL (BLK),TL,INFINIX,,,35000,6,6,35000,40250,38500,2,1 Month Warranty ,Box1,Active (ရောင်းမည်),,🆕 အသစ်/မရောင်းရသေး
Spare Part,SS,A03,No,TL,"ORG , BLK",SS-A03-TL-ORG -BLK,SS-A03-TL-ORG -BLK,"SS A03 - NO TL (ORG , BLK)",TL,SAMSUNG,,,38000,3,3,37250,44000,41800,2,1 Month Warranty ,Box1,Active (ရောင်းမည်),,🆕 အသစ်/မရောင်းရသေး
Spare Part,SS,A01,No,TL,"ORG , BLK",SS-A01-TL-ORG -BLK,SS-A01-TL-ORG -BLK,"SS A01 - NO TL (ORG , BLK)",TL,SAMSUNG,,,35000,2,2,35000,41000,38500,2,1 Month Warranty ,Box1,Active (ရောင်းမည်),,🆕 အသစ်/မရောင်းရသေး
Spare Part,SS,A22(4G),No,TL,"ORG , BLK",SS-A22(4G)-TL-ORG -BLK,SS-A22(4G)-TL-ORG -BLK,"SS A22(4G) - NO TL (ORG , BLK)",TL,SAMSUNG,,,100000,1,1,100000,115000,110000,2,1 Month Warranty ,Box1,Active (ရောင်းမည်),,🆕 အသစ်/မရောင်းရသေး
Spare Part,SS,A33(5G),No,TL,BLK,SS-A33(5G)-TL-BLK,SS-A33(5G)-TL-BLK,SS A33(5G) - NO TL (BLK),TL,SAMSUNG,,,100000,1,1,100000,115000,110000,2,1 Month Warranty ,Box1,Active (ရောင်းမည်),,🆕 အသစ်/မရောင်းရသေး
Spare Part,SS,A50,A50S,TL,"ORG , BLK",SS-A50-TL-ORG -BLK,SS-A50-TL-ORG -BLK,"SS A50 - A50S TL (ORG , BLK)",TL,SAMSUNG,,,100000,1,1,100000,115000,110000,2,1 Month Warranty ,Box1,Active (ရောင်းမည်),,🆕 အသစ်/မရောင်းရသေး
Spare Part,SS,A30,No,TL,"ORG , BLK",SS-A30-TL-ORG -BLK,SS-A30-TL-ORG -BLK,"SS A30 - NO TL (ORG , BLK)",TL,SAMSUNG,,,100000,3,3,100000,115000,110000,2,1 Month Warranty ,Box1,Active (ရောင်းမည်),,🆕 အသစ်/မရောင်းရသေး
Spare Part,SS,A10S,A107,TL,"ORG , BLK",SS-A10S-TL-ORG -BLK,SS-A10S-TL-ORG -BLK,"SS A10S - A107 TL (ORG , BLK)",TL,SAMSUNG,,,38500,5,4,38000,41000,38940,2,1 Month Warranty ,Box1,Active (ရောင်းမည်),,🛒 အရောင်းပါး
Spare Part,SS,A10,No,TL,"ORG , BLK",SS-A10-TL-ORG -BLK,SS-A10-TL-ORG -BLK,"SS A10 - NO TL (ORG , BLK)",TL,SAMSUNG,,,28500,1,1,28000,37000,36000,2,1 Month Warranty ,Box1,Active (ရောင်းမည်),,🆕 အသစ်/မရောင်းရသေး
Spare Part,SS,A20S,No,TL,"ORG , BLK",SS-A20S-TL-ORG -BLK,SS-A20S-TL-ORG -BLK,"SS A20S - NO TL (ORG , BLK)",TL,SAMSUNG,,,40000,2,2,40000,47000,45000,2,1 Month Warranty ,Box1,Active (ရောင်းမည်),,🆕 အသစ်/မရောင်းရသေး
Spare Part,SS,A12,A02,TL,BLK,SS-A12-TL-BLK,SS-A12-TL-BLK,SS A12 - A02 TL (BLK),TL,SAMSUNG,,,34500,1,4,29700,37000,36000,2,1 Month Warranty ,Box1,Active (ရောင်းမည်),,🛒 အရောင်းပါး
Spare Part,SS,A02,No,TL,"ORG , BLK",SS-A02-TL-ORG -BLK,SS-A02-TL-ORG -BLK,"SS A02 - NO TL (ORG , BLK)",TL,SAMSUNG,,,35000,1,0,35000,41000,38500,2,1 Month Warranty ,Box1,Active (ရောင်းမည်),,🛒 အရောင်းပါး
Spare Part,SS,A5(15),No,TL,"ORG , BLK",SS-A5(15)-TL-ORG -BLK,SS-A5(15)-TL-ORG -BLK,"SS A5(15) - NO TL (ORG , BLK)",TL,SAMSUNG,,,35000,2,2,35000,41000,38500,2,1 Month Warranty ,Box1,Active (ရောင်းမည်),,🆕 အသစ်/မရောင်းရသေး
Spare Part,SS,A5(17),No,TL,"ORG , BLK",SS-A5(17)-TL-ORG -BLK,SS-A5(17)-TL-ORG -BLK,"SS A5(17) - NO TL (ORG , BLK)",TL,SAMSUNG,,,35000,3,3,35000,41000,38500,2,1 Month Warranty ,Box1,Active (ရောင်းမည်),,🆕 အသစ်/မရောင်းရသေး
Spare Part,SS,J7(16),No,TL,"ORG , WHT",SS-J7(16)-TL-ORG -WHT,SS-J7(16)-TL-ORG -WHT,"SS J7(16) - NO TL (ORG , WHT)",TL,SAMSUNG,,,40000,1,1,40000,46000,44000,2,1 Month Warranty ,Box1,Active (ရောင်းမည်),,🆕 အသစ်/မရောင်းရသေး
Spare Part,SS,J6,No,TL,"ORG , BLK",SS-J6-TL-ORG -BLK,SS-J6-TL-ORG -BLK,"SS J6 - NO TL (ORG , BLK)",TL,SAMSUNG,,,50000,1,1,50000,58000,55000,2,1 Month Warranty ,Box1,Active (ရောင်းမည်),,🆕 အသစ်/မရောင်းရသေး
Spare Part,SS,J7PRIME,G610,TL,"ORG , BLK",SS-J7PRIME-TL-ORG -BLK,SS-J7PRIME-TL-ORG -BLK,"SS J7PRIME - G610 TL (ORG , BLK)",TL,SAMSUNG,,,40000,5,5,40000,46000,44000,2,1 Month Warranty ,Box1,Active (ရောင်းမည်),,🆕 အသစ်/မရောင်းရသေး
Spare Part,SS,A04,No,TL,"ORG , BLK",SS-A04-TL-ORG -BLK,SS-A04-TL-ORG -BLK,"SS A04 - NO TL (ORG , BLK)",TL,SAMSUNG,,,31000,1,2,32125,37000,36000,2,1 Month Warranty ,Box1,Active (ရောင်းမည်),,🛒 အရောင်းပါး
Spare Part,SS,A04E,No,TL,"ORG , BLK",SS-A04E-TL-ORG -BLK,SS-A04E-TL-ORG -BLK,"SS A04E - NO TL (ORG , BLK)",TL,SAMSUNG,,,38000,1,1,38000,44000,41800,2,1 Month Warranty ,Box1,Active (ရောင်းမည်),,🆕 အသစ်/မရောင်းရသေး
Spare Part,IP,X,No,TL,"ORG , BLK",IP-X-TL-ORG -BLK,IP-X-TL-ORG -BLK,"IP X - NO TL (ORG , BLK)",TL,IPHONE,,,113000,2,2,113000,128000,121825,2,1 Month Warranty ,Box1,Active (ရောင်းမည်),,🆕 အသစ်/မရောင်းရသေး
Spare Part,IP,5,No,TL,"ORG , BLK",IP-5-TL-ORG -BLK,IP-5-TL-ORG -BLK,"IP 5 - NO TL (ORG , BLK)",TL,IPHONE,,,35000,5,5,35000,41000,38500,2,1 Month Warranty ,Box1,Active (ရောင်းမည်),,🆕 အသစ်/မရောင်းရသေး
Spare Part,IP,5S,No,TL,BLK,IP-5S-TL-BLK,IP-5S-TL-BLK,IP 5S - NO TL (BLK),TL,IPHONE,,,38000,1,1,38000,44000,41800,2,1 Month Warranty ,Box1,Active (ရောင်းမည်),,🆕 အသစ်/မရောင်းရသေး
Spare Part,IP,5S,No,TL,"ORG , WHT",IP-5S-TL-ORG -WHT,IP-5S-TL-ORG -WHT,"IP 5S - NO TL (ORG , WHT)",TL,IPHONE,,,38000,9,9,38000,44000,41800,2,1 Month Warranty ,Box1,Active (ရောင်းမည်),,🆕 အသစ်/မရောင်းရသေး
Spare Part,IP,6S,No,TL,"ORG , BLK",IP-6S-TL-ORG -BLK,IP-6S-TL-ORG -BLK,"IP 6S - NO TL (ORG , BLK)",TL,IPHONE,,,38000,2,2,38000,44000,41800,2,1 Month Warranty ,Box1,Active (ရောင်းမည်),,🆕 အသစ်/မရောင်းရသေး
Spare Part,IP,6S,No,TL,"ORG , WHT",IP-6S-TL-ORG -WHT,IP-6S-TL-ORG -WHT,"IP 6S - NO TL (ORG , WHT)",TL,IPHONE,,,38000,6,6,38000,44000,41800,2,1 Month Warranty ,Box1,Active (ရောင်းမည်),,🆕 အသစ်/မရောင်းရသေး
Spare Part,IP,6PLUS,No,TL,"ORG , BLK",IP-6PLUS-TL-ORG -BLK,IP-6PLUS-TL-ORG -BLK,"IP 6PLUS - NO TL (ORG , BLK)",TL,IPHONE,,,50000,1,1,50000,58000,55000,2,1 Month Warranty ,Box1,Active (ရောင်းမည်),,🆕 အသစ်/မရောင်းရသေး
Spare Part,IP,8G,No,TL,"ORG , WHT",IP-8G-TL-ORG -WHT,IP-8G-TL-ORG -WHT,"IP 8G - NO TL (ORG , WHT)",TL,IPHONE,,,44000,1,1,44000,51000,48400,2,1 Month Warranty ,Box1,Active (ရောင်းမည်),,🆕 အသစ်/မရောင်းရသေး
Spare Part,IP,8PLUS,No,TL,"ORG , BLK",IP-8PLUS-TL-ORG -BLK,IP-8PLUS-TL-ORG -BLK,"IP 8PLUS - NO TL (ORG , BLK)",TL,IPHONE,,,44000,2,2,44000,51000,48400,2,1 Month Warranty ,Box1,Active (ရောင်းမည်),,🆕 အသစ်/မရောင်းရသေး
Spare Part,IP,5,No,TS,"ORG , WHT",IP-5-TS-ORG -WHT,IP-5-TS-ORG -WHT,"IP 5 - NO TS (ORG , WHT)",GLASS,IPHONE,,,7000,7,7,0,10000,9000,2,1 Month Warranty ,Box1,Active (ရောင်းမည်),,🆕 အသစ်/မရောင်းရသေး
Spare Part,IP,6,No,TS,"ORG , WHT",IP-6-TS-ORG -WHT,IP-6-TS-ORG -WHT,"IP 6 - NO TS (ORG , WHT)",GLASS,IPHONE,,,10000,10,10,10000,11500,11000,2,1 Month Warranty ,Box1,Active (ရောင်းမည်),,🆕 အသစ်/မရောင်းရသေး
Spare Part,IP,6S,No,TS,"AAA , BLK",IP-6S-TS-AAA -BLK,IP-6S-TS-AAA -BLK,"IP 6S - NO TS (AAA , BLK)",GLASS,IPHONE,,,10000,9,9,10000,11500,11000,2,1 Month Warranty ,Box1,Active (ရောင်းမည်),,🆕 အသစ်/မရောင်းရသေး
Spare Part,IP,6S,No,TS,"AAA , WHT",IP-6S-TS-AAA -WHT,IP-6S-TS-AAA -WHT,"IP 6S - NO TS (AAA , WHT)",GLASS,IPHONE,,,10000,11,11,10000,11500,11000,2,1 Month Warranty ,Box1,Active (ရောင်းမည်),,🆕 အသစ်/မရောင်းရသေး
Spare Part,IP,7,No,TS,"AAA , WHT",IP-7-TS-AAA -WHT,IP-7-TS-AAA -WHT,"IP 7 - NO TS (AAA , WHT)",GLASS,IPHONE,,,18000,1,1,18000,20700,19800,2,1 Month Warranty ,Box1,Active (ရောင်းမည်),,🆕 အသစ်/မရောင်းရသေး
Spare Part,IP,7,No,TS,"AAA , BLK",IP-7-TS-AAA -BLK,IP-7-TS-AAA -BLK,"IP 7 - NO TS (AAA , BLK)",GLASS,IPHONE,,,18000,5,5,18000,20700,19800,2,1 Month Warranty ,Box1,Active (ရောင်းမည်),,🆕 အသစ်/မရောင်းရသေး
Spare Part,IP,7PLUS,No,TS,"AAA , WHT",IP-7PLUS-TS-AAA -WHT,IP-7PLUS-TS-AAA -WHT,"IP 7PLUS - NO TS (AAA , WHT)",GLASS,IPHONE,,,15000,2,2,15000,18000,17000,2,1 Month Warranty ,Box1,Active (ရောင်းမည်),,🆕 အသစ်/မရောင်းရသေး
Spare Part,IP,8,No,TS,"AAA , WHT",IP-8-TS-AAA -WHT,IP-8-TS-AAA -WHT,"IP 8 - NO TS (AAA , WHT)",GLASS,IPHONE,,,18000,1,1,18000,20700,19800,2,1 Month Warranty ,Box1,Active (ရောင်းမည်),,🆕 အသစ်/မရောင်းရသေး
Spare Part,IP,8,No,TS,"AAA , BLK",IP-8-TS-AAA -BLK,IP-8-TS-AAA -BLK,"IP 8 - NO TS (AAA , BLK)",GLASS,IPHONE,,,18000,2,2,18000,20700,19800,2,1 Month Warranty ,Box1,Active (ရောင်းမည်),,🆕 အသစ်/မရောင်းရသေး
Spare Part,IP,8PLUS,No,TS,"AAA , BLK",IP-8PLUS-TS-AAA -BLK,IP-8PLUS-TS-AAA -BLK,"IP 8PLUS - NO TS (AAA , BLK)",GLASS,IPHONE,,,18000,2,2,18000,21000,20000,2,1 Month Warranty ,Box1,Active (ရောင်းမည်),,🆕 အသစ်/မရောင်းရသေး
Spare Part,IP,8PLUS,No,TS,"AAA , WHT",IP-8PLUS-TS-AAA -WHT,IP-8PLUS-TS-AAA -WHT,"IP 8PLUS - NO TS (AAA , WHT)",GLASS,IPHONE,,,18000,2,2,18000,21000,20000,2,1 Month Warranty ,Box1,Active (ရောင်းမည်),,🆕 အသစ်/မရောင်းရသေး
Spare Part,IP,6,No,TS,"AAA , BLK",IP-6-TS-AAA -BLK,IP-6-TS-AAA -BLK,"IP 6 - NO TS (AAA , BLK)",GLASS,IPHONE,,,15000,4,4,15000,17250,16500,2,1 Month Warranty ,Box1,Active (ရောင်းမည်),,🆕 အသစ်/မရောင်းရသေး
Spare Part,RM,5X,No,TS,"AAA , BLK",RM-5X-TS-AAA -BLK,RM-5X-TS-AAA -BLK,"RM 5X - NO TS (AAA , BLK)",TOUCH,Xiaomi,,,5000,1,1,5000,6000,5000,2,1 Month Warranty ,Box1,Active (ရောင်းမည်),,🆕 အသစ်/မရောင်းရသေး
Spare Part,RM,5X,No,TS,"AAA , GLD",RM-5X-TS-AAA -GLD,RM-5X-TS-AAA -GLD,"RM 5X - NO TS (AAA , GLD)",TOUCH,Xiaomi,,,5000,2,2,5000,6000,5000,2,1 Month Warranty ,Box1,Active (ရောင်းမည်),,🆕 အသစ်/မရောင်းရသေး
Spare Part,RM,5X,No,TS,"AAA , WHT",RM-5X-TS-AAA -WHT,RM-5X-TS-AAA -WHT,"RM 5X - NO TS (AAA , WHT)",TOUCH,Xiaomi,,,5000,1,1,5000,6000,5000,2,1 Month Warranty ,Box1,Active (ရောင်းမည်),,🆕 အသစ်/မရောင်းရသေး
Accessories,UW,A36,No,CHS,"WHT , Tc , TC",UW-A36-CHS-TC -WHT,UW-A36-CHS-TC-TC -WHT,"UW A36 - NO CHS (TC ,TC, WHT)",Charger set,U-Winn,USB To Type C,,11000,5,5,14000,19000,18500,2,1 Month Warranty ,Sin1,Active (ရောင်းမည်),Products_Images/UW-A36-CHS-TC -WHT.Images.052804.jpg,🆕 အသစ်/မရောင်းရသေး
Accessories,UW,A36,No,CHS,"WHT , TC , IP",UW-A36-CHS-IP -WHT,UW-A36-CHS-TC-IP -WHT,"UW A36 - NO CHS (TC,IP , WHT)",Charger set,U-Winn,,,11000,10,10,12000,16500,18000,2,1 Month Warranty ,Sin1,Active (ရောင်းမည်),Products_Images/UW-A36-CHS-IP -WHT.Images.053008.jpg,🆕 အသစ်/မရောင်းရသေး
Accessories,UW,A69,No,CHS,"TC , WHT",UW-A69-CHS-TC -WHT,UW-A69-CHS-TC -WHT,"UW A69 -  CHS (TC , WHT)",Charger set,U-Winn,,,147000,5,3,147000,21500,21000,2,1 Month Warranty ,Sin1,Active (ရောင်းမည်),Products_Images/UW-A69-CHS-TC -WHT.Images.053253.jpg,🛒 အရောင်းပါး
Accessories,UW,A024,No,CHS,"TC , WHT",UW-A024-CHS-TC -WHT,UW-A024-CHS-TC -WHT,"UW A024 -  CHS (TC , WHT)",Charger set,U-Winn,,,10500,2,2,12000,17000,17000,2,1 Month Warranty ,Sin1,Active (ရောင်းမည်),Products_Images/UW-A024-CHS-TC -WHT.Images.054021.jpg,🆕 အသစ်/မရောင်းရသေး
Accessories,UW,A039,No,CHS,"TC , WHT",UW-A039-CHS-TC -WHT,UW-A039-CHS-TC -WHT,"UW A039 -  CHS (TC , WHT)",Charger set,U-Winn,,,4800,5,4,9000,11000,11000,2,1 Month Warranty ,Sin1,Active (ရောင်းမည်),Products_Images/UW-A039-CHS-TC -WHT.Images.054331.jpg,🛒 အရောင်းပါး
Accessories,UW,A039,No,CHS,"Micro , WHT",UW-A039-CHS-Micro -WHT,UW-A039-CHS-Micro -WHT,"UW A039 - NO CHS (MICRO , WHT)",Charger set,U-Winn,,,4300,3,0,4238,10000,10000,2,1 Month Warranty ,Sin1,Active (ရောင်းမည်),Products_Images/UW-A039-CHS-Micro -WHT.Images.054500.jpg,✅ ပုံမှန်
Accessories,UW,P501,No,CH,WHT,UW-P501-CH-WHT,UW-P501-CH-WHT,UW P501 - NO CH (WHT),Charger,U-Winn,,,8000,5,5,11000,15500,12000,2,1 Month Warranty ,Sin1,Active (ရောင်းမည်),Products_Images/UW-P501-CH-WHT.Images.055247.jpg,🆕 အသစ်/မရောင်းရသေး
Accessories,UW,P34,No,CH,WHT,UW-P34-CH-WHT,UW-P34-CH-WHT,UW P34 - NO CH (WHT),Charger,U-Winn,,,7000,5,5,7000,9500,9000,2,1 Month Warranty ,Sin1,Active (ရောင်းမည်),Products_Images/UW-P34-CH-WHT.Images.055517.jpg,🆕 အသစ်/မရောင်းရသေး
Accessories,UW,P301,No,CH,WHT,UW-P301-CH-WHT,UW-P301-CH-WHT,UW P301 - NO CH (WHT),Charger,U-Winn,,,6000,5,5,8000,11000,9000,2,1 Month Warranty ,Sin1,Active (ရောင်းမည်),Products_Images/UW-P301-CH-WHT.Images.055717.jpg,🆕 အသစ်/မရောင်းရသေး
Accessories,UW,L706,No,CB,"TC , WHT",UW-L706-CB-TC -WHT,UW-L706-CB-TC -WHT,"UW L706 - NO CB (TC , WHT)",Cable,U-Winn,,,5600,10,10,8000,10000,9500,2,1 Month Warranty ,Sin1,Active (ရောင်းမည်),Products_Images/UW-L706-CB-TC -WHT.Images.060343.jpg,🆕 အသစ်/မရောင်းရသေး
Accessories,UW,L702,No,CB,"TC , WHT",UW-L702-CB-TC -WHT,UW-L702-CB-TC -WHT,"UW L702 - NO CB (TC , WHT)",Cable,U-Winn,,,4100,10,10,8000,9000,8550,2,1 Month Warranty ,Sin1,Active (ရောင်းမည်),Products_Images/UW-L702-CB-TC -WHT.Images.060628.jpg,🆕 အသစ်/မရောင်းရသေး
Accessories,UW,L205,No,CB,"TC , BLK",UW-L205-CB-TC -BLK,UW-L205-CB-TC -BLK,"UW L205 - NO CB (TC , BLK)",Cable,U-Winn,,,6500,5,4,9000,11500,12000,2,1 Month Warranty ,Sin1,Active (ရောင်းမည်),Products_Images/UW-L205-CB-TC -BLK.Images.060816.jpg,🛒 အရောင်းပါး
Accessories,UW,L009,No,CB,"TC , WHT",UW-L009-CB-TC -WHT,UW-L009-CB-TC -WHT,"UW L009 - NO CB (TC , WHT)",Cable,U-Winn,,,1100,5,5,4000,5500,5400,2,1 Month Warranty ,Sin1,Active (ရောင်းမည်),Products_Images/UW-L009-CB-TC -WHT.Images.060946.jpg,🆕 အသစ်/မရောင်းရသေး
Accessories,MV,C3,No,CHS,"WHT , TC",MV-C3-CHS-WHT -TC,MV-C3-CHS-WHT -TC,"MV C3 - NO CHS (WHT , TC)",Charger set,U-Winn,,,8000,19,19,8000,10500,10000,2,1 Month Warranty ,Sin1,Active (ရောင်းမည်),Products_Images/MV-C3-CHS-WHT -TC.Images.061513.jpg,🆕 အသစ်/မရောင်းရသေး
Spare Part,RM,8PRO,NO,TS,"AAA , BLK",RM-8PRO-TS-AAA -BLK,RM-6PRO-TS-AAA -BLK,"RM 6PRO - NO TS (AAA , BLK)",TOUCH,Xiaomi,,,5000,6,6,5000,6000,5000,2,1 Month Warranty ,Box1,Active (ရောင်းမည်),,🆕 အသစ်/မရောင်းရသေး
Spare Part,RM,MAX3,NO,TS,"ORG , BLK",RM-MAX3-TS-ORG -BLK,RM-MAX3-TS-ORG -BLK,"RM MAX3 - NO TS (ORG , BLK)",TOUCH,Xiaomi,,,12000,1,1,12000,14000,13000,2,1 Month Warranty ,Box1,Active (ရောင်းမည်),,🆕 အသစ်/မရောင်းရသေး
Spare Part,RM,MAX2,NO,TS,"AAA , WHT",RM-MAX2-TS-AAA -WHT,RM-MAX2-TS-AAA -WHT,"RM MAX2 - NO TS (AAA , WHT)",TOUCH,Xiaomi,,,5000,3,2,5000,13000,12000,2,1 Month Warranty ,Box1,Active (ရောင်းမည်),,🛒 အရောင်းပါး
Spare Part,RM,MAX,No,TS,WHT,RM-MAX-TS-WHT,RM-MAX-TS-WHT,RM MAX - NO TS (WHT),TOUCH,Xiaomi,,,5000,3,1,5000,6000,5000,2,1 Month Warranty ,Box1,Active (ရောင်းမည်),,🆕 အသစ်/မရောင်းရသေး
Spare Part,RM,4X,No,TS,"AAA , GLD",RM-4X-TS-AAA -GLD,RM-4X-TS-AAA -GLD,"RM 4X - NO TS (AAA , GLD)",TOUCH,Xiaomi,,,5000,1,1,5000,7000,6000,2,1 Month Warranty ,Box1,Active (ရောင်းမည်),,🆕 အသစ်/မရောင်းရသေး
Spare Part,RM,4X,No,TS,"AAA , WHT",RM-4X-TS-AAA -WHT,RM-4X-TS-AAA -WHT,"RM 4X - NO TS (AAA , WHT)",TOUCH,Xiaomi,,,5000,1,1,5000,7000,6000,2,1 Month Warranty ,Box1,Active (ရောင်းမည်),,🆕 အသစ်/မရောင်းရသေး
Spare Part,RM,7,No,TS,"AAA , BLK",RM-7-TS-AAA -BLK,RM-7-TS-AAA -BLK,"RM 7 - NO TS (AAA , BLK)",TOUCH,Xiaomi,,,5000,3,1,5500,7000,6500,2,1 Month Warranty ,Box1,Active (ရောင်းမည်),,🛒 အရောင်းပါး
Spare Part,RM,4A,Not,TS,"AAA , WHT",RM-4A-TS-AAA -WHT,RM-4A-TS-AAA -WHT,"RM 4A - NOT TS (AAA , WHT)",TOUCH,Xiaomi,််,,5000,3,3,5000,7000,6000,2,1 Month Warranty ,Box1,Active (ရောင်းမည်),,🆕 အသစ်/မရောင်းရသေး
Spare Part,RM,5A,No,TS,"AAA , WHT",RM-5A-TS-AAA -WHT,RM-5A-TS-AAA -WHT,"RM 5A - NO TS (AAA , WHT)",TOUCH,Xiaomi,,,5000,9,8,5000,6000,5000,2,1 Month Warranty ,Box1,Active (ရောင်းမည်),,🆕 အသစ်/မရောင်းရသေး
Spare Part,RM,5A,No,TS,"AAA , BLK",RM-5A-TS-AAA -BLK,RM-5A-TS-AAA -BLK,"RM 5A - NO TS (AAA , BLK)",TOUCH,Xiaomi,,,5000,4,4,5000,6000,5000,2,1 Month Warranty ,Box1,Active (ရောင်းမည်),,🆕 အသစ်/မရောင်းရသေး
Spare Part,RM,1S,No,TS,"AAA , BLK",RM-1S-TS-AAA -BLK,RM-1S-TS-AAA -BLK,"RM 1S - NO TS (AAA , BLK)",TOUCH,Xiaomi,,,5000,3,3,5000,6000,5000,2,1 Month Warranty ,Box1,Active (ရောင်းမည်),,🆕 အသစ်/မရောင်းရသေး
Spare Part,RM,2/2S,No,TS,"AAA , BLK",RM-2/2S-TS-AAA -BLK,RM-2/2S-TS-AAA -BLK,"RM 2/2S - NO TS (AAA , BLK)",TOUCH,Xiaomi,,,5000,10,10,5000,6000,5000,2,1 Month Warranty ,Box1,Active (ရောင်းမည်),,🆕 အသစ်/မရောင်းရသေး
Spare Part,RM,N3,No,TS,"AAA , BLK",RM-N3-TS-AAA -BLK,RM-N3-TS-AAA -BLK,"RM N3 - NO TS (AAA , BLK)",TOUCH,Xiaomi,,,5000,3,3,5000,8000,7000,2,1 Month Warranty ,Box1,Active (ရောင်းမည်),,🆕 အသစ်/မရောင်းရသေး
Spare Part,RM,N3,No,TS,"AAA , GLD",RM-N3-TS-AAA -GLD,RM-N3-TS-AAA -GLD,"RM N3 - NO TS (AAA , GLD)",TOUCH,Xiaomi,,,5000,2,2,5000,8000,7000,2,1 Month Warranty ,Box1,Active (ရောင်းမည်),,🆕 အသစ်/မရောင်းရသေး
Spare Part,RM,N3,No,TS,"AAA , WHT",RM-N3-TS-AAA -WHT,RM-N3-TS-AAA -WHT,"RM N3 - NO TS (AAA , WHT)",TOUCH,Xiaomi,,,5000,1,1,5000,8000,7000,2,1 Month Warranty ,Box1,Active (ရောင်းမည်),,🆕 အသစ်/မရောင်းရသေး
Accessories,ORG,TL08,No,CHS,"TC , WHT",ORG-TL08-CHS-TC -WHT,ORG-TL08-CHS-TC -WHT,"ORG TL08 - NO CHS (TC , WHT)",Charger set,ORIGINAL,,,10000,39,32,10000,15000,15000,2,1 Month Warranty ,Sin1,Active (ရောင်းမည်),Products_Images/ORG-TL08-CHS-TC -WHT.Images.075253.jpg,✅ ပုံမှန်
Spare Part,RM,N5A,No,TS,"AAA , WHT",RM-N5A-TS-AAA -WHT,RM-N5A-TS-AAA -WHT,"RM N5A - NO TS (AAA , WHT)",TOUCH,Xiaomi,,,5000,5,3,5000,8000,7000,2,1 Month Warranty ,Box1,Active (ရောင်းမည်),,🛒 အရောင်းပါး
Spare Part,RM,N4,No,TS,"AAA , BLK",RM-N4-TS-AAA -BLK,RM-N4-TS-AAA -BLK,"RM N4 - NO TS (AAA , BLK)",TOUCH,Xiaomi,,,5000,9,9,5000,8000,7000,2,1 Month Warranty ,Box1,Active (ရောင်းမည်),,🆕 အသစ်/မရောင်းရသေး
Spare Part,RM,N4X,No,TS,"AAA , WHT",RM-N4X-TS-AAA -WHT,RM-N4X-TS-AAA -WHT,"RM N4X - NO TS (AAA , WHT)",TOUCH,Xiaomi,,,5000,4,3,5000,8000,7000,2,1 Month Warranty ,Box1,Active (ရောင်းမည်),,🛒 အရောင်းပါး
Spare Part,RM,N4X,No,TS,"AAA , BLK",RM-N4X-TS-AAA -BLK,RM-N4X-TS-AAA -BLK,"RM N4X - NO TS (AAA , BLK)",TOUCH,Xiaomi,,,5000,3,3,5000,8000,7000,2,1 Month Warranty ,Box1,Active (ရောင်းမည်),,🆕 အသစ်/မရောင်းရသေး
Accessories,IPKA,006,No,CHS,"TC , WHT",IPKA-006-CHS-TC -WHT,IPKA-006-CHS-TC -WHT,"IPKA 006 - NO CHS (TC , WHT)",Charger set,IPKA,,,4000,50,49,4000,9000,7500,2,1 Month Warranty ,Sin1,Active (ရောင်းမည်),Products_Images/IPKA-006-CHS-TC -WHT.Images.080152.jpg,🛒 အရောင်းပါး
Accessories,IPKA,006,No,CHS,"MC , WHT",IPKA-006-CHS-MC -WHT,IPKA-006-CHS-MC -WHT,"IPKA 006 - NO CHS (MC , WHT)",Charger set,IPKA,,,3700,310,290,3700,8000,6500,2,1 Month Warranty ,Sin1,Active (ရောင်းမည်),Products_Images/IPKA-006-CHS-MC -WHT.Images.080322.jpg,🆕 အသစ်/မရောင်းရသေး
Accessories,IPKA,012,No,CHS,"MC , WHT",IPKA-012-CHS-MC -WHT,IPKA-012-CHS-MC -WHT,"IPKA 012 - NO CHS (MC , WHT)",Charger set,IPKA,,,,10,8,0,10000,10000,2,1 Month Warranty ,Sin1,Active (ရောင်းမည်),Products_Images/IPKA-012-CHS-MC -WHT.Images.080518.jpg,🛒 အရောင်းပါး
Spare Part,RM,7A,No,OCA+TS,BLK,RM-7A-OCA+TS-BLK,RM-7A-OCA+TS-BLK,RM 7A - NO OCA+TS (BLK),TOUCH,Xiaomi,,,4000,2,5,5200,8000,7000,2,1 Month Warranty ,Box1,Active (ရောင်းမည်),,🆕 အသစ်/မရောင်းရသေး
Spare Part,RM,N1,No,TS,"AAA , BLK",RM-N1-TS-AAA -BLK,RM-N1-TS-AAA -BLK,"RM N1 - NO TS (AAA , BLK)",TOUCH,Xiaomi,,,5000,4,3,5000,8000,7000,2,1 Month Warranty ,Box1,Active (ရောင်းမည်),,🆕 အသစ်/မရောင်းရသေး
Accessories,IPKA,006,No,CB,"TC , WHT",IPKA-006-CB-TC -WHT,IPKA-006-CB-TC -WHT,"IPKA 006 - NO CB (TC , WHT)",Cable,IPKA,သ၀က၉,,1100,50,50,2000,3500,4000,2,1 Month Warranty ,Sin3,Active (ရောင်းမည်),Products_Images/IPKA-006-CB-TC -WHT.Images.080905.jpg,🆕 အသစ်/မရောင်းရသေး
Accessories,IPKA,006,No,CB,"MC , WHT",IPKA-006-CB-MC -WHT,IPKA-006-CB-MC -WHT,"IPKA 006 - NO CB (MC , WHT)",Cable,IPKA,,,850,39,38,850,3000,4000,2,1 Month Warranty ,Sin3,Active (ရောင်းမည်),Products_Images/IPKA-006-CB-MC -WHT.Images.081104.jpg,🛒 အရောင်းပါး
Accessories,YK,S02,No,CB,"TC , WHT",YK-S02-CB-TC -WHT,YK-S02-CB-TC -WHT,"YK S02 - NO CB (TC , WHT)",Cable,YK,,,1350,23,14,3000,5500,5000,2,1 Month Warranty ,Sin3,Active (ရောင်းမည်),Products_Images/YK-S02-CB-TC -WHT.Images.081610.jpg,🆕 အသစ်/မရောင်းရသေး
Spare Part,HW,Y6PRIME(18),No,TS,"AAA , BLK",HW-Y6PRIME(18)-TS-AAA -BLK,HW-Y6PRIME(18)-TS-AAA -BLK,"HW Y6PRIME(18) - NO TS (AAA , BLK)",TOUCH,HUAWEI,,,5000,1,1,5000,7000,6000,2,1 Month Warranty ,Box1,Active (ရောင်းမည်),,🆕 အသစ်/မရောင်းရသေး
Accessories,RM,120,No,CB,"TC , WHT",RM-120-CB-TC -WHT,RM-120-CB-TC -WHT,"RM 120 - NO CB (TC , WHT)",Cable,REDMI,,,1500,13,5,3000,5000,4500,2,1 Month Warranty ,Sin3,Active (ရောင်းမည်),Products_Images/RM-120-CB-TC -WHT.Images.081830.jpg,🆕 အသစ်/မရောင်းရသေး
Spare Part,HW,Y6PRIME(18),No,TS,"AAA , WHT",HW-Y6PRIME(18)-TS-AAA -WHT,HW-Y6PRIME(18)-TS-AAA -WHT,"HW Y6PRIME(18) - NO TS (AAA , WHT)",TOUCH,HUAWEI,,,5000,3,3,5000,7000,6000,2,1 Month Warranty ,Box1,Active (ရောင်းမည်),,🆕 အသစ်/မရောင်းရသေး
Accessories,XND,PD20,No,CH,WHT,XND-PD20-CH-WHT,XND-PD20-CH-WHT,XND PD20 - NO CH (WHT),Charger,XINUDE,,,5000,5,5,5000,9000,7500,2,1 Month Warranty ,Sin3,Active (ရောင်းမည်),Products_Images/XND-PD20-CH-WHT.Images.082048.jpg,🆕 အသစ်/မရောင်းရသေး
Spare Part,HW,Y6PRO(19),No,TS,"AAA , BLK",HW-Y6PRO(19)-TS-AAA -BLK,HW-Y6PRO(19)-TS-AAA -BLK,"HW Y6PRO(19) - NO TS (AAA , BLK)",TOUCH,HUAWEI,,,5000,5,5,5000,5750,5500,2,1 Month Warranty ,Box1,Active (ရောင်းမည်),,🆕 အသစ်/မရောင်းရသေး
Spare Part,HW,Y6PRO,No,TS,"AAA , BLK",HW-Y6PRO-TS-AAA -BLK,HW-Y6PRO-TS-AAA -BLK,"HW Y6PRO - NO TS (AAA , BLK)",TOUCH,,,,0,1,1,0,0,,2,1 Month Warranty ,Box1,Active (ရောင်းမည်),,🆕 အသစ်/မရောင်းရသေး
Spare Part,HW,Y6PRO(17),No,TS,"AAA , WHT",HW-Y6PRO(17)-TS-AAA -WHT,HW-Y6PRO(17)-TS-AAA -WHT,"HW Y6PRO(17) - NO TS (AAA , WHT)",TOUCH,HUAWEI,,,0,2,2,0,0,,2,1 Month Warranty ,Box1,Active (ရောင်းမည်),,🆕 အသစ်/မရောင်းရသေး
Accessories,XM,120w,No,CHS,"TC , WHT",XM-120w-CHS-TC -WHT,XM-120w-CHS-TC -WHT,"XM 120W - NO CHS (TC , WHT)",Charger set,Xiaomi,,,25000,10,10,30000,36000,35000,2,1 Month Warranty ,Sin3,Active (ရောင်းမည်),Products_Images/XM-120w-CHS-TC -WHT.Images.082450.jpg,🆕 အသစ်/မရောင်းရသေး
Spare Part,HW,Y7PRO(19),No,TS,BLK,HW-Y7PRO(19)-TS-BLK,HW-Y7PRO(19)-TS-BLK,HW Y7PRO(19) - NO TS (BLK),TOUCH,HUAWEI,,,5000,5,5,0,7000,6000,2,1 Month Warranty ,Box1,Active (ရောင်းမည်),,🆕 အသစ်/မရောင်းရသေး
Accessories,XM,67w,No,CHS,"TC , WHT",XM-67w-CHS-TC -WHT,XM-67w-CHS-TC -WHT,"XM 67W - NO CHS (TC , WHT)",Charger set,Xiaomi,,,45000,10,8,45000,60000,55000,2,1 Month Warranty ,Sin3,Active (ရောင်းမည်),Products_Images/XM-67w-CHS-TC -WHT.Images.082655.jpg,🛒 အရောင်းပါး
Spare Part,HW,Y7PRO(18),No,TS,BLK,HW-Y7PRO(18)-TS-BLK,HW-Y7PRO(18)-TS-BLK,HW Y7PRO(18) - NO TS (BLK),TOUCH,HUAWEI,,,5000,5,5,0,7000,6000,2,1 Month Warranty ,Box1,Active (ရောင်းမည်),,🆕 အသစ်/မရောင်းရသေး
Accessories,FAST,WL A87,No,CHS,"MC , WHT",FAST-WL A87-CHS-MC -WHT,FAST-WL A87-CHS-MC -WHT,"FAST WL A87 - NO CHS (MC , WHT)",Charger set,FAST,,,3000,5,5,3000,5000,4500,2,1 Month Warranty ,Sin3,Active (ရောင်းမည်),Products_Images/FAST-WL A87-CHS-MC -WHT.Images.083038.jpg,🆕 အသစ်/မရောင်းရသေး
Accessories,XND,XL07,No,CB,"TC , WHT",XND-XL07-CB-TC -WHT,XND-XL07-CB-TC -WHT,"XND XL07 - NO CB (TC , WHT)",Cable,XINUDE,,,1500,5,5,3000,4500,4000,2,1 Month Warranty ,Sin3,Active (ရောင်းမည်),Products_Images/XND-XL07-CB-TC -WHT.Images.083239.jpg,🆕 အသစ်/မရောင်းရသေး
Accessories,168,L009,No,CB,"MC , BLK",168-L009-CB-MC -BLK,168-L009-CB-MC -BLK,"168 L009 - NO CB (MC , BLK)",Cable,168,,,1400,5,5,5000,4000,3500,2,1 Month Warranty ,Sin3,Active (ရောင်းမည်),Products_Images/168-L009-CB-MC -BLK.Images.083602.jpg,🆕 အသစ်/မရောင်းရသေး
Spare Part,HW,GR5(17),No,TS,WHT,HW-GR5(17)-TS-WHT,HW-GR5(17)-TS-WHT,HW GR5(17) - NO TS (WHT),TOUCH,HUAWEI,,,5000,1,1,0,7000,6000,2,1 Month Warranty ,Box1,Active (ရောင်းမည်),,🆕 အသစ်/မရောင်းရသေး
Spare Part,HW,GR5(17),No,TS,GLD,HW-GR5(17)-TS-GLD,HW-GR5(17)-TS-GLD,HW GR5(17) - NO TS (GLD),TOUCH,HUAWEI,,,5000,2,2,0,7000,6000,2,1 Month Warranty ,Box1,Active (ရောင်းမည်),,🆕 အသစ်/မရောင်းရသေး
Spare Part,HW,Y9(18),No,TS,"AAA , WHT",HW-Y9(18)-TS-AAA -WHT,HW-Y9(18)-TS-AAA -WHT,"HW Y9(18) - NO TS (AAA , WHT)",TOUCH,HUAWEI,,,5000,1,1,5000,7000,6000,2,1 Month Warranty ,Box1,Active (ရောင်းမည်),,🆕 အသစ်/မရောင်းရသေး
Accessories,XCB,360,No,CB,"TC , MC , WHT",XCB-360-CB-TC -MC -WHT,XCB-360-CB-TC -MC -WHT,"XCB 360 - NO CB (TC , MC , WHT)",Cable,X CABLE,,,1700,10,10,5000,4500,4000,2,1 Month Warranty ,Sin3,Active (ရောင်းမည်),Products_Images/XCB-360-CB-TC -MC -WHT.Images.083900.jpg,🆕 အသစ်/မရောင်းရသေး
Spare Part,HW,NOVA2I,No,TS,"AAA , BLK",HW-NOVA2I-TS-AAA -BLK,HW-NOVA2I-TS-AAA -BLK,"HW NOVA2I - NO TS (AAA , BLK)",TOUCH,HUAWEI,,,5000,1,1,5000,7000,6000,2,1 Month Warranty ,Box1,Active (ရောင်းမည်),,🆕 အသစ်/မရောင်းရသေး
Spare Part,HW,NOVA3I,No,GLS,"AAA , BLK",HW-NOVA3I-TS-AAA -BLK,HW-NOVA3I-GLS-AAA -BLK,"HW NOVA3I - NO GLS (AAA , BLK)",GLASS,HUAWEI,,,5000,4,4,5000,9000,8000,2,1 Month Warranty ,Box1,Active (ရောင်းမည်),,🆕 အသစ်/မရောင်းရသေး
Spare Part,HW,Y5PRIME,NO,TS,"AAA , BLK",HW-Y5PRIME-TS-AAA -BLK,HW-Y5PRIME-TS-AAA -BLK,"HW Y5PRIME - NO TS (AAA , BLK)",TOUCH,HUAWEI,,,5000,5,5,5000,7000,6000,2,1 Month Warranty ,Box1,Active (ရောင်းမည်),,🆕 အသစ်/မရောင်းရသေး
Spare Part,HW,Y5PRIME(18),No,TS,"AAA , WHT",HW-Y5PRIME(18)-TS-AAA -WHT,HW-Y5PRIME(18)-TS-AAA -WHT,"HW Y5PRIME(18) - NO TS (AAA , WHT)",TOUCH,HUAWEI,,,5000,4,2,5000,7000,6000,2,1 Month Warranty ,Box1,Active (ရောင်းမည်),,🆕 အသစ်/မရောင်းရသေး
Spare Part,HW,Y3(17),No,TS,"MA , BLK",HW-Y3(17)-TS-MA -BLK,HW-Y3(17)-TS-MA -BLK,"HW Y3(17) - NO TS (MA , BLK)",TOUCH,HUAWEI,,,5000,1,1,5000,7000,6000,2,1 Month Warranty ,Box1,Active (ရောင်းမည်),,🆕 အသစ်/မရောင်းရသေး
Accessories,APL,6A,No,CB,"MC , WHT",APL-6A-CB-MC -WHT,APL-6A-CB-MC -WHT,"APL 6A - NO CB (MC , WHT)",Cable,A+,,,1000,10,10,3500,4500,5000,2,1 Month Warranty ,Sin3,Active (ရောင်းမည်),Products_Images/APL-6A-CB-MC -WHT.Images.084652.jpg,🆕 အသစ်/မရောင်းရသေး
Spare Part,HW,Y3(17),No,TS,"MA , GLD",HW-Y3(17)-TS-MA -GLD,HW-Y3(17)-TS-MA -GLD,"HW Y3(17) - NO TS (MA , GLD)",TOUCH,HUAWEI,,,5000,1,1,5000,7000,6000,2,1 Month Warranty ,Box1,Active (ရောင်းမည်),,🆕 အသစ်/မရောင်းရသေး
Accessories,YK,5A,No,CB,"MC , WHT",YK-5A-CB-MC -WHT,YK-5A-CB-MC -WHT,"YK 5A - NO CB (MC , WHT)",Cable,YK,,,1000,20,10,3000,3500,4000,2,1 Month Warranty ,Sin3,Active (ရောင်းမည်),Products_Images/YK-5A-CB-MC -WHT.Images.084844.jpg,🆕 အသစ်/မရောင်းရသေး
Spare Part,HW,Y5(17),No,TS,"AAA , WHT",HW-Y5(17)-TS-AAA -WHT,HW-Y5(17)-TS-AAA -WHT,"HW Y5(17) - NO TS (AAA , WHT)",TOUCH,HUAWEI,,,5000,10,10,5000,7000,6000,2,1 Month Warranty ,Box1,Active (ရောင်းမည်),,🆕 အသစ်/မရောင်းရသေး
Accessories,YK,S05,No,CB,"TC , WHT",YK-S05-CB-TC -WHT,YK-S05-CB-TC -WHT,"YK S05 - NO CB (TC , WHT)",Cable,YK,,,3800,15,15,5000,6000,5500,2,1 Month Warranty ,Sin3,Active (ရောင်းမည်),Products_Images/YK-S05-CB-TC -WHT.Images.085037.jpg,🆕 အသစ်/မရောင်းရသေး
Spare Part,HW,Y5(19),No,TS,"AAA , BLK",HW-Y5(19)-TS-AAA -BLK,HW-Y5(19)-TS-AAA -BLK,"HW Y5(19) - NO TS (AAA , BLK)",TOUCH,HUAWEI,,,5000,2,2,5000,7000,6000,2,1 Month Warranty ,Box1,Active (ရောင်းမည်),,🆕 အသစ်/မရောင်းရသေး
Spare Part,HW,Y52,No,TS,"AAA , WHT",HW-Y52-TS-AAA -WHT,HW-Y52-TS-AAA -WHT,"HW Y52 - NO TS (AAA , WHT)",TOUCH,HUAWEI,,,5000,5,5,5000,7000,6000,2,1 Month Warranty ,Box1,Active (ရောင်းမည်),,🆕 အသစ်/မရောင်းရသေး
Spare Part,VV,Y55,No,TS,"AAA , WHT",VV-Y55-TS-AAA -WHT,VV-Y55-TS-AAA -WHT,"VV Y55 - NO TS (AAA , WHT)",TOUCH,Vivo,,,5000,5,5,5000,7000,6000,2,1 Month Warranty ,Box1,Active (ရောင်းမည်),,🆕 အသစ်/မရောင်းရသေး
Spare Part,VV,Y55,NO,TS,"AAA , BLK",VV-Y55-TS-AAA -BLK,VV-Y55-TS-AAA -BLK,"VV Y55 - NO TS (AAA , BLK)",TOUCH,Vivo,,,5000,11,11,5000,7000,6000,2,1 Month Warranty ,Box1,Active (ရောင်းမည်),,🆕 အသစ်/မရောင်းရသေး
Spare Part,VV,Y66,NO,TS,"AAA , WHT",VV-Y66-TS-AAA -WHT,VV-Y66-TS-AAA -WHT,"VV Y66 - NO TS (AAA , WHT)",TOUCH,Vivo,,,5000,5,5,5000,7000,6000,2,1 Month Warranty ,Box1,Active (ရောင်းမည်),,🆕 အသစ်/မရောင်းရသေး
Spare Part,VV,Y53,NO,TS,"AAA , WHT",VV-Y53-TS-AAA -WHT,VV-Y53-TS-AAA -WHT,"VV Y53 - NO TS (AAA , WHT)",TOUCH,Vivo,,,5000,6,6,5000,7000,6000,2,1 Month Warranty ,Box1,Active (ရောင်းမည်),,🆕 အသစ်/မရောင်းရသေး
Spare Part,VV,Y53,No,TS,"AAA , GLD",VV-Y53-TS-AAA -GLD,VV-Y53-TS-AAA -GLD,"VV Y53 - NO TS (AAA , GLD)",TOUCH,Vivo,,,5000,2,2,5000,7000,6000,2,1 Month Warranty ,Box1,Active (ရောင်းမည်),,🆕 အသစ်/မရောင်းရသေး
Spare Part,VV,Y51,NO,TS,"AAA , WHT",VV-Y51-TS-AAA -WHT,VV-Y51-TS-AAA -WHT,"VV Y51 - NO TS (AAA , WHT)",TOUCH,Vivo,,,5000,1,1,5000,7000,6000,2,1 Month Warranty ,Box1,Active (ရောင်းမည်),,🆕 အသစ်/မရောင်းရသေး
Spare Part,VV,Y51,NO,TS,"AAA , BLK",VV-Y51-TS-AAA -BLK,VV-Y51-TS-AAA -BLK,"VV Y51 - NO TS (AAA , BLK)",TOUCH,Vivo,,,5000,5,4,5000,7000,6000,2,1 Month Warranty ,Box1,Active (ရောင်းမည်),,🛒 အရောင်းပါး
Spare Part,VV,V5,NO,TS,"AAA , WHT",VV-V5-TS-AAA -WHT,VV-V5-TS-AAA -WHT,"VV V5 - NO TS (AAA , WHT)",TOUCH,Vivo,,,5000,11,11,5000,7000,6000,2,1 Month Warranty ,Box1,Active (ရောင်းမည်),,🆕 အသစ်/မရောင်းရသေး
Spare Part,VV,V5,NO,TS,"AAA , BLK",VV-V5-TS-AAA -BLK,VV-V5-TS-AAA -BLK,"VV V5 - NO TS (AAA , BLK)",TOUCH,Vivo,,,5000,6,5,5000,7000,6000,2,1 Month Warranty ,Box1,Active (ရောင်းမည်),,🛒 အရောင်းပါး
Spare Part,OP,A57,NO,TS,"AAA , BLK",OP-A57-TS-AAA -BLK,OP-A57-TS-AAA -BLK,"OP A57 - NO TS (AAA , BLK)",TOUCH,OPPO,,,5000,5,4,5000,7000,6000,2,1 Month Warranty ,Box1,Active (ရောင်းမည်),,🛒 အရောင်းပါး
Spare Part,OP,A57,NO,TS,"AAA , WHT",OP-A57-TS-AAA -WHT,OP-A57-TS-AAA -WHT,"OP A57 - NO TS (AAA , WHT)",TOUCH,OPPO,,,5000,1,1,5000,7000,6000,2,1 Month Warranty ,Box1,Active (ရောင်းမည်),,🆕 အသစ်/မရောင်းရသေး
Spare Part,OP,A83,NO,TS,"AAA , BLK",OP-A83-TS-AAA -BLK,OP-A83-TS-AAA -BLK,"OP A83 - NO TS (AAA , BLK)",TOUCH,OPPO,,,5000,28,28,5000,7000,6000,2,1 Month Warranty ,Box1,Active (ရောင်းမည်),,🆕 အသစ်/မရောင်းရသေး
Spare Part,OP,F1S,A59,TS,"AAA , BLK",OP-F1S-TS-AAA -BLK,OP-F1S-TS-AAA -BLK,"OP F1S - A59 TS (AAA , BLK)",TOUCH,OPPO,,,5000,2,2,5000,7000,6000,2,1 Month Warranty ,Box1,Active (ရောင်းမည်),,🆕 အသစ်/မရောင်းရသေး
Spare Part,OP,F1S,A59,TS,"AAA , WHT",OP-F1S-TS-AAA -WHT,OP-F1S-TS-AAA -WHT,"OP F1S - A59 TS (AAA , WHT)",TOUCH,OPPO,,,5000,8,8,5000,7000,6000,2,1 Month Warranty ,Box1,Active (ရောင်းမည်),,🆕 အသစ်/မရောင်းရသေး
Spare Part,OP,A39,NO,TS,"AAA , WHT",OP-A39-TS-AAA -WHT,OP-A39-TS-AAA -WHT,"OP A39 - NO TS (AAA , WHT)",TOUCH,OPPO,,,5000,1,1,5000,7000,6000,2,1 Month Warranty ,Box1,Active (ရောင်းမည်),,🆕 အသစ်/မရောင်းရသေး
Spare Part,OP,A33,NEO7,TS,"AAA , WHT",OP-A33-TS-AAA -WHT,OP-A33-TS-AAA -WHT,"OP A33 - NEO7 TS (AAA , WHT)",TOUCH,OPPO,,,5000,9,9,5000,7000,6000,2,1 Month Warranty ,Box1,Active (ရောင်းမည်),,🆕 အသစ်/မရောင်းရသေး
Spare Part,OP,A33,NEO7,TS,"AAA , BLK",OP-A33-TS-AAA -BLK,OP-A33-TS-AAA -BLK,"OP A33 - NEO7 TS (AAA , BLK)",TOUCH,OPPO,,,5000,5,5,5000,7000,6000,2,1 Month Warranty ,Box1,Active (ရောင်းမည်),,🆕 အသစ်/မရောင်းရသေး
Spare Part,OP,A37,NO,TS,"AAA , BLK",OP-A37-TS-AAA -BLK,OP-A37-TS-AAA -BLK,"OP A37 - NO TS (AAA , BLK)",TOUCH,OPPO,,,5000,7,7,5000,7000,6000,2,1 Month Warranty ,Box1,Active (ရောင်းမည်),,🆕 အသစ်/မရောင်းရသေး
Spare Part,OP,A31,NEO5,TS,"AAA , WHT",OP-A31-TS-AAA -WHT,OP-A31-TS-AAA -WHT,"OP A31 - NEO5 TS (AAA , WHT)",TOUCH,OPPO,,,5000,10,10,5000,7000,6000,2,1 Month Warranty ,Box1,Active (ရောင်းမည်),,🆕 အသစ်/မရောင်းရသေး
Accessories,IT,M21s,No,CB,"MC , BLK",IT-M21s-CB-MC -BLK,IT-M21s-CB-MC -BLK,"IT M21S - NO CB (MC , BLK)",Cable,ITEL,,,1400,257,193,1400,5500,5000,2,1 Month Warranty ,Sin1,Active (ရောင်းမည်),Products_Images/IT-M21s-CB-MC -BLK.Images.011933.jpg,🔥 အရောင်းကောင်း
Accessories,IT,M21s,No,CB,"TC , BLK",IT-M21s-CB-TC -BLK,IT-M21s-CB-TC -BLK,"IT M21S - NO CB (TC , BLK)",Cable,ITEL,,,1700,100,100,4000,6500,6000,2,1 Month Warranty ,Sin4,Active (ရောင်းမည်),Products_Images/IT-M21s-CB-TC -BLK.Images.012111.jpg,🆕 အသစ်/မရောင်းရသေး
Accessories,VV,V83,No,CHS,"MC , WHT",VV-V83-CHS-MC -WHT,VV-V83-CHS-MC -WHT,"VV V83 - NO CHS (MC , WHT)",Charger set,Vivo,,,3000,10,6,3000,4000,4500,2,1 Month Warranty ,Sin4,Active (ရောင်းမည်),Products_Images/VV-V83-CHS-MC -WHT.Images.012636.jpg,🛒 အရောင်းပါး
Accessories,UW,L106,No,CHS,"MC , BLK",UW-L106-CHS-MC -BLK,UW-L106-CHS-MC -BLK,"UW L106 - NO CHS (MC , BLK)",Charger set,U-Winn,,,7000,5,5,7000,10500,10000,2,1 Month Warranty ,Sin4,Active (ရောင်းမည်),Products_Images/UW-L106-CHS-MC -BLK.Images.012811.jpg,🆕 အသစ်/မရောင်းရသေး
Accessories,CAR,HD01,No,Can,BLK,CAR-HD01-Can-BLK,CAR-HD01-Can-BLK,CAR HD01 - NO CAN (BLK),HOLDER,ROTARY,,,3000,10,10,3000,4500,4500,2,1 Month Warranty ,Sin4,Active (ရောင်းမည်),Products_Images/CAR-HD01-Can-BLK.Images.013256.jpg,🆕 အသစ်/မရောင်းရသေး
Accessories,SS,S01,No,BEP,BLK,SS-S01-BEP-BLK,SS-S01-BEP-BLK,SS S01 - NO BEP (BLK),Bluetooth,SAMSUNG,,,5000,5,5,5000,8000,7000,2,1 Month Warranty ,Sin4,Active (ရောင်းမည်),Products_Images/SS-S01-BEP-BLK.Images.013910.jpg,🆕 အသစ်/မရောင်းရသေး
Accessories,SS,LG950,No,BEP,WHT,SS-LG950-BEP-WHT,SS-LG950-BEP-WHT,SS LG950 - NO BEP (WHT),Earphones,SAMSUNG,,,4000,10,10,4000,6000,5500,2,1 Month Warranty ,Sin4,Active (ရောင်းမည်),Products_Images/SS-LG950-BEP-WHT.Images.014147.jpg,🆕 အသစ်/မရောင်းရသေး
Electronic,YK,F01,No,FAN,WHT,YK-F01-FAN-WHT,YK-F01-FAN-WHT,YK F01 - NO FAN (WHT),FAN,YK,,,5000,10,10,5000,7500,7000,2,1 Month Warranty ,Sin4,Active (ရောင်းမည်),Products_Images/YK-F01-FAN-WHT.Images.014457.jpg,🆕 အသစ်/မရောင်းရသေး
Accessories,ST,TB,No,Stant,BLK,ST-TB-Stant-BLK,ST-TB-Stant-BLK,ST TB - NO STANT (BLK),STANT,OTHER,,,4000,80,80,4000,6000,5500,2,1 Month Warranty ,Sin4,Active (ရောင်းမည်),Products_Images/ST-TB-Stant-BLK.Images.015024.jpg,🆕 အသစ်/မရောင်းရသေး
Accessories,YK,M15,No,CCH,BLK,YK-M15-CCH-BLK,YK-M15-CCH-BLK,YK M15 - NO CCH (BLK),CAR CHARGER,YK,,,11000,5,5,11000,14500,14000,2,1 Month Warranty ,Sin3,Active (ရောင်းမည်),Products_Images/YK-M15-CCH-BLK.Images.015526.jpg,🆕 အသစ်/မရောင်းရသေး
Accessories,SS,SN2700,No,EP,BLK,SS-SN2700-EP-BLK,SS-SN2700-EP-BLK,SS SN2700 - NO EP (BLK),Earphones,SAMSUNG,,,2000,10,10,3000,4000,3500,2,1 Month Warranty ,Sin3,Active (ရောင်းမည်),Products_Images/SS-SN2700-EP-BLK.Images.015713.jpg,🆕 အသစ်/မရောင်းရသေး
Accessories,YK,R9,No,EP,BLK,YK-R9-EP-BLK,YK-R9-EP-BLK,YK R9 - NO EP (BLK),Earphones,YK,,,8000,5,5,8000,10000,10000,2,1 Month Warranty ,Sin3,Active (ရောင်းမည်),Products_Images/YK-R9-EP-BLK.Images.015858.jpg,🆕 အသစ်/မရောင်းရသေး
Accessories,YD,Y40,No,BEP,BLK,YD-Y40-BEP-BLK,YD-Y40-BEP-BLK,YD Y40 - NO BEP (BLK),Bluetooth,YD,,,3000,5,5,8500,9500,10000,2,1 Month Warranty ,Sin3,Active (ရောင်းမည်),Products_Images/YD-Y40-BEP-BLK.Images.020042.jpg,🆕 အသစ်/မရောင်းရသေး
Accessories,YK,H1,No,BEP,BLK,YK-H1-BEP-BLK,YK-H1-BEP-BLK,YK H1 - NO BEP (BLK),Bluetooth,YK,,,6000,24,23,6000,15000,14000,2,1 Month Warranty ,Sin5,Active (ရောင်းမည်),Products_Images/YK-H1-BEP-BLK.Images.021721.jpg,🛒 အရောင်းပါး
Accessories,YK,H2,No,BEP,BLK,YK-H2-BEP-BLK,YK-H2-BEP-BLK,YK H2 - NO BEP (BLK),Bluetooth,YK,,,6000,24,23,6000,15000,14000,2,1 Month Warranty ,Sin5,Active (ရောင်းမည်),Products_Images/YK-H2-BEP-BLK.Images.021906.jpg,🛒 အရောင်းပါး
Accessories,YK,H3,No,BEP,BLK,YK-H3-BEP-BLK,YK-H3-BEP-BLK,YK H3 - NO BEP (BLK),Bluetooth,YK,,,6000,18,17,6000,15000,14000,2,1 Month Warranty ,Sin5,Active (ရောင်းမည်),Products_Images/YK-H3-BEP-BLK.Images.022051.jpg,🛒 အရောင်းပါး
Accessories,WIFI,12V,No,CB,BLK,WIFI-12V-CB-BLK,WIFI-12V-CB-BLK,WIFI 12V - NO CB (BLK),Cable,OTHER,,,2900,10,6,2900,4500,4000,2,1 Month Warranty ,Box1,Active (ရောင်းမည်),Products_Images/WIFI-12V-CB-BLK.Images.022520.jpg,🛒 အရောင်းပါး
Accessories,HW,18w,No,CB,"MC , BLK",HW-18w-CB-MC -BLK,HW-18w-CB-MC -BLK,"HW 18W - NO CB (MC , BLK)",Cable,HUAWEI,,,300,50,30,3000,2500,2000,2,1 Month Warranty ,Box1,Active (ရောင်းမည်),Products_Images/HW-18w-CB-MC -BLK.Images.022824.jpg,🆕 အသစ်/မရောင်းရသေး
Accessories,RM,18w,No,CB,"WHT , MC",RM-18w-CB-WHT -MC,RM-18w-CB-WHT -MC,"RM 18W - NO CB (WHT , MC)",Cable,REDMI,,,300,50,50,4000,2500,2000,2,1 Month Warranty ,Box1,Active (ရောင်းမည်),Products_Images/RM-18w-CB-WHT -MC.Images.023214.jpg,🆕 အသစ်/မရောင်းရသေး
Accessories,ST,Samall,No,Stant,MA,ST-Samall-Stant-MA,ST-Samall-Stant-MA,ST SAMALL - NO STANT (MA),STANT,OTHER,,,300,25,25,300,1000,800,2,1 Month Warranty ,Box1,Active (ရောင်းမည်),Products_Images/ST-Samall-Stant-MA.Images.023907.jpg,🆕 အသစ်/မရောင်းရသေး
Accessories,VV,V1,No,CH,WHT,VV-V1-CH-WHT,VV-V1-CH-WHT,VV V1 - NO CH (WHT),Charger,Vivo,,,3000,250,734,3000,3500,3000,2,1 Month Warranty ,Box1,Active (ရောင်းမည်),Products_Images/VV-V1-CH-WHT.Images.024418.jpg,🛒 အရောင်းပါး
Spare Part,RM,5PLUS,No,GLS,"AAA , WHT",RM-5PLUS-GLS-AAA -WHT,RM-5PLUS-GLS-AAA -WHT,"RM 5PLUS - NO GLS (AAA , WHT)",GLASS,Xiaomi,,,5000,7,7,5000,5750,5500,2,1 Month Warranty ,Box1,Active (ရောင်းမည်),,🆕 အသစ်/မရောင်းရသေး
Electronic,CAR,Solor,No,FAN,BLK,CAR-Solor-FAN-BLK,CAR-Solor-FAN-BLK,CAR SOLOR - NO FAN (BLK),FAN,OTHER,,,10000,4,2,7000,16000,15000,2,1 Month Warranty ,Sin5,Active (ရောင်းမည်),Products_Images/CAR-Solor-FAN-BLK.Images.025016.jpg,🆕 အသစ်/မရောင်းရသေး
Spare Part,RM,5PLUS,No,GLS,"AAA , BLK",RM-5PLUS-GLS-AAA -BLK,RM-5PLUS-GLS-AAA -BLK,"RM 5PLUS - NO GLS (AAA , BLK)",GLASS,Xiaomi,,,5000,6,6,5000,5750,5500,2,1 Month Warranty ,Box1,Active (ရောင်းမည်),,🆕 အသစ်/မရောင်းရသေး
Spare Part,RM,8,8A,GLS,"AAA , BLK",RM-8-GLS-AAA -BLK,RM-8-GLS-AAA -BLK,"RM 8 - 8A GLS (AAA , BLK)",GLASS,Xiaomi,,,5000,8,8,5000,7000,6000,2,1 Month Warranty ,Box1,Active (ရောင်းမည်),,🆕 အသစ်/မရောင်းရသေး
Spare Part,RM,6X,No,GLS,"AAA , WHT",RM-6X-GLS-AAA -WHT,RM-6X-GLS-AAA -WHT,"RM 6X - NO GLS (AAA , WHT)",GLASS,Xiaomi,,,5000,4,4,5000,7000,6000,2,1 Month Warranty ,Box1,Active (ရောင်းမည်),,🆕 အသစ်/မရောင်းရသေး
Spare Part,VV,X27pro,No,BT,WHT,VV-X27pro-BT-WHT,VV-X27pro-BT-WHT,VV X27PRO - NO BT (WHT),Battery,Vivo,,,15000,5,10,16500,23000,22000,2,1 Month Warranty ,Sin1 p,Active (ရောင်းမည်),Products_Images/VV-X27pro-BT-WHT.Images.025624.jpg,🆕 အသစ်/မရောင်းရသေး
Spare Part,RM,K30,No,GLS,"AAA , BLK",RM-K30-GLS-AAA -BLK,RM-K30-GLS-AAA -BLK,"RM K30 - NO GLS (AAA , BLK)",GLASS,Xiaomi,,,5000,6,6,5000,5750,5500,2,1 Month Warranty ,Box1,Active (ရောင်းမည်),,🆕 အသစ်/မရောင်းရသေး
,,,,,,,,,,,,,,,,,,,,,,,,
Spare Part,RM,10X(4G),No,GLS,"AAA , BLK",RM-10X(4G)-GLS-AAA -BLK,RM-10X(4G)-GLS-AAA -BLK,"RM 10X(4G) - NO GLS (AAA , BLK)",GLASS,Xiaomi,,,5000,3,3,5000,7000,6000,2,1 Month Warranty ,Box1,Active (ရောင်းမည်),,🆕 အသစ်/မရောင်းရသေး
Spare Part,VV,X27,No,BT,WHT,VV-X27-BT-WHT,VV-X27-BT-WHT,VV X27 - NO BT (WHT),Battery,Vivo,,,15000,5,9,16333,23000,22000,2,1 Month Warranty ,Sin1 p,Active (ရောင်းမည်),Products_Images/VV-X27-BT-WHT.Images.025939.jpg,🆕 အသစ်/မရောင်းရသေး
Spare Part,RM,5,No,GLS,"AAA , BLK",RM-5-GLS-AAA -BLK,RM-5-GLS-AAA -BLK,"RM 5 - NO GLS (AAA , BLK)",GLASS,Xiaomi,,,5000,7,7,5000,5750,5500,2,1 Month Warranty ,Box1,Active (ရောင်းမည်),,🆕 အသစ်/မရောင်းရသေး
Spare Part,RM,N5,No,GLS,"AAA , BLK",RM-N5-GLS-AAA -BLK,RM-N5-GLS-AAA -BLK,"RM N5 - NO GLS (AAA , BLK)",GLASS,Xiaomi,,,5000,6,6,5000,7000,6000,2,1 Month Warranty ,Box1,Active (ရောင်းမည်),,🆕 အသစ်/မရောင်းရသေး
Spare Part,VV,X7plus,No,BT,WHT,VV-X7plus-BT-WHT,VV-X7plus-BT-WHT,VV X7PLUS - NO BT (WHT),Battery,Vivo,,,15000,6,11,16364,23000,22000,2,1 Month Warranty ,Sin1 p,Active (ရောင်းမည်),Products_Images/VV-X7plus-BT-WHT.Images.030118.jpg,🆕 အသစ်/မရောင်းရသေး
Spare Part,VV,Y7s,No,BT,WHT,VV-Y7s-BT-WHT,VV-Y7s-BT-WHT,VV Y7S - NO BT (WHT),Battery,Vivo,,,15000,5,10,16500,23000,22000,2,1 Month Warranty ,Sin1 p,Active (ရောင်းမည်),Products_Images/VV-Y7s-BT-WHT.Images.030225.jpg,🆕 အသစ်/မရောင်းရသေး
Spare Part,RM,N8PRO,No,GLS,"AAA , BLK",RM-N8PRO-GLS-AAA -BLK,RM-N8PRO-GLS-AAA -BLK,"RM N8PRO - NO GLS (AAA , BLK)",GLASS,Xiaomi,,,5000,7,7,5000,6000,5000,2,1 Month Warranty ,Box1,Active (ရောင်းမည်),,🆕 အသစ်/မရောင်းရသေး
Spare Part,VV,X30,No,BT,WHT,VV-X30-BT-WHT,VV-X30-BT-WHT,VV X30 - NO BT (WHT),Battery,Vivo,,,15000,16,21,15714,23000,22000,2,1 Month Warranty ,Sin1 p,Active (ရောင်းမည်),Products_Images/VV-X30-BT-WHT.Images.030326.jpg,🆕 အသစ်/မရောင်းရသေး
Spare Part,RM,N7,No,GLS,"AAA , BLK",RM-N7-GLS-AAA -BLK,RM-N7-GLS-AAA -BLK,"RM N7 - NO GLS (AAA , BLK)",GLASS,Xiaomi,,,5000,5,5,5000,6000,5000,2,1 Month Warranty ,Box1,Active (ရောင်းမည်),,🆕 အသစ်/မရောင်းရသေး
Spare Part,VV,Z5,No,BT,WHT,VV-Z5-BT-WHT,VV-Z5-BT-WHT,VV Z5 - NO BT (WHT),Battery,Vivo,,,15000,13,18,15833,23000,22000,2,1 Month Warranty ,Sin1 p,Active (ရောင်းမည်),Products_Images/VV-Z5-BT-WHT.Images.030428.jpg,🆕 အသစ်/မရောင်းရသေး
Spare Part,RM,N8,No,GLS,"AAA , BLK",RM-N8-GLS-AAA -BLK,RM-N8-GLS-AAA -BLK,"RM N8 - NO GLS (AAA , BLK)",GLASS,Xiaomi,,,5000,8,8,5000,6000,5000,2,1 Month Warranty ,Box1,Active (ရောင်းမည်),,🆕 အသစ်/မရောင်းရသေး
Spare Part,HW,NOVA5,No,BT,WHT,HW-NOVA5-BT-WHT,HW-NOVA5-BT-WHT,HW NOVA5 - NO BT (WHT),Battery,HUAWEI,,,15000,5,12,16750,23000,22000,2,1 Month Warranty ,Sin1 p,Active (ရောင်းမည်),Products_Images/HW-NOVA5-BT-WHT.Images.030542.jpg,🆕 အသစ်/မရောင်းရသေး
Spare Part,HW,MATE20X,No,BT,WHT,HW-MATE20X-BT-WHT,HW-MATE20X-BT-WHT,HW MATE20X - NO BT (WHT),Battery,HUAWEI,,,15000,33,42,15643,23000,22000,2,1 Month Warranty ,Sin1 p,Active (ရောင်းမည်),Products_Images/HW-MATE20X-BT-WHT.Images.030659.jpg,🆕 အသစ်/မရောင်းရသေး
Spare Part,HW,MATE8,No,BT,WHT,HW-MATE8-BT-WHT,HW-MATE8-BT-WHT,HW MATE8 - NO BT (WHT),Battery,HUAWEI,,,15000,21,30,15900,23000,22000,2,1 Month Warranty ,Sin1 p,Active (ရောင်းမည်),Products_Images/HW-MATE8-BT-WHT.Images.030808.jpg,🆕 အသစ်/မရောင်းရသေး
Spare Part,RM,N12TURBO,No,GLS,"OCA , BLK",RM-N12TURBO-GLS-OCA -BLK,RM-N12TURBO-GLS-OCA -BLK,"RM N12TURBO - NO GLS (OCA , BLK)",OCA+GLASS,Xiaomi,,,7000,2,1,7000,7700,8050,2,1 Month Warranty ,Box1,Active (ရောင်းမည်),,🛒 အရောင်းပါး
Spare Part,RM,N13(5G),No,GLS,"BLK , OCA",RM-N13(5G)-GLS-BLK -OCA,RM-N13(5G)-GLS-BLK -OCA,"RM N13(5G) - NO GLS (BLK , OCA)",OCA+GLASS,Xiaomi,,,7000,2,2,7000,8050,7700,2,1 Month Warranty ,Box1,Active (ရောင်းမည်),,🆕 အသစ်/မရောင်းရသေး
Spare Part,OP,R11plus,No,BT,WHT,OP-R11plus-BT-WHT,OP-R11plus-BT-WHT,OP R11PLUS - NO BT (WHT),Battery,OPPO,,,15000,20,25,15600,23000,22000,2,1 Month Warranty ,Sin1 p,Active (ရောင်းမည်),Products_Images/OP-R11plus-BT-WHT.Images.031302.jpg,🆕 အသစ်/မရောင်းရသေး
Spare Part,OP,R9plus,No,BT,WHT,OP-R9plus-BT-WHT,OP-R9plus-BT-WHT,OP R9PLUS - NO BT (WHT),Battery,OPPO,,,15000,36,43,15488,23000,22000,2,1 Month Warranty ,Sin1 p,Active (ရောင်းမည်),Products_Images/OP-R9plus-BT-WHT.Images.031414.jpg,🆕 အသစ်/မရောင်းရသေး
Spare Part,OP,RENOZ,No,BT,WHT,OP-RENOZ-BT-WHT,OP-RENOZ-BT-WHT,OP RENOZ - NO BT (WHT),Battery,OPPO,,,15000,8,13,16154,23000,22000,2,1 Month Warranty ,Sin1 p,Active (ရောင်းမည်),Products_Images/OP-RENOZ-BT-WHT.Images.031550.jpg,🆕 အသစ်/မရောင်းရသေး
Spare Part,RM,N7PRO,No,GLS,"BLK , OCA",RM-N7PRO-GLS-BLK -OCA,RM-N7PRO-GLS-BLK -OCA,"RM N7PRO - NO GLS (BLK , OCA)",OCA+GLASS,Xiaomi,,,7000,2,2,7000,9000,8000,2,1 Month Warranty ,Box1,Active (ရောင်းမည်),,🆕 အသစ်/မရောင်းရသေး
Spare Part,OP,RENO,No,BT,WHT,OP-RENO-BT-WHT,OP-RENO-BT-WHT,OP RENO - NO BT (WHT),Battery,OPPO,,,15000,8,13,16154,23000,22000,2,1 Month Warranty ,Sin1 p,Active (ရောင်းမည်),Products_Images/OP-RENO-BT-WHT.Images.031659.jpg,🆕 အသစ်/မရောင်းရသေး
Spare Part,OP,RENO2,No,BT,WHT,OP-RENO2-BT-WHT,OP-RENO2-BT-WHT,OP RENO2 - NO BT (WHT),Battery,OPPO,,,15000,12,17,15882,23000,22000,2,1 Month Warranty ,Sin1 p,Active (ရောင်းမည်),Products_Images/OP-RENO2-BT-WHT.Images.031804.jpg,🆕 အသစ်/မရောင်းရသေး
Spare Part,OP,RENO2Z,No,BT,WHT,OP-RENO2Z-BT-WHT,OP-RENO2Z-BT-WHT,OP RENO2Z - NO BT (WHT),Battery,OPPO,,,15000,9,14,16071,23000,22000,2,1 Month Warranty ,Sin1 p,Active (ရောင်းမည်),Products_Images/OP-RENO2Z-BT-WHT.Images.031919.jpg,🆕 အသစ်/မရောင်းရသေး
Spare Part,OP,R7plus,No,BT,WHT,OP-R7plus-BT-WHT,OP-R7plus-BT-WHT,OP R7PLUS - NO BT (WHT),Battery,OPPO,,,15000,41,45,15267,23000,22000,2,1 Month Warranty ,Sin1 p,Active (ရောင်းမည်),Products_Images/OP-R7plus-BT-WHT.Images.032047.jpg,🆕 အသစ်/မရောင်းရသေး
Spare Part,RM,N5,No,GLS,"OCA , BLK",RM-N5-GLS-OCA -BLK,RM-N5-GLS-OCA -BLK,"RM N5 - NO GLS (OCA , BLK)",OCA+GLASS,Xiaomi,,,7000,6,6,7000,9000,8000,2,1 Month Warranty ,Box1,Active (ရောင်းမည်),,🆕 အသစ်/မရောင်းရသေး
Spare Part,RM,N5,No,GLS,"OCA , WHT",RM-N5-GLS-OCA -WHT,RM-N5-GLS-OCA -WHT,"RM N5 - NO GLS (OCA , WHT)",OCA+GLASS,Xiaomi,,,7000,5,5,7000,9000,8000,2,1 Month Warranty ,Box1,Active (ရောင်းမည်),,🆕 အသစ်/မရောင်းရသေး
Spare Part,RM,N8,No,GLS,"OCA , BLK",RM-N8-GLS-OCA -BLK,RM-N8-GLS-OCA -BLK,"RM N8 - NO GLS (OCA , BLK)",OCA+GLASS,Xiaomi,,,7000,2,1,7000,9000,8500,2,1 Month Warranty ,Box1,Active (ရောင်းမည်),,🛒 အရောင်းပါး
Spare Part,RM,8,No,GLS,"OCA , BLK",RM-8-GLS-OCA -BLK,RM-8-GLS-OCA -BLK,"RM 8 - NO GLS (OCA , BLK)",OCA+GLASS,Xiaomi,,,7000,3,3,7000,9000,8000,2,1 Month Warranty ,Box1,Active (ရောင်းမည်),,🆕 အသစ်/မရောင်းရသေး
Spare Part,RM,9T,No,GLS,"OCA , BLK",RM-9T-GLS-OCA -BLK,RM-9T-GLS-OCA -BLK,"RM 9T - NO GLS (OCA , BLK)",OCA+GLASS,Xiaomi,,,7000,2,2,7000,8050,7700,2,1 Month Warranty ,Box1,Active (ရောင်းမည်),,🆕 အသစ်/မရောင်းရသေး
Spare Part,RM,N9S,No,GLS,"OCA , BLK",RM-N9S-GLS-OCA -BLK,RM-N9S-GLS-OCA -BLK,"RM N9S - NO GLS (OCA , BLK)",OCA+GLASS,Xiaomi,,,5000,2,2,0,9000,8000,2,1 Month Warranty ,Box1,Active (ရောင်းမည်),,🆕 အသစ်/မရောင်းရသေး
Spare Part,RM,N7,No,GLS,"OCA , BLK",RM-N7-GLS-OCA -BLK,RM-N7-GLS-OCA -BLK,"RM N7 - NO GLS (OCA , BLK)",OCA+GLASS,Xiaomi,,,7000,2,2,7000,9000,8000,2,1 Month Warranty ,Box1,Active (ရောင်းမည်),,🆕 အသစ်/မရောင်းရသေး
Spare Part,RM,N8PRO,No,GLS,"OCA , BLK",RM-N8PRO-GLS-OCA -BLK,RM-N8PRO-GLS-OCA -BLK,"RM N8PRO - NO GLS (OCA , BLK)",OCA+GLASS,Xiaomi,,,7000,2,2,7000,9000,8000,2,1 Month Warranty ,Box1,Active (ရောင်းမည်),,🆕 အသစ်/မရောင်းရသေး
Accessories,YK,D810,No,BEP,BLK,YK-D810-BEP-BLK,YK-D810-BEP-BLK,YK D810 - NO BEP (BLK),Earphones,YK,,,5000,25,20,5000,30000,25000,2,1 Month Warranty ,Box1,Active (ရောင်းမည်),Products_Images/YK-D810-BEP-BLK.Images.034314.jpg,🆕 အသစ်/မရောင်းရသေး
Spare Part,RM,8LITE,No,GLS,"OCA , BLK",RM-8LITE-GLS-OCA -BLK,RM-8LITE-GLS-OCA -BLK,"RM 8LITE - NO GLS (OCA , BLK)",OCA+GLASS,Xiaomi,,,7000,2,2,7000,8050,7700,2,1 Month Warranty ,Box1,Active (ရောင်းမည်),,🆕 အသစ်/မရောင်းရသေး
Accessories,YK,S9,No,BEP,BLK,YK-S9-BEP-BLK,YK-S9-BEP-BLK,YK S9 - NO BEP (BLK),Earphones,YK,,,10000,10,7,10000,15000,14000,2,1 Month Warranty ,Sin1 p,Active (ရောင်းမည်),Products_Images/YK-S9-BEP-BLK.Images.035529.jpg,🛒 အရောင်းပါး
Spare Part,RM,N13PRO(4G),No,GLS,"OCA , BLK",RM-N13PRO(4G)-GLS-OCA -BLK,RM-N13PRO(4G)-GLS-OCA -BLK,"RM N13PRO(4G) - NO GLS (OCA , BLK)",OCA+GLASS,Xiaomi,,,7000,2,2,7000,8050,7700,2,1 Month Warranty ,Box1,Active (ရောင်းမည်),,🆕 အသစ်/မရောင်းရသေး
Accessories,XNG,X152,No,CB,"MC , WHT",XNG-X152-CB-MC -WHT,XNG-X152-CB-MC -WHT,"XNG X152 - NO CB (MC , WHT)",Cable,XINGER,,,1800,6,5,3000,4000,4500,2,1 Month Warranty ,Sin3,Active (ရောင်းမည်),Products_Images/XNG-X152-CB-MC -WHT.Images.040037.jpg,🆕 အသစ်/မရောင်းရသေး
Accessories,CAR,C305,No,USB,BLK,CAR-C305-USB-BLK,CAR-C305-USB-BLK,CAR C305 - NO USB (BLK),CAR CHARGER,XINGER,,,5000,1,1,5000,8000,7000,2,1 Month Warranty ,Sin3,Active (ရောင်းမည်),Products_Images/CAR-C305-USB-BLK.Images.040227.jpg,🆕 အသစ်/မရောင်းရသေး
Accessories,PIXI,Marrow,No,BEP,WHT,PIXI-Marrow-BEP-WHT,PIXI-Marrow-BEP-WHT,PIXI MARROW - NO BEP (WHT),Earphones,OTHER,,,5000,5,5,5000,8000,7000,2,1 Month Warranty ,Box1,Active (ရောင်းမည်),Products_Images/PIXI-Marrow-BEP-WHT.Images.040643.jpg,🆕 အသစ်/မရောင်းရသေး
Electronic,SMART THREE,XY008,No,FAN,BLU,SMART THREE-XY008-FAN-BLU,SMART THREE-XY008-FAN-BLU,SMART THREE XY008 - NO FAN (BLU),FAN,SMALl FAN,,,40000,3,3,40000,60000,55000,2,1 Month Warranty ,Sin5,Active (ရောင်းမည်),Products_Images/SMART THREE-XY008-FAN-BLU.Images.050121.jpg,🆕 အသစ်/မရောင်းရသေး
Spare Part,RM,N9PRO(5G),No,GLS,"BLK , OCA",RM-N9PRO(5G)-GLS-BLK -OCA,RM-N9PRO(5G)-GLS-BLK -OCA,"RM N9PRO(5G) - NO GLS (BLK , OCA)",OCA+GLASS,Xiaomi,,,7000,2,2,7000,9000,8000,2,1 Month Warranty ,Box1,Active (ရောင်းမည်),,🆕 အသစ်/မရောင်းရသေး
Spare Part,RM,CC9,No,GLS,"OCA , BLK",RM-CC9-GLS-OCA -BLK,RM-CC9-GLS-OCA -BLK,"RM CC9 - NO GLS (OCA , BLK)",OCA+GLASS,Xiaomi,,,7000,3,3,7000,9000,8000,2,1 Month Warranty ,Box1,Active (ရောင်းမည်),,🆕 အသစ်/မရောင်းရသေး
Spare Part,RM,N10(4G),No,GLS,"BLK , OCA",RM-N10(4G)-GLS-BLK -OCA,RM-N10(4G)-GLS-BLK -OCA,"RM N10(4G) - NO GLS (BLK , OCA)",GLASS,Xiaomi,,,7000,2,2,7000,8050,7700,2,1 Month Warranty ,Box1,Active (ရောင်းမည်),,🆕 အသစ်/မရောင်းရသေး
Spare Part,RM,10C,No,GLS,"OCA , BLK",RM-10C-GLS-OCA -BLK,RM-10C-GLS-OCA -BLK,"RM 10C - NO GLS (OCA , BLK)",OCA+GLASS,Xiaomi,,,7000,4,4,7000,9000,8000,2,1 Month Warranty ,Box1,Active (ရောင်းမည်),,🆕 အသစ်/မရောင်းရသေး
Spare Part,RM,10X,No,GLS,"OCA , BLK",RM-10X-GLS-OCA -BLK,RM-10X-GLS-OCA -BLK,"RM 10X - NO GLS (OCA , BLK)",OCA+GLASS,Xiaomi,,,7000,2,2,7000,9000,8000,2,1 Month Warranty ,Box1,Active (ရောင်းမည်),,🆕 အသစ်/မရောင်းရသေး
Spare Part,VV,V9,No,GLS,"OCA , BLK",VV-V9-GLS-OCA -BLK,VV-V9-GLS-OCA -BLK,"VV V9 - NO GLS (OCA , BLK)",OCA+GLASS,Vivo,,,7000,2,2,7000,10000,9000,2,1 Month Warranty ,Box1,Active (ရောင်းမည်),,🆕 အသစ်/မရောင်းရသေး
Spare Part,VV,S1,No,GLS,"OCA , BLK",VV-S1-GLS-OCA -BLK,VV-S1-GLS-OCA -BLK,"VV S1 - NO GLS (OCA , BLK)",OCA+GLASS,Vivo,,,7000,2,2,7000,13000,12000,2,1 Month Warranty ,Box1,Active (ရောင်းမည်),,🆕 အသစ်/မရောင်းရသေး
Spare Part,VV,V11PRO,No,GLS,"OCA , BLK",VV-V11PRO-GLS-OCA -BLK,VV-V11PRO-GLS-OCA -BLK,"VV V11PRO - NO GLS (OCA , BLK)",OCA+GLASS,Vivo,,,7000,2,2,7000,10000,9000,2,1 Month Warranty ,Box1,Active (ရောင်းမည်),,🆕 အသစ်/မရောင်းရသေး
Spare Part,VV,Y15(19),No,GLS,"OCA , BLK",VV-Y15(19)-GLS-OCA -BLK,VV-Y15(19)-GLS-OCA -BLK,"VV Y15(19) - NO GLS (OCA , BLK)",OCA+GLASS,Vivo,,,7000,5,5,7000,10000,9000,2,1 Month Warranty ,Box1,Active (ရောင်းမည်),,🆕 အသစ်/မရောင်းရသေး
Spare Part,VV,V11,No,GLS,"OCA , BLK",VV-V11-GLS-OCA -BLK,VV-V11-GLS-OCA -BLK,"VV V11 - NO GLS (OCA , BLK)",OCA+GLASS,Vivo,,,7000,2,2,7000,10000,9000,2,1 Month Warranty ,Box1,Active (ရောင်းမည်),,🆕 အသစ်/မရောင်းရသေး
Spare Part,VV,V7PLUS,No,GLS,"OCA , BLK",VV-V7PLUS-GLS-OCA -BLK,VV-V7PLUS-GLS-OCA -BLK,"VV V7PLUS - NO GLS (OCA , BLK)",OCA+GLASS,Vivo,,,7000,2,2,7000,10000,9000,2,1 Month Warranty ,Box1,Active (ရောင်းမည်),,🆕 အသစ်/မရောင်းရသေး
Spare Part,VV,V7,No,GLS,"OCA , BLK",VV-V7-GLS-OCA -BLK,VV-V7-GLS-OCA -BLK,"VV V7 - NO GLS (OCA , BLK)",OCA+GLASS,Vivo,,,7000,2,2,7000,10000,9000,2,1 Month Warranty ,Box1,Active (ရောင်းမည်),,🆕 အသစ်/မရောင်းရသေး
Spare Part,VV,Y11,No,GLS,"BLK , OCA",VV-Y11-GLS-BLK -OCA,VV-Y11-GLS-BLK -OCA,"VV Y11 - NO GLS (BLK , OCA)",OCA+GLASS,Vivo,,,7000,2,2,7000,10000,9000,2,1 Month Warranty ,Box1,Active (ရောင်းမည်),,🆕 အသစ်/မရောင်းရသေး
Spare Part,VV,V17PRO,No,GLS,"OCA , BLK",VV-V17ORO-GLS-OCA -BLK,VV-V17PRO-GLS-OCA -BLK,"VV V17PRO - NO GLS (OCA , BLK)",OCA+GLASS,Vivo,,,7000,2,2,7000,13000,12000,2,1 Month Warranty ,Box1,Active (ရောင်းမည်),,🆕 အသစ်/မရောင်းရသေး
Spare Part,VV,V20,No,GLS,"OCA , BLK",VV-V20-GLS-OCA -BLK,VV-V20-GLS-OCA -BLK,"VV V20 - NO GLS (OCA , BLK)",OCA+GLASS,Vivo,,,7000,2,2,7000,12000,11000,2,1 Month Warranty ,Box1,Active (ရောင်းမည်),,🆕 အသစ်/မရောင်းရသေး
Spare Part,VV,V15,No,GLS,"OCA , BLK",VV-V15-GLS-OCA -BLK,VV-V15-GLS-OCA -BLK,"VV V15 - NO GLS (OCA , BLK)",OCA+GLASS,Vivo,,,7000,2,2,7000,13000,12000,2,1 Month Warranty ,Box1,Active (ရောင်းမည်),,🆕 အသစ်/မရောင်းရသေး
Spare Part,VV,V15PRO,No,GLS,"OCA , BLK",VV-V15PRO-GLS-OCA -BLK,VV-V15PRO-GLS-OCA -BLK,"VV V15PRO - NO GLS (OCA , BLK)",OCA+GLASS,Vivo,,,7000,2,2,7000,13000,12000,2,1 Month Warranty ,Box1,Active (ရောင်းမည်),,🆕 အသစ်/မရောင်းရသေး
Spare Part,VV,Y81,Y83/Y85,GLS,"OCA , BLK",VV-Y81-GLS-OCA -BLK,VV-Y81-GLS-OCA -BLK,"VV Y81 - Y83/Y85 GLS (OCA , BLK)",OCA+GLASS,Vivo,,,7000,5,5,7000,10000,9000,2,1 Month Warranty ,Box1,Active (ရောင်းမည်),,🆕 အသစ်/မရောင်းရသေး
Spare Part,VV,S1PRO,No,GLS,"OCA , BLK",VV-S1PRO-GLS-OCA -BLK,VV-S1PRO-GLS-OCA -BLK,"VV S1PRO - NO GLS (OCA , BLK)",OCA+GLASS,Vivo,,,7000,2,2,7000,15000,14000,2,1 Month Warranty ,Box1,Active (ရောင်းမည်),,🆕 အသစ်/မရောင်းရသေး
Spare Part,VV,Y71,No,GLS,"OCA , BLK",VV-Y71-GLS-OCA -BLK,VV-Y71-GLS-OCA -BLK,"VV Y71 - NO GLS (OCA , BLK)",OCA+GLASS,Vivo,,,7000,4,4,7000,10000,9000,2,1 Month Warranty ,Box1,Active (ရောင်းမည်),,🆕 အသစ်/မရောင်းရသေး
Spare Part,VV,Y22S,No,GLS,"OCA , BLK",VV-Y22S-GLS-OCA -BLK,VV-Y22S-GLS-OCA -BLK,"VV Y22S - NO GLS (OCA , BLK)",OCA+GLASS,Vivo,,,7000,2,2,7000,10000,9000,2,1 Month Warranty ,Box1,Active (ရောင်းမည်),,🆕 အသစ်/မရောင်းရသေး
Spare Part,VV,Y91,No,GLS,,VV-Y91-GLS,VV-Y91-GLS,VV Y91 - NO GLS,OCA+GLASS,Vivo,,,7000,2,2,7000,10000,9000,2,1 Month Warranty ,Box1,Active (ရောင်းမည်),,🆕 အသစ်/မရောင်းရသေး
Spare Part,VV,Y27,No,GLS,"OCA , BLK",VV-Y27-GLS-OCA -BLK,VV-Y27-GLS-OCA -BLK,"VV Y27 - NO GLS (OCA , BLK)",OCA+GLASS,Vivo,,,7000,2,2,7000,10000,9000,2,1 Month Warranty ,Box1,Active (ရောင်းမည်),,🆕 အသစ်/မရောင်းရသေး
Spare Part,VV,Y19,No,GLS,"OCA , BLK",VV-Y19-GLS,VV-Y19-GLS,VV Y19 - NO GLS,OCA+GLASS,Vivo,,,7000,2,2,7000,10000,9000,2,1 Month Warranty ,Box1,Active (ရောင်းမည်),,🆕 အသစ်/မရောင်းရသေး
Spare Part,VV,Y31(20),No,GLS,"OCA , BLK",VV-Y31(20)-GLS-OCA -BLK,VV-Y31(20)-GLS-OCA -BLK,"VV Y31(20) - NO GLS (OCA , BLK)",GLASS,Vivo,,,7000,2,2,7000,10000,9000,2,1 Month Warranty ,Box1,Active (ရောင်းမည်),,🆕 အသစ်/မရောင်းရသေး
Spare Part,VV,Y20,No,GLS,"OCA , BLK",VV-Y20-GLS-OCA -BLK,VV-Y20-GLS-OCA -BLK,"VV Y20 - NO GLS (OCA , BLK)",GLASS,Vivo,,,7000,2,2,7000,10000,9000,2,1 Month Warranty ,Box1,Active (ရောင်းမည်),,🆕 အသစ်/မရောင်းရသေး
Spare Part,VV,Y71,No,GLS,"AAA , WHT",VV-Y71-GLS-AAA -WHT,VV-Y71-GLS-AAA -WHT,"VV Y71 - NO GLS (AAA , WHT)",GLASS,Vivo,,,5000,14,14,5000,8000,7000,2,1 Month Warranty ,Box1,Active (ရောင်းမည်),,🆕 အသစ်/မရောင်းရသေး
Spare Part,VV,Y91,Y93/95,GLS,"AAA , BLK",VV-Y91-GLS-AAA -BLK,VV-Y91-GLS-AAA -BLK,"VV Y91 - Y93/95 GLS (AAA , BLK)",GLASS,Vivo,,,5000,3,3,5000,8000,7000,2,1 Month Warranty ,Box1,Active (ရောင်းမည်),,🆕 အသစ်/မရောင်းရသေး
Spare Part,VV,Y3,Y11/Y12,GLS,"AAA , BLK",VV-Y3-GLS-AAA -BLK,VV-Y3-GLS-AAA -BLK,"VV Y3 - Y11/Y12 GLS (AAA , BLK)",GLASS,Vivo,,,5000,2,2,5000,8000,7000,2,1 Month Warranty ,Box1,Active (ရောင်းမည်),,🆕 အသစ်/မရောင်းရသေး
Spare Part,VV,Y81,No,GLS,"AAA , BLK",VV-Y81-GLS-AAA -BLK,VV-Y81-GLS-AAA -BLK,"VV Y81 - NO GLS (AAA , BLK)",GLASS,Vivo,,,5000,5,5,5000,8000,7000,2,1 Month Warranty ,Box1,Active (ရောင်းမည်),,🆕 အသစ်/မရောင်းရသေး
Spare Part,HW,Y9(19),No,GLS,"OCA , BLK",HW-Y9(19)-GLS-OCA -BLK,HW-Y9(19)-GLS-OCA -BLK,"HW Y9(19) - NO GLS (OCA , BLK)",OCA+GLASS,HUAWEI,,,7000,4,4,7000,12000,11000,2,1 Month Warranty ,Box1,Active (ရောင်းမည်),,🆕 အသစ်/မရောင်းရသေး
Accessories,UW,A69,No,CHS,"MC , WHT",UW-A69-CHS-MC -WHT,UW-A69-CHS-MC -WHT,"UW A69 - NO CHS (MC , WHT)",Charger set,U-Winn,,,13500,,4,15500,20000,20000,2,1 Month Warranty ,Sin1,Active (ရောင်းမည်),Products_Images/UW-A69-CHS-MC -WHT.Images.020812.jpg,🛒 အရောင်းပါး
Spare Part,HW,NOVA5I,Nova7i/P40Lite,GLS,"OCA , BLK",HW-NOVA5I-GLS-OCA -BLK,HW-NOVA5I-GLS-OCA -BLK,"HW NOVA5I - NOVA7I/P40LITE GLS (OCA , BLK)",GLASS,HUAWEI,,,7000,3,4,16250,13000,12000,2,1 Month Warranty ,Box1,Active (ရောင်းမည်),,🆕 အသစ်/မရောင်းရသေး
Spare Part,HW,Y6P(20),No,GLS,"BLK , OCA",HW-Y6P(20)-GLS-AAA -BLK,HW-Y6P(20)-GLS-AAA -BLK,"HW Y6P(20) - NO GLS (AAA , BLK)",GLASS,HUAWEI,,,5000,3,3,0,10000,9000,2,1 Month Warranty ,Box1,Active (ရောင်းမည်),,🆕 အသစ်/မရောင်းရသေး
Spare Part,HW,Y7P,No,GLS,"BLK , OCA",HW-Y7P-GLS-BLK -OCA,HW-Y7P-GLS-BLK -OCA,"HW Y7P - NO GLS (BLK , OCA)",GLASS,HUAWEI,,,7000,2,2,7000,10000,9000,2,1 Month Warranty ,Box1,Active (ရောင်းမည်),,🆕 အသစ်/မရောင်းရသေး
Spare Part,HW,Y7A,No,GLS,"OCA , BLK",HW-Y7A-GLS-OCA -BLK,HW-Y7A-GLS-OCA -BLK,"HW Y7A - NO GLS (OCA , BLK)",OCA+GLASS,HUAWEI,,,7000,3,3,7000,12000,11000,2,1 Month Warranty ,Box1,Active (ရောင်းမည်),,🆕 အသစ်/မရောင်းရသေး
Spare Part,SS,A10,No,GLS,"OCA , BLK",SS-A10-GLS-OCA -BLK,SS-A10-GLS-OCA -BLK,"SS A10 - NO GLS (OCA , BLK)",OCA+GLASS,SAMSUNG,,,7000,1,1,7000,12000,11000,2,1 Month Warranty ,Box1,Active (ရောင်းမည်),,🆕 အသစ်/မရောင်းရသေး
Spare Part,SS,A10S,No,GLS,"OCA , BLK",SS-A10S-GLS-OCA -BLK,SS-A10S-GLS-OCA -BLK,"SS A10S - NO GLS (OCA , BLK)",OCA+GLASS,SAMSUNG,,,7000,1,1,7000,10000,9000,2,1 Month Warranty ,Box1,Active (ရောင်းမည်),,🆕 အသစ်/မရောင်းရသေး
Accessories,RM,90w,No,CHS,"TC , WHT",RM-90w-CHS-TC -WHT,RM-90w-CHS-TC -WHT,"RM 90W - NO CHS (TC , WHT)",Charger set,Xiaomi,,,15500,,5,15500,30000,29000,2,1 Month Warranty ,Sin1,Active (ရောင်းမည်),Products_Images/RM-90w-CHS-TC -WHT.Images.023909.jpg,🆕 အသစ်/မရောင်းရသေး
Accessories,ST,L47,No,CB,3IN1,ST-L47-CB-3IN1,ST-L47-CB-3IN1,ST L47 - NO CB (3IN1),Cable,U-Winn,,,5200,,5,5800,10000,9000,2,1 Month Warranty ,Sin1,Active (ရောင်းမည်),Products_Images/ST-L47-CB-3IN1.Images.023918.jpg,🆕 အသစ်/မရောင်းရသေး
Accessories,UW,L009,No,CB,"IP , WHT",UW-L009-CB-IP -WHT,UW-L009-CB-IP -WHT,"UW L009 - NO CB (IP , WHT)",Cable,U-Winn,,,1400,,4,1600,5500,6000,2,1 Month Warranty ,Sin1,Active (ရောင်းမည်),Products_Images/UW-L009-CB-IP -WHT.Images.023927.jpg,🆕 အသစ်/မရောင်းရသေး
Accessories,UW,L603T,No,CB,"TC , WHT",UW-L603T-CB-TC -WHT,UW-L603T-CB-TC -WHT,"UW L603T - NO CB (TC , WHT)",Cable,U-Winn,,,1400,,5,2500,5500,5000,2,1 Month Warranty ,Sin1,Active (ရောင်းမည်),Products_Images/UW-L603T-CB-TC -WHT.Images.023938.jpg,🆕 အသစ်/မရောင်းရသေး
Accessories,UW,L201T,No,CB,"TC , BLK",UW-L201T-CB-TC -BLK,UW-L201T-CB-TC -BLK,"UW L201T - NO CB (TC , BLK)",Cable,U-Winn,,,1900,,5,2400,5500,5000,2,1 Month Warranty ,Sin1,Active (ရောင်းမည်),Products_Images/UW-L201T-CB-TC -BLK.Images.023946.jpg,🆕 အသစ်/မရောင်းရသေး
Accessories,UW,L601,No,CB,"IP , WHT",UW-L601-CB-IP -WHT,UW-L601-CB-IP -WHT,"UW L601 - NO CB (IP , WHT)",Cable,U-Winn,,,6700,,2,7800,11500,12000,2,1 Month Warranty ,Sin1,Active (ရောင်းမည်),Products_Images/UW-L601-CB-IP -WHT.Images.023955.jpg,🛒 အရောင်းပါး
Accessories,UW,L601,No,CB,"MC , WHT",UW-L601-CB-MC -WHT,UW-L601-CB-MC -WHT,"UW L601 - NO CB (MC , WHT)",Cable,U-Winn,,,6800,,5,6800,9500,10000,2,1 Month Warranty ,Sin1,Active (ရောင်းမည်),Products_Images/UW-L601-CB-MC -WHT.Images.024004.jpg,🆕 အသစ်/မရောင်းရသေး
,,,,,,,,,,,,,,,,,,,,,,,,
Accessories,UW,L205,No,CB,"IP , BLK",UW-L205-CB-IP -BLK,UW-L205-CB-IP -BLK,"UW L205 - NO CB (IP , BLK)",Cable,U-Winn,,,6500,,2,6500,10000,11000,2,1 Month Warranty ,Sin1,Active (ရောင်းမည်),Products_Images/UW-L205-CB-IP -BLK.Images.024022.jpg,🛒 အရောင်းပါး
Accessories,UW,A10,No,CHS,"TC , WHT",UW-A10-CHS-TC -WHT,UW-A10-CHS-TC -WHT,"UW A10 - NO CHS (TC , WHT)",Charger set,U-Winn,,,7500,,5,7500,14000,11000,2,1 Month Warranty ,Sin1,Active (ရောင်းမည်),Products_Images/UW-A10-CHS-TC -WHT.Images.024031.jpg,🆕 အသစ်/မရောင်းရသေး
Spare Part,SS,A02S,A03S,GLS,"OCA , BLK",SS-A02S-GLS-OCA -BLK,SS-A02S-GLS-OCA -BLK,"SS A02S - A03S GLS (OCA , BLK)",OCA+GLASS,SAMSUNG,,,7000,1,1,7000,13000,12000,2,1 Month Warranty ,Box1,Active (ရောင်းမည်),,🆕 အသစ်/မရောင်းရသေး
Spare Part,SS,A30S,No,GLS,"OCA , BLK",SS-A30S-GLS-OCA -BLK,SS-A30S-GLS-OCA -BLK,"SS A30S - NO GLS (OCA , BLK)",OCA+GLASS,SAMSUNG,,,7000,1,1,7000,15000,14000,2,1 Month Warranty ,Box1,Active (ရောင်းမည်),,🆕 အသစ်/မရောင်းရသေး
Spare Part,SS,A21S,No,GLS,"OCA , BLK",SS-A21S-GLS-OCA -BLK,SS-A21S-GLS-OCA -BLK,"SS A21S - NO GLS (OCA , BLK)",OCA+GLASS,SAMSUNG,,,7000,1,1,7000,15000,14000,2,1 Month Warranty ,Box1,Active (ရောင်းမည်),,🆕 အသစ်/မရောင်းရသေး
Spare Part,SS,A30,No,GLS,"OCA , BLK",SS-A30-GLS-OCA -BLK,SS-A30-GLS-OCA -BLK,"SS A30 - NO GLS (OCA , BLK)",OCA+GLASS,SAMSUNG,,,7000,1,1,7000,8050,7700,2,1 Month Warranty ,Box1,Active (ရောင်းမည်),,🆕 အသစ်/မရောင်းရသေး
Spare Part,SS,A3S,A5,GLS,BLK,SS-A3S-GLS-BLK,SS-A3S-GLS-BLK,SS A3S - A5 GLS (BLK),GLASS,SAMSUNG,,,5000,1,1,0,7000,6000,2,1 Month Warranty ,Box1,Active (ရောင်းမည်),,🆕 အသစ်/မရောင်းရသေး
Spare Part,OP,F11,No,GLS,"OCA , BLK",OP-F11-GLS-OCA -BLK,OP-F11-GLS-OCA -BLK,"OP F11 - NO GLS (OCA , BLK)",OCA+GLASS,OPPO,,,7000,2,2,7000,12000,11000,2,1 Month Warranty ,Box1,Active (ရောင်းမည်),,🆕 အသစ်/မရောင်းရသေး
Spare Part,OP,F9,No,GLS,"OCA , BLK",OP-F9-GLS-OCA -BLK,OP-F9-GLS-OCA -BLK,"OP F9 - NO GLS (OCA , BLK)",OCA+GLASS,OPPO,,,7000,3,3,7000,10000,9000,2,1 Month Warranty ,Box1,Active (ရောင်းမည်),,🆕 အသစ်/မရောင်းရသေး
Spare Part,OP,A5S,A7/A12,GLS,"OCA , BLK",OP-A5S-GLS-OCA -BLK,OP-A5S-GLS-OCA -BLK,"OP A5S - A7/A12 GLS (OCA , BLK)",OCA+GLASS,OPPO,,,7000,5,5,7000,10000,9000,2,1 Month Warranty ,Box1,Active (ရောင်းမည်),,🆕 အသစ်/မရောင်းရသေး
Spare Part,OP,A1K,REALMEC2,GLS,"OCA , BLK",OP-A1K-GLS-OCA -BLK,OP-A1K-GLS-OCA -BLK,"OP A1K - REALMEC2 GLS (OCA , BLK)",OCA+GLASS,OPPO,,,5000,3,3,5000,12000,11000,2,1 Month Warranty ,Box1,Active (ရောင်းမည်),,🆕 အသစ်/မရောင်းရသေး
Spare Part,OP,C21Y,REALMEC25Y,GLS,"OCA , BLK",OP-C21Y-GLS-OCA -BLK,OP-C21Y-GLS-OCA -BLK,"OP C21Y - REALMEC25Y GLS (OCA , BLK)",OCA+GLASS,OPPO,,,7000,3,3,0,12000,11000,2,1 Month Warranty ,Box1,Active (ရောင်းမည်),,🆕 အသစ်/မရောင်းရသေး
Spare Part,TN,SPARK6GO,No,GLS,"OCA , BLK",TN-SPARK6GO-GLS-OCA -BLK,TN-SPARK6GO-GLS-OCA -BLK,"TN SPARK6GO - NO GLS (OCA , BLK)",OCA+GLASS,TECNO,,,5000,1,1,0,10000,9000,2,1 Month Warranty ,Box1,Active (ရောင်းမည်),,🆕 အသစ်/မရောင်းရသေး
Spare Part,RM,BN4A,Note7,BT,ORG,RM-BN4A-BT-ORG,RM-BN4A-BT-ORG,RM BN4A - NOTE7 BT (ORG),Battery,REDMI,,,19500,,4,19500,25000,24000,2,1 Month Warranty ,Box1,Active (ရောင်းမည်),Products_Images/RM-BN4A-BT-ORG.Images.031848.jpg,🆕 အသစ်/မရောင်းရသေး
Spare Part,RM,BN37,6/6a,BT,ORG,RM-BN37-BT-ORG,RM-BN37-BT-ORG,RM BN37 - 6/6A BT (ORG),Battery,REDMI,,,18000,,7,18308,24000,23000,2,1 Month Warranty ,Box1,Active (ရောင်းမည်),Products_Images/RM-BN37-BT-ORG.Images.031857.jpg,🛒 အရောင်းပါး
Spare Part,RM,BN51,8/8a,BT,ORG,RM-BN51-BT-ORG,RM-BN51-BT-ORG,RM BN51 - 8/8A BT (ORG),Battery,REDMI,,,21000,,5,20808,27000,26000,2,1 Month Warranty ,Box1,Active (ရောင်းမည်),Products_Images/RM-BN51-BT-ORG.Images.031906.jpg,✅ ပုံမှန်
Spare Part,RM,BN46,Note8,BT,ORG,RM-BN46-BT-ORG,RM-BN46-BT-ORG,RM BN46 - NOTE8 BT (ORG),Battery,REDMI,,,21000,,1,21000,25000,24000,2,1 Month Warranty ,Box1,Active (ရောင်းမည်),Products_Images/RM-BN46-BT-ORG.Images.031915.jpg,🆕 အသစ်/မရောင်းရသေး
Spare Part,RM,BN5M,Note12,BT,ORG,RM-BN5M-BT-ORG,RM-BN5M-BT-ORG,RM BN5M - NOTE12 BT (ORG),Battery,REDMI,,,24500,,2,24500,25000,24000,2,1 Month Warranty ,Box1,Active (ရောင်းမည်),Products_Images/RM-BN5M-BT-ORG.Images.031925.jpg,🆕 အသစ်/မရောင်းရသေး
Spare Part,RM,BN56,9C,BT,ORG,RM-BN56-BT-ORG,RM-BN56-BT-ORG,RM BN56 - 9C BT (ORG),Battery,REDMI,,,20500,,15,20361,27000,26000,2,1 Month Warranty ,Box1,Active (ရောင်းမည်),Products_Images/RM-BN56-BT-ORG.Images.031934.jpg,🛒 အရောင်းပါး
Spare Part,RM,6A,No,BC,GLD,RM-6A-BC-GLD,RM-6A-BC-GLD,RM 6A - NO BC (GLD),BACK COVER,Xiaomi,,,5500,19,19,5500,7000,6000,2,1 Month Warranty ,Sin (1),Active (ရောင်းမည်),,🆕 အသစ်/မရောင်းရသေး
Spare Part,RM,6A,No,BC,BLU,RM-6A-BC-BLU,RM-6A-BC-BLU,RM 6A - NO BC (BLU),BACK COVER,Xiaomi,,,5500,6,6,5500,7000,6000,2,1 Month Warranty ,Sin (1),Active (ရောင်းမည်),,🆕 အသစ်/မရောင်းရသေး
Spare Part,RM,6A,No,BC,GRAY,RM-6A-BC-GRAY,RM-6A-BC-GRAY,RM 6A - NO BC (GRAY),BACK COVER,Xiaomi,,,5500,26,23,5500,7000,6000,2,1 Month Warranty ,Sin (1),Active (ရောင်းမည်),,🆕 အသစ်/မရောင်းရသေး
Spare Part,RM,7A,No,BC,"BLU , GRAY",RM-7A-BC-BLU -GRAY,RM-7A-BC-BLU -GRAY,"RM 7A - NO BC (BLU , GRAY)",BACK COVER,Xiaomi,,,5500,15,13,5500,7000,6000,2,1 Month Warranty ,Sin (1),Active (ရောင်းမည်),,🛒 အရောင်းပါး
Spare Part,RM,7A,No,BC,GLD,RM-7A-BC-GLD,RM-7A-BC-GLD,RM 7A - NO BC (GLD),BACK COVER,Xiaomi,,,5500,4,4,5500,7000,6000,2,1 Month Warranty ,Sin (1),Active (ရောင်းမည်),,🆕 အသစ်/မရောင်းရသေး
Spare Part,RM,7A,No,BC,BLU,RM-7A-BC-BLU,RM-7A-BC-BLU,RM 7A - NO BC (BLU),BACK COVER,Xiaomi,,,5500,15,15,5500,7000,6000,2,1 Month Warranty ,Sin (1),Active (ရောင်းမည်),,🆕 အသစ်/မရောင်းရသေး
Spare Part,RM,6A,No,BC,BLK,RM-6A-BC-BLK,RM-7A-BC-BLK,RM 7A - NO BC (BLK),BACK COVER,Xiaomi,,,5500,29,28,5500,7000,6000,2,1 Month Warranty ,Sin (1),Active (ရောင်းမည်),,🛒 အရောင်းပါး
Spare Part,RM,8A,No,BC,RED,RM-8A-BC-RED,RM-8A-BC-RED,RM 8A - NO BC (RED),BACK COVER,Xiaomi,,,7500,6,5,7500,9000,8000,2,1 Month Warranty ,Sin (1),Active (ရောင်းမည်),,🆕 အသစ်/မရောင်းရသေး
Spare Part,RM,8A,No,BC,BLU,RM-8A-BC-BLU,RM-8A-BC-BLU,RM 8A - NO BC (BLU),BACK COVER,Xiaomi,,,7500,15,15,7500,9000,8000,2,1 Month Warranty ,Sin (1),Active (ရောင်းမည်),,🆕 အသစ်/မရောင်းရသေး
Spare Part,RM,8A,No,BC,BLK,RM-8A-BC-BLK,RM-8A-BC-BLK,RM 8A - NO BC (BLK),BACK COVER,Xiaomi,,,7500,17,17,7500,9000,8000,2,1 Month Warranty ,Sin (1),Active (ရောင်းမည်),,🆕 အသစ်/မရောင်းရသေး
Spare Part,RM,9A,No,BC,BLK,RM-9A-BC-BLK,RM-9A-BC-BLK,RM 9A - NO BC (BLK),BACK COVER,Xiaomi,,,8008,2,7,23359,10000,9000,2,1 Month Warranty ,Sin (1),Active (ရောင်းမည်),,🆕 အသစ်/မရောင်းရသေး
Spare Part,RM,9A,No,BC,BLU,RM-9A-BC-BLU,RM-9A-BC-BLU,RM 9A - NO BC (BLU),BACK COVER,Xiaomi,,,8000,1,1,8000,10000,9000,2,1 Month Warranty ,Sin (1),Active (ရောင်းမည်),,🆕 အသစ်/မရောင်းရသေး
Spare Part,RM,7,No,BC,BLK,RM-7-BC-BLK,RM-7-BC-BLK,RM 7 - NO BC (BLK),BACK COVER,Xiaomi,,,10000,1,1,0,12000,11000,2,1 Month Warranty ,Sin (1),Active (ရောင်းမည်),,🆕 အသစ်/မရောင်းရသေး
Spare Part,RM,7,No,BC,RED,RM-7-BC-RED,RM-7-BC-RED,RM 7 - NO BC (RED),BACK COVER,Xiaomi,,,10000,1,1,0,12000,11000,2,1 Month Warranty ,Sin (1),Active (ရောင်းမည်),,🆕 အသစ်/မရောင်းရသေး
Spare Part,RM,7,No,BC,"BLK , RED",RM-7-BC-BLK -RED,RM-7-BC-BLK -RED,"RM 7 - NO BC (BLK , RED)",BACK COVER,Xiaomi,,,10000,1,1,0,12000,11000,2,1 Month Warranty ,Sin (1),Active (ရောင်းမည်),,🆕 အသစ်/မရောင်းရသေး
Spare Part,RM,N8,No,BC,BLK,RM-N8-BC-BLK,RM-N8-BC-BLK,RM N8 - NO BC (BLK),BACK COVER,Xiaomi,,,4200,4,3,4160,12000,11000,2,1 Month Warranty ,Sin (1),Active (ရောင်းမည်),,🛒 အရောင်းပါး
Spare Part,RM,N8Pro,No,BC,RED,RM-N8Pro-BC-RED,RM-N8Pro-BC-RED,RM N8PRO - NO BC (RED),BACK COVER,Xiaomi,,,5500,2,2,5750,12000,11000,1,1 Month Warranty ,Sin (1),Active (ရောင်းမည်),,🛒 အရောင်းပါး
Spare Part,RM,12(4G),No,BC,BLU,RM-12(4G)-BC-BLU,RM-12(4G)-BC-BLU,RM 12(4G) - NO BC (BLU),BACK COVER,Xiaomi,,,8000,1,6,8000,13000,12000,2,1 Month Warranty ,Sin (1),Active (ရောင်းမည်),,🆕 အသစ်/မရောင်းရသေး
Spare Part,RM,12(4G),No,BC,WHT,RM-12(4G)-BC-WHT,RM-12(4G)-BC-WHT,RM 12(4G) - NO BC (WHT),BACK COVER,Xiaomi,,,8000,1,0,8000,13000,12000,2,1 Month Warranty ,Sin (1),Active (ရောင်းမည်),,🆕 အသစ်/မရောင်းရသေး
Spare Part,RM,N7,No,BC,WHT,RM-N7-BC-WHT,RM-N7-BC-WHT,RM N7 - NO BC (WHT),BACK COVER,Xiaomi,,,8000,1,0,8000,10000,9000,2,1 Month Warranty ,Sin (1),Active (ရောင်းမည်),,🆕 အသစ်/မရောင်းရသေး
Spare Part,RM,K20,K20PRO/MI9T,BC,BLU,RM-K20-BC-BLU,RM-K20-BC-BLU,RM K20 - K20PRO/MI9T BC (BLU),BACK COVER,Xiaomi,,,8000,1,1,8000,13000,12000,2,1 Month Warranty ,Sin (1),Active (ရောင်းမည်),,🆕 အသစ်/မရောင်းရသေး
Spare Part,RM,13C,No,BC,BLU,RM-13C-BC-BLU,RM-13C-BC-BLU,RM 13C - NO BC (BLU),BACK COVER,Xiaomi,,,17000,1,1,17000,20000,19000,2,1 Month Warranty ,Sin (1),Active (ရောင်းမည်),,🆕 အသစ်/မရောင်းရသေး
Spare Part,RM,14C,No,BC,BLK,RM-14C-BC-BLK,RM-14C-BC-BLK,RM 14C - NO BC (BLK),BACK COVER,Xiaomi,,,7500,2,1,7500,10000,9000,2,1 Month Warranty ,Sin (1),Active (ရောင်းမည်),,🆕 အသစ်/မရောင်းရသေး
Spare Part,RM,8LITE,No,BC,BLK,RM-8LITE-BC-BLK,RM-8LITE-BC-BLK,RM 8LITE - NO BC (BLK),BACK COVER,Xiaomi,,,8000,2,2,8000,12000,11000,2,1 Month Warranty ,Sin (1),Active (ရောင်းမည်),,🆕 အသစ်/မရောင်းရသေး
Spare Part,RM,11LITE,No,BC,BLK,RM-11LITE-BC-BLK,RM-11LITE-BC-BLK,RM 11LITE - NO BC (BLK),BACK COVER,Xiaomi,,,8000,2,2,8000,13000,12000,2,1 Month Warranty ,Sin (1),Active (ရောင်းမည်),,🆕 အသစ်/မရောင်းရသေး
Spare Part,RM,11LITE,No,BC,BLU,RM-11LITE-BC-BLU,RM-11LITE-BC-BLU,RM 11LITE - NO BC (BLU),BACK COVER,Xiaomi,,,8000,2,2,8000,13000,12000,2,1 Month Warranty ,Sin (1),Active (ရောင်းမည်),,🆕 အသစ်/မရောင်းရသေး
Spare Part,RM,N11(4G),No,BC,BLU,RM-N11(4G)-BC-BLU,RM-N11(4G)-BC-BLU,RM N11(4G) - NO BC (BLU),BACK COVER,Xiaomi,,,8000,1,0,8000,9200,8800,2,1 Month Warranty ,Sin (1),Active (ရောင်းမည်),,🛒 အရောင်းပါး
Spare Part,RM,N11(5G),No,BC,"SLV , GRAY",RM-N11(5G)-BC-SLV -GRAY,RM-N11(5G)-BC-SLV -GRAY,"RM N11(5G) - NO BC (SLV , GRAY)",BACK COVER,Xiaomi,,,8000,2,1,8000,13000,12000,2,1 Month Warranty ,Sin (1),Active (ရောင်းမည်),,🆕 အသစ်/မရောင်းရသေး
Spare Part,RM,N12(4G),,BC,ORG,RM-N12(4G)-BC-ORG,RM-N12(4G)-BC-ORG,RM N12(4G) -  BC (ORG),BACK COVER,Xiaomi,,,10000,2,0,0,13000,12000,2,1 Month Warranty ,Sin (1),Active (ရောင်းမည်),,🆕 အသစ်/မရောင်းရသေး
Spare Part,RM,N9PRO(5G),No,BC,BLU,RM-N9PRO(5G)-BC-BLU,RM-N9PRO(5G)-BC-BLU,RM N9PRO(5G) - NO BC (BLU),BACK COVER,Xiaomi,,,8000,2,1,8000,15000,14000,2,1 Month Warranty ,Sin (1),Active (ရောင်းမည်),,🛒 အရောင်းပါး
Spare Part,RM,N11PRO(5G),No,BC,BLU,RM-N11PRO(5G)-BC-BLU,RM-N11PRO(5G)-BC-BLU,RM N11PRO(5G) - NO BC (BLU),BACK COVER,Xiaomi,,,8000,1,1,8000,15000,14000,2,1 Month Warranty ,Sin (1),Active (ရောင်းမည်),,🆕 အသစ်/မရောင်းရသေး
Spare Part,RM,N11PRO5G,No,BC,WHT,RM-N12PRO(5G)-BC-WHT,RM-N11PRO(5G)-BC-WHT,RM N11PRO(5G) - NO BC (WHT),BACK COVER,Xiaomi,,,8000,2,2,8000,15000,14000,2,1 Month Warranty ,Sin (1),Active (ရောင်းမည်),,🆕 အသစ်/မရောင်းရသေး
Spare Part,RM,N11PRO(5G),No,BC,PUR,RM-N11PRO(5G)-BC-PUR,RM-N11PRO(5G)-BC-PUR,RM N11PRO(5G) - NO BC (PUR),BACK COVER,Xiaomi,,,8000,3,3,8000,15000,14000,2,1 Month Warranty ,Sin (1),Active (ရောင်းမည်),,🆕 အသစ်/မရောင်းရသေး
Spare Part,OP,A3S,No,BC,PNK,OP-A3S-BC-PNK,OP-A3S-BC-PNK,OP A3S - NO BC (PNK),BACK COVER,OPPO,,,8000,2,2,8000,15000,14000,2,1 Month Warranty ,Sin (1),Active (ရောင်းမည်),,🆕 အသစ်/မရောင်းရသေး
Spare Part,OP,A3S,No,BC,BLU,OP-A3S-BC-BLU,OP-A3S-BC-BLU,OP A3S - NO BC (BLU),BACK COVER,OPPO,,,8000,1,1,8000,15000,14000,2,1 Month Warranty ,Sin (1),Active (ရောင်းမည်),,🆕 အသစ်/မရောင်းရသေး
Spare Part,OP,A3S,No,BC,BLK,OP-A3S-BC-BLK,OP-A3S-BC-BLK,OP A3S - NO BC (BLK),BACK COVER,OPPO,,,8000,2,2,8000,15000,14000,2,1 Month Warranty ,Sin (1),Active (ရောင်းမည်),,🆕 အသစ်/မရောင်းရသေး
Spare Part,OP,A3S,No,BC,RED,OP-A3S-BC-RED,OP-A3S-BC-RED,OP A3S - NO BC (RED),BACK COVER,OPPO,,,8000,1,1,8000,15000,14000,2,1 Month Warranty ,Sin (1),Active (ရောင်းမည်),,🆕 အသစ်/မရောင်းရသေး
Spare Part,OP,NEO5,No,BC,BLK,OP-NEO5-BC-BLK,OP-NEO5-BC-BLK,OP NEO5 - NO BC (BLK),BACK COVER,,,,8000,2,2,8000,9200,8800,2,1 Month Warranty ,Sin (1),Active (ရောင်းမည်),,🆕 အသစ်/မရောင်းရသေး
Spare Part,OP,NEO5,No,BC,WHT,OP-NEO5-BC-WHT,OP-NEO5-BC-WHT,OP NEO5 - NO BC (WHT),BACK COVER,OPPO,,,8000,2,2,8000,10000,9000,2,1 Month Warranty ,Sin (1),Active (ရောင်းမည်),,🆕 အသစ်/မရောင်းရသေး
Spare Part,OP,8i,No,BC,BLK,OP-8i-BC-BLK,OP-8i-BC-BLK,OP 8I - NO BC (BLK),BACK COVER,OPPO,,,0,2,2,0,0,0,2,1 Month Warranty ,Sin (1),Active (ရောင်းမည်),,🆕 အသစ်/မရောင်းရသေး
Spare Part,OP,7,No,BC,BLU,OP-7-BC-BLU,OP-7-BC-BLU,OP 7 - NO BC (BLU),BACK COVER,OPPO,,,8000,6,6,8000,15000,14000,2,1 Month Warranty ,Sin (1),Active (ရောင်းမည်),,🆕 အသစ်/မရောင်းရသေး
Spare Part,OP,7,No,BC,BLK,OP-7-BC-BLK,OP-7-BC-BLK,OP 7 - NO BC (BLK),BACK COVER,OPPO,,,8000,4,4,8000,15000,14000,2,1 Month Warranty ,Sin (1),Active (ရောင်းမည်),,🆕 အသစ်/မရောင်းရသေး
Spare Part,VV,Y51,No,BC,BLK,VV-Y51-BC-BLK,VV-Y51-BC-BLK,VV Y51 - NO BC (BLK),BACK COVER,Vivo,,,8000,1,1,8000,12000,11000,2,1 Month Warranty ,Sin (1),Active (ရောင်းမည်),,🆕 အသစ်/မရောင်းရသေး
Spare Part,VV,Y51,No,BC,WHT,VV-Y51-BC-WHT,VV-Y51-BC-WHT,VV Y51 - NO BC (WHT),BACK COVER,Vivo,,,8000,3,3,8000,12000,11000,2,1 Month Warranty ,Sin (1),Active (ရောင်းမည်),,🆕 အသစ်/မရောင်းရသေး
Spare Part,VV,Y20,No,BC,BLU,VV-Y20-BC-BLU,VV-Y20-BC-BLU,VV Y20 - NO BC (BLU),BACK COVER,Vivo,,,5200,1,0,5200,5980,5720,2,1 Month Warranty ,Sin (1),Active (ရောင်းမည်),,🛒 အရောင်းပါး
Spare Part,TN,SPARK10C,No,BC,BLK,TN-SPARK10C-BC-BLK,TN-SPARK10C-BC-BLK,TN SPARK10C - NO BC (BLK),BACK COVER,TECNO,,,8000,1,1,8000,9200,8800,2,1 Month Warranty ,Sin (1),Active (ရောင်းမည်),,🆕 အသစ်/မရောင်းရသေး
Spare Part,IP,X,No,BC,BLK,IP-X-BC-BLK,IP-X-BC-BLK,IP X - NO BC (BLK),BACK COVER,IPHONE,,,8000,1,1,8000,28000,27000,2,1 Month Warranty ,Sin (1),Active (ရောင်းမည်),,🆕 အသစ်/မရောင်းရသေး
Spare Part,IP,X,No,BC,WHT,IP-X-BC-WHT,IP-X-BC-WHT,IP X - NO BC (WHT),BACK COVER,IPHONE,,,8000,1,1,8000,28000,27000,2,1 Month Warranty ,Sin (1),Active (ရောင်းမည်),,🆕 အသစ်/မရောင်းရသေး
Spare Part,IP,XS MAX,No,BC,BLK,IP-XS MAX-BC-BLK,IP-XS MAX-BC-BLK,IP XS MAX - NO BC (BLK),BACK COVER,IPHONE,,,8000,1,1,8000,35000,34000,2,1 Month Warranty ,Sin (1),Active (ရောင်းမည်),,🆕 အသစ်/မရောင်းရသေး
Spare Part,IP,5S,No,BC,WHT,IP-5S-BC-WHT,IP-5S-BC-WHT,IP 5S - NO BC (WHT),BACK COVER,IPHONE,,,5000,2,2,0,8000,7000,2,1 Month Warranty ,Sin (1),Active (ရောင်းမည်),,🆕 အသစ်/မရောင်းရသေး
Spare Part,IP,8PLUS,No,BC,BLK,IP-8PLUS-BC-BLK,IP-8PLUS-BC-BLK,IP 8PLUS - NO BC (BLK),BACK COVER,IPHONE,,,8000,2,2,8000,35000,34000,2,1 Month Warranty ,Sin (1),Active (ရောင်းမည်),,🆕 အသစ်/မရောင်းရသေး
Spare Part,IP,8PLUS,No,BC,GLD,IP-8PLUS-BC-GLD,IP-8PLUS-BC-GLD,IP 8PLUS - NO BC (GLD),BACK COVER,IPHONE,,,8000,2,2,8000,35000,34000,2,1 Month Warranty ,Sin (1),Active (ရောင်းမည်),,🆕 အသစ်/မရောင်းရသေး
Spare Part,IP,8PLUS,No,BC,RED,IP-8PLUS-BC-RED,IP-8PLUS-BC-RED,IP 8PLUS - NO BC (RED),BACK COVER,IPHONE,,,8000,2,2,8000,35000,34000,2,1 Month Warranty ,Sin (1),Active (ရောင်းမည်),,🆕 အသစ်/မရောင်းရသေး
Spare Part,IP,11,No,BC,RED,IP-11-BC-RED,IP-11-BC-RED,IP 11 - NO BC (RED),BACK COVER,IPHONE,,,8000,1,1,8000,30000,29000,2,1 Month Warranty ,Sin (1),Active (ရောင်းမည်),,🆕 အသစ်/မရောင်းရသေး
Spare Part,IP,12MINI,No,BC,PUR,IP-12MINI-BC-PUR,IP-12MINI-BC-PUR,IP 12MINI - NO BC (PUR),BACK COVER,IPHONE,,,8000,1,1,8000,20000,19000,2,1 Month Warranty ,Sin (1),Active (ရောင်းမည်),,🆕 အသစ်/မရောင်းရသေး
Spare Part,IP,16,No,BC,WHT,IP-16-BC-WHT,IP-16-BC-WHT,IP 16 - NO BC (WHT),BACK COVER,IPHONE,,,15000,2,2,0,22000,21000,2,1 Month Warranty ,Sin (1),Active (ရောင်းမည်),,🆕 အသစ်/မရောင်းရသေး
Spare Part,RM,7A,No,BD,RED,RM-7A-BD-RED,RM-7A-BD-RED,RM 7A - NO BD (RED),BODY COVER,Xiaomi,,,12000,1,1,12000,15000,14000,2,1 Month Warranty ,Sin (1),Active (ရောင်းမည်),,🆕 အသစ်/မရောင်းရသေး
Spare Part,RM,8A,No,BD,BLK,RM-8A-BD-BLK,RM-8A-BD-BLK,RM 8A - NO BD (BLK),BODY COVER,Xiaomi,,,12000,2,2,12000,15000,14000,,1 Month Warranty ,Sin (1),Active (ရောင်းမည်),,🆕 အသစ်/မရောင်းရသေး
Spare Part,RM,8A,No,BD,RED,RM-8A-BD-RED,RM-8A-BD-RED,RM 8A - NO BD (RED),BODY COVER,Xiaomi,,,12000,2,2,12000,15000,14000,2,1 Month Warranty ,Sin (1),Active (ရောင်းမည်),,🆕 အသစ်/မရောင်းရသေး
Spare Part,RM,8A,No,BD,BLU,RM-8A-BD-BLU,RM-8A-BD-BLU,RM 8A - NO BD (BLU),BODY COVER,Xiaomi,,,12000,1,1,12000,15000,14000,2,1 Month Warranty ,Sin (1),Active (ရောင်းမည်),,🆕 အသစ်/မရောင်းရသေး
Spare Part,RM,8,No,BD,RED,RM-8-BD-RED,RM-8-BD-RED,RM 8 - NO BD (RED),BODY COVER,Xiaomi,,,12000,1,1,12000,15000,14000,2,1 Month Warranty ,Sin (1),Active (ရောင်းမည်),,🆕 အသစ်/မရောင်းရသေး
Spare Part,RM,N10PRO(5G),No,BD,BLK,RM-N10PRO(5G)-BD-BLK,RM-N10PRO(5G)-BD-BLK,RM N10PRO(5G) - NO BD (BLK),BODY COVER,Xiaomi,,,17000,1,1,17000,22000,21000,2,1 Month Warranty ,Sin (1),Active (ရောင်းမည်),,🆕 အသစ်/မရောင်းရသေး
Spare Part,RM,N10PRO(5G),No,BD,GREN,RM-N10PRO(5G)-BD-GREN,RM-N10PRO(5G)-BD-GREN,RM N10PRO(5G) - NO BD (GREN),BODY COVER,Xiaomi,,,17000,1,1,17000,22000,21000,2,1 Month Warranty ,Sin (1),Active (ရောင်းမည်),,🆕 အသစ်/မရောင်းရသေး
Spare Part,RM,N10PRO(5G),No,BD,BLU,RM-N10PRO(5G)-BD-BLU,RM-N10PRO(5G)-BD-BLU,RM N10PRO(5G) - NO BD (BLU),BODY COVER,Xiaomi,,,17000,1,1,17000,22000,21000,2,1 Month Warranty ,Sin (1),Active (ရောင်းမည်),,🆕 အသစ်/မရောင်းရသေး
Spare Part,OP,C3,No,BD,BLU,OP-C3-BD-BLU,OP-C3-BD-BLU,OP C3 - NO BD (BLU),BODY COVER,REALME,,,15000,1,1,15000,20000,19000,2,1 Month Warranty ,Sin (1),Active (ရောင်းမည်),,🆕 အသစ်/မရောင်းရသေး
Spare Part,OP,C3,No,BD,RED,OP-C3-BD-RED,OP-C3-BD-RED,OP C3 - NO BD (RED),BODY COVER,REALME,,,15000,1,1,15000,20000,19000,2,1 Month Warranty ,Sin (1),Active (ရောင်းမည်),,🆕 အသစ်/မရောင်းရသေး
Spare Part,OP,C11,No,BD,RED,OP-C11-BD-RED,OP-C11-BD-RED,OP C11 - NO BD (RED),BODY COVER,,,,15000,2,2,15000,17250,16500,2,1 Month Warranty ,Sin (1),Active (ရောင်းမည်),,🆕 အသစ်/မရောင်းရသေး
Spare Part,OP,C11,No,BD,"RED , BLK",OP-C11-BD-RED -BLK,OP-C11-BD-RED -BLK,"OP C11 - NO BD (RED , BLK)",BODY COVER,REALME,,,15000,1,1,15000,20000,19000,2,1 Month Warranty ,Sin (1),Active (ရောင်းမည်),,🆕 အသစ်/မရောင်းရသေး
Spare Part,RM,K30,No,BD,BLU,RM-K30-BD-BLU,RM-K30-BD-BLU,RM K30 - NO BD (BLU),BODY FRAME,Xiaomi,,,17000,1,1,17000,22000,21000,2,1 Month Warranty ,Sin (1),Active (ရောင်းမည်),,🆕 အသစ်/မရောင်းရသေး
Spare Part,OP,F1S,No,HS,WHT,OP-F1S-HS-WHT,OP-F1S-HS-WHT,OP F1S - NO HS (WHT),FRAME,OPPO,,,15000,1,1,15000,17250,16500,2,1 Month Warranty ,Sin (1),Active (ရောင်းမည်),,🆕 အသစ်/မရောင်းရသေး
Spare Part,RM,6PRO,No,HS,WHT,RM-6PRO-HS-WHT,RM-6PRO-HS-WHT,RM 6PRO - NO HS (WHT),FRAME,Xiaomi,,,15000,1,1,15000,17250,16500,2,1 Month Warranty ,Sin (1),Active (ရောင်းမည်),,🆕 အသစ်/မရောင်းရသေး
Spare Part,RM,N8PRO,No,HS,BLU,RM-N8PRO-HS-BLU,RM-N8PRO-HS-BLU,RM N8PRO - NO HS (BLU),FRAME,Xiaomi,,,17000,1,1,,19550,18700,2,1 Month Warranty ,Sin (1),Active (ရောင်းမည်),,🆕 အသစ်/မရောင်းရသေး
,,,,,,,,,,,,,,,,,,,,,,,,
Spare Part,RM,N8,No,HS,BLK,RM-N8-HS-BLK,RM-N8-HS-BLK,RM N8 - NO HS (BLK),FRAME,Xiaomi,,,0,1,1,0,0,0,2,1 Month Warranty ,Sin (1),Active (ရောင်းမည်),,🆕 အသစ်/မရောင်းရသေး
Accessories,STEREO,M01,No,EP,"TC , WHT",STEREO-M01-EP-TC -WHT,STEREO-M01-EP-TC -WHT,"STEREO M01 - NO EP (TC , WHT)",Earphones,STEREO,,,8500,40,20,8500,18000,17000,2,1 Month Warranty ,Box1,Active (ရောင်းမည်),Products_Images/STEREO-M01-EP-TC -WHT.Images.025647.jpg,🆕 အသစ်/မရောင်းရသေး
Accessories,STEREO,M02,No,EP,"TC , WHT",STEREO-M02-EP-TC -WHT,STEREO-M02-EP-TC -WHT,"STEREO M02 - NO EP (TC , WHT)",Earphones,STEREO,,,8800,40,20,8800,19000,18000,2,1 Month Warranty ,Box1,Active (ရောင်းမည်),Products_Images/STEREO-M02-EP-TC -WHT.Images.025843.jpg,🆕 အသစ်/မရောင်းရသေး
Accessories,STEREO,M06,No,EP,"3.5MM , WHT",STEREO-M06-EP-3.5MM -WHT,STEREO-M06-EP-3.5MM -WHT,"STEREO M06 - NO EP (3.5MM , WHT)",Earphones,STEREO,,,85000,1,1,20000,18000,17000,2,1 Month Warranty ,Box1,Active (ရောင်းမည်),Products_Images/STEREO-M06-EP-3.5MM -WHT.Images.030116.jpg,🆕 အသစ်/မရောင်းရသေး
Accessories,STEREO,M08,No,EP,"TC , WHT",STEREO-M08-EP-TC -WHT,STEREO-M08-EP-TC -WHT,"STEREO M08 - NO EP (TC , WHT)",Earphones,STEREO,,,8500,1,1,20000,18000,17000,2,1 Month Warranty ,Box1,Active (ရောင်းမည်),Products_Images/STEREO-M08-EP-TC -WHT.Images.030424.jpg,🆕 အသစ်/မရောင်းရသေး
Accessories,RM,M6,No,CH,WHT,RM-M6-CH-WHT,RM-M6-CH-WHT,RM M6 - NO CH (WHT),Charger,REDMI,,,4800,200,118,4800,8000,7500,2,1 Month Warranty ,Box1,Active (ရောင်းမည်),Products_Images/RM-M6-CH-WHT.Images.031055.jpg,🔥 အရောင်းကောင်း
Accessories,RM,RPU35,No,CH,WHT,RM-RPU35-CH-WHT,RM-RPU35-CH-WHT,RM RPU35 - NO CH (WHT),Charger,REDMI,,,3800,180,108,3800,7000,6000,2,1 Month Warranty ,Box1,Active (ရောင်းမည်),Products_Images/RM-RPU35-CH-WHT.Images.031329.jpg,🛒 အရောင်းပါး
Spare Part,RM,MAX2(BM50),NO,BT,ORG,RM-MAX2(BM50)-BT-ORG,RM-MAX2(BM50)-BT-ORG,RM MAX2(BM50) - NO BT (ORG),Battery,Xiaomi,,,23000,4,,,27000,25300,2,1 Month Warranty ,Sin3,Active (ရောင်းမည်),,🆕 အသစ်/မရောင်းရသေး
Spare Part,RM,Max1(BM49),No,BT,ORG,RM-Max1(BM49)-BT-ORG,RM-Max1(BM49)-BT-ORG,RM MAX1(BM49) - NO BT (ORG),Battery,Xiaomi,,,22000,11,,,26000,25000,2,1 Month Warranty ,Sin3,Active (ရောင်းမည်),,🆕 အသစ်/မရောင်းရသေး
Spare Part,RM,12(BM5R),No,BT,ORG,RM-12(BM5R)-BT-ORG,RM-12(BM5R)-BT-ORG,RM 12(BM5R) - NO BT (ORG),Battery,Xiaomi,,,20000,4,7,20556,26000,25000,2,1 Month Warranty ,Sin3,Active (ရောင်းမည်),,🛒 အရောင်းပါး
Spare Part,RM,13C(BN5Q),No,BT,ORG,RM-13C(BN5Q)-BT-ORG,RM-13C(BN5Q)-BT-ORG,RM 13C(BN5Q) - NO BT (ORG),Battery,Xiaomi,,,22000,3,3,21688,26000,25000,2,1 Month Warranty ,Sin3,Active (ရောင်းမည်),,🛒 အရောင်းပါး
Spare Part,RM,N12/4G(BN5M),No,BT,ORG,RM-N12/4G(BN5M)-BT-ORG,RM-N12/4G(BN5M)-BT-ORG,RM N12/4G(BN5M) - NO BT (ORG),Battery,Xiaomi,,,18000,2,,,25000,24000,2,1 Month Warranty ,Sin3,Active (ရောင်းမည်),,🆕 အသစ်/မရောင်းရသေး
Spare Part,RM,N11s(BN5D),No,BT,ORG,RM-N11s(BN5D)-BT-ORG,RM-N11s(BN5D)-BT-ORG,RM N11S(BN5D) - NO BT (ORG),Battery,Xiaomi,,,22000,4,5,22000,28000,27000,2,1 Month Warranty ,Sin3,Active (ရောင်းမည်),,🛒 အရောင်းပါး
Spare Part,RM,N10/5G(BN5A),No,BT,ORG,RM-N10/5G(BN5A)-BT-ORG,RM-N10/5G(BN5A)-BT-ORG,RM N10/5G(BN5A) - NO BT (ORG),Battery,Xiaomi,,,21500,4,4,20071,27000,26000,2,1 Month Warranty ,Sin3,Active (ရောင်းမည်),,🛒 အရောင်းပါး
Spare Part,RM,N12/5G(BN5J),No,BT,ORG,RM-N12/5G(BN5J)-BT-ORG,RM-N12/5G(BN5J)-BT-ORG,RM N12/5G(BN5J) - NO BT (ORG),Battery,Xiaomi,,,22000,5,,,25000,24000,2,1 Month Warranty ,Sin3,Active (ရောင်းမည်),,🆕 အသစ်/မရောင်းရသေး
Spare Part,RM,N11T(BN5C),No,BT,ORG,RM-N11T(BN5C)-BT-ORG,RM-N11T(BN5C)-BT-ORG,RM N11T(BN5C) - NO BT (ORG),Battery,Xiaomi,,,22000,10,9,22000,25000,24000,2,1 Month Warranty ,Sin3,Active (ရောင်းမည်),,🆕 အသစ်/မရောင်းရသေး
Spare Part,RM,N13/4G(BN5P),No,BT,ORG,RM-N13/4G(BN5P)-BT-ORG,RM-N13/4G(BN5P)-BT-ORG,RM N13/4G(BN5P) - NO BT (ORG),Battery,Xiaomi,,,20000,8,7,20000,25000,24000,2,1 Month Warranty ,Sin3,Active (ရောင်းမည်),,🛒 အရောင်းပါး
Spare Part,RM,12C(BN5K),No,BT,ORG,RM-12C(BN5K)-BT-ORG,RM-12C(BN5K)-BT-ORG,RM 12C(BN5K) - NO BT (ORG),Battery,Xiaomi,,,20000,3,6,21250,25000,25000,2,1 Month Warranty ,Sin3,Active (ရောင်းမည်),,🛒 အရောင်းပါး
Spare Part,RM,14C(BN5X),No,BT,ORG,RM-14C(BN5X)-BT-ORG,RM-14C(BN5X)-BT-ORG,RM 14C(BN5X) - NO BT (ORG),Battery,Xiaomi,,,20000,5,3,20000,25000,24000,2,1 Month Warranty ,Sin3,Active (ရောင်းမည်),,🆕 အသစ်/မရောင်းရသေး
Spare Part,RM,8/8A(BN51),No,BT,ORG,RM-8/8A(BN51)-BT-ORG,RM-8/8A(BN51)-BT-ORG,RM 8/8A(BN51) - NO BT (ORG),Battery,Xiaomi,,,21500,2,0,21500,24000,23000,2,1 Month Warranty ,Sin3,Active (ရောင်းမည်),,🛒 အရောင်းပါး
Spare Part,RM,N9p(BN53),No,BT,ORG,RM-N9p(BN53)-BT-ORG,RM-N9p(BN53)-BT-ORG,RM N9P(BN53) - NO BT (ORG),Battery,Xiaomi,,,19000,3,,,24000,23000,2,1 Month Warranty ,Sin3,Active (ရောင်းမည်),,🆕 အသစ်/မရောင်းရသေး
Spare Part,RM,10C(BN5G),No,BT,ORG,RM-10C(BN5G)-BT-ORG,RM-10C(BN5G)-BT-ORG,RM 10C(BN5G) - NO BT (ORG),Battery,Xiaomi,,,20000,4,6,20000,27000,26000,2,1 Month Warranty ,Sin3,Active (ရောင်းမည်),,🛒 အရောင်းပါး
Spare Part,RM,N9S(BN55),No,BT,ORG,RM-N9S(BN55)-BT-ORG,RM-N9S(BN55)-BT-ORG,RM N9S(BN55) - NO BT (ORG),Battery,Xiaomi,,,20000,7,,,24000,23000,2,1 Month Warranty ,Sin3,Active (ရောင်းမည်),,🆕 အသစ်/မရောင်းရသေး
Spare Part,RM,9A(BN56),No,BT,ORG,RM-9A(BN56)-BT-ORG,RM-9A(BN56)-BT-ORG,RM 9A(BN56) - NO BT (ORG),Battery,Xiaomi,,,22500,1,-2,22500,27000,26000,2,1 Month Warranty ,Sin3,Active (ရောင်းမည်),,🛒 အရောင်းပါး
Spare Part,RM,X3pro(BN57),No,BT,ORG,RM-X3pro(BN57)-BT-ORG,RM-X3pro(BN57)-BT-ORG,RM X3PRO(BN57) - NO BT (ORG),Battery,Xiaomi,,,20000,7,,,23000,22000,2,1 Month Warranty ,Sin3,Active (ရောင်းမည်),,🆕 အသစ်/မရောင်းရသေး
Spare Part,RM,MAX3(BM51),No,BT,ORG,RM-MAX3(BM51)-BT-ORG,RM-MAX3(BM51)-BT-ORG,RM MAX3(BM51) - NO BT (ORG),Battery,Xiaomi,,,22000,7,,,28000,27000,2,1 Month Warranty ,Sin3,Active (ရောင်းမည်),,🆕 အသစ်/မရောင်းရသေး
Spare Part,RM,N10PRO(BM57),No,BT,ORG,RM-N10PRO(BM57)-BT-ORG,RM-N10PRO(BM57)-BT-ORG,RM N10PRO(BM57) - NO BT (ORG),Battery,Xiaomi,,,20000,4,,,32000,31000,2,1 Month Warranty ,Sin3,Active (ရောင်းမည်),,🆕 အသစ်/မရောင်းရသေး
Spare Part,RM,N10(BN59),No,BT,ORG,RM-N10(BN59)-BT-ORG,RM-N10(BN59)-BT-ORG,RM N10(BN59) - NO BT (ORG),Battery,Xiaomi,,,22000,15,15,22000,25000,24000,2,1 Month Warranty ,Sin3,Active (ရောင်းမည်),,🆕 အသစ်/မရောင်းရသေး
Spare Part,RM,9T(BN62),No,BT,ORG,RM-9T(BN62)-BT-ORG,RM-9T(BN62)-BT-ORG,RM 9T(BN62) - NO BT (ORG),Battery,Xiaomi,,,21000,21,21,21000,25000,24000,2,1 Month Warranty ,Sin3,Active (ရောင်းမည်),,🛒 အရောင်းပါး
Spare Part,RM,7A(BN49),No,BT,ORG,RM-7A(BN49)-BT-ORG,RM-7A(BN49)-BT-ORG,RM 7A(BN49) - NO BT (ORG),Battery,Xiaomi,,,18000,15,13,18000,22000,21000,2,1 Month Warranty ,Sin3,Active (ရောင်းမည်),,🆕 အသစ်/မရောင်းရသေး
Spare Part,RM,6pro(BN47),No,BT,ORG,RM-6pro(BN47)-BT-ORG,RM-6pro(BN47)-BT-ORG,RM 6PRO(BN47) - NO BT (ORG),Battery,Xiaomi,,,18000,27,26,18000,22000,21000,2,1 Month Warranty ,Sin3,Active (ရောင်းမည်),,🆕 အသစ်/မရောင်းရသေး
Spare Part,RM,4X(BM47),No,BT,ORG,RM-4X(BM47)-BT-ORG,RM-4X(BM47)-BT-ORG,RM 4X(BM47) - NO BT (ORG),Battery,Xiaomi,,,18000,4,,,20000,19000,2,1 Month Warranty ,Sin3,Active (ရောင်းမည်),,🆕 အသစ်/မရောင်းရသေး
Spare Part,RM,N3(BM46),No,BT,ORG,RM-N3(BM46)-BT-ORG,RM-N3(BM46)-BT-ORG,RM N3(BM46) - NO BT (ORG),Battery,Xiaomi,,,18000,16,15,18000,21000,20000,2,1 Month Warranty ,Sin3,Active (ရောင်းမည်),,🆕 အသစ်/မရောင်းရသေး
Spare Part,RM,N8(BN46),No,BT,ORG,RM-N8(BN46)-BT-ORG,RM-N8(BN46)-BT-ORG,RM N8(BN46) - NO BT (ORG),Battery,Xiaomi,,,22000,2,0,22000,25000,24000,2,1 Month Warranty ,Sin3,Active (ရောင်းမည်),,🆕 အသစ်/မရောင်းရသေး
Spare Part,RM,N5(BN45),No,BT,ORG,RM-N5(BN45)-BT-ORG,RM-N5(BN45)-BT-ORG,RM N5(BN45) - NO BT (ORG),Battery,Xiaomi,,,18000,12,11,18000,24000,23000,2,1 Month Warranty ,Sin3,Active (ရောင်းမည်),,🆕 အသစ်/မရောင်းရသေး
Spare Part,RM,5plus(BN44),No,BT,ORG,RM-5plus(BN44)-BT-ORG,RM-5plus(BN44)-BT-ORG,RM 5PLUS(BN44) - NO BT (ORG),Battery,Xiaomi,,,18500,3,2,18500,23000,22000,2,1 Month Warranty ,Sin3,Active (ရောင်းမည်),,🛒 အရောင်းပါး
Spare Part,RM,N4(BN41),No,BT,ORG,RM-N4(BN41)-BT-ORG,RM-N4(BN41)-BT-ORG,RM N4(BN41) - NO BT (ORG),Battery,Xiaomi,,,18000,9,8,18000,20000,18700,2,1 Month Warranty ,Sin3,Active (ရောင်းမည်),,🛒 အရောင်းပါး
Spare Part,RM,11lite(BP42),No,BT,ORG,RM-11lite(BP42)-BT-ORG,RM-11lite(BP42)-BT-ORG,RM 11LITE(BP42) - NO BT (ORG),Battery,Xiaomi,,,22000,4,2,22000,27000,26000,2,1 Month Warranty ,Sin3,Active (ရောင်းမည်),,🆕 အသစ်/မရောင်းရသေး
Spare Part,RM,N12pro(BP4K),No,BT,ORG,RM-N12pro(BP4K)-BT-ORG,RM-N12pro(BP4K)-BT-ORG,RM N12PRO(BP4K) - NO BT (ORG),Battery,Xiaomi,,,22000,5,5,28000,39000,38000,2,1 Month Warranty ,Sin3,Active (ရောင်းမည်),,✅ ပုံမှန်
Spare Part,RM,N8pro(BM4J),No,BT,ORG,RM-N8pro(BM4J)-BT-ORG,RM-N8pro(BM4J)-BT-ORG,RM N8PRO(BM4J) - NO BT (ORG),Battery,Xiaomi,,,20000,29,28,20000,23000,21405,2,1 Month Warranty ,Sin3,Active (ရောင်းမည်),,🛒 အရောင်းပါး
Spare Part,RM,K30(BM4P),No,BT,ORG,RM-K30(BM4P)-BT-ORG,RM-K30(BM4P)-BT-ORG,RM K30(BM4P) - NO BT (ORG),Battery,Xiaomi,,,22000,3,5,22000,27000,26000,2,1 Month Warranty ,Sin3,Active (ရောင်းမည်),,🛒 အရောင်းပါး
Spare Part,RM,N7(BN4A),No,BT,ORG,RM-N7(BN4A)-BT-ORG,RM-N7(BN4A)-BT-ORG,RM N7(BN4A) - NO BT (ORG),Battery,Xiaomi,,,18000,5,3,18000,25000,24000,2,1 Month Warranty ,Sin3,Active (ရောင်းမည်),,🛒 အရောင်းပါး
Spare Part,RM,6A(BN37),No,BT,ORG,RM-6A(BN37)-BT-ORG,RM-6A(BN37)-BT-ORG,RM 6A(BN37) - NO BT (ORG),Battery,Xiaomi,,,19500,,0,19500,23000,22000,2,1 Month Warranty ,Sin3,Active (ရောင်းမည်),,🆕 အသစ်/မရောင်းရသေး
Spare Part,RM,5splus(BM37),No,BT,ORG,RM-5splus(BM37)-BT-ORG,RM-5splus(BM37)-BT-ORG,RM 5SPLUS(BM37) - NO BT (ORG),Battery,Xiaomi,,,19500,1,,,23000,22000,2,1 Month Warranty ,Sin3,Active (ရောင်းမည်),,🆕 အသစ်/မရောင်းရသေး
Spare Part,RM,6x(BN36),No,BT,ORG,RM-6x(BN36)-BT-ORG,RM-6x(BN36)-BT-ORG,RM 6X(BN36) - NO BT (ORG),Battery,Xiaomi,,,20000,2,,,21000,20000,2,1 Month Warranty ,Sin3,Active (ရောင်းမည်),,🆕 အသစ်/မရောင်းရသေး
Spare Part,RM,5(BN35),No,BT,ORG,RM-5(BN35)-BT-ORG,RM-5(BN35)-BT-ORG,RM 5(BN35) - NO BT (ORG),Battery,Xiaomi,,,18000,5,4,18000,21000,20000,2,1 Month Warranty ,Sin3,Active (ရောင်းမည်),,🛒 အရောင်းပါး
Electronic,KT,5W,No,B22,WHT,KT-5W-B22-WHT,KT-5W-B22-WHT,KT 5W - NO B22 (WHT),LED LIGHT,KT,,,1905,,75,1905,5000,4000,2,1 Month Warranty ,Sin1,Active (ရောင်းမည်),Products_Images/KT-5W-B22-WHT.Images.093208.jpg,✅ ပုံမှန်
Electronic,KT,5W,No,E27,WHT,KT-5W-E27-WHT,KT-5W-E27-WHT,KT 5W - NO E27 (WHT),LED LIGHT,KT,,,1905,0,80,1905,4000,3500,2,1 Month Warranty ,Sin1,Active (ရောင်းမည်),Products_Images/KT-5W-E27-WHT.Images.093146.jpg,🆕 အသစ်/မရောင်းရသေး
Electronic,KT,10W,No,B22,WHT,KT-10W-B22-WHT,KT-10W-B22-WHT,KT 10W - NO B22 (WHT),LED LIGHT,KT,,,2947,,73,2947,5000,5000,2,1 Month Warranty ,Sin1,Active (ရောင်းမည်),Products_Images/KT-10W-B22-WHT.Images.093116.jpg,✅ ပုံမှန်
Electronic,KT,10W,NO,E27,WHT,KT-10W-E27-WHT,KT-10W-E27-WHT,KT 10W - NO E27 (WHT),LED LIGHT,KT,,,2947,,79,2947,5000,5000,2,1 Month Warranty ,Sin1,Active (ရောင်းမည်),Products_Images/KT-10W-E27-WHT.Images.093058.jpg,🆕 အသစ်/မရောင်းရသေး
Electronic,KT,15W,No,B22,WHT,KT-15W-B22-WHT,KT-15W-B22-WHT,KT 15W - NO B22 (WHT),LED LIGHT,KT,,,3881,,68,3881,7000,6000,2,1 Month Warranty ,Sin1,Active (ရောင်းမည်),Products_Images/KT-15W-B22-WHT.Images.093041.jpg,🔥 အရောင်းကောင်း
Electronic,KT,15W,No,E27,WHT,KT-15W-E27-WHT,KT-15W-E27-WHT,KT 15W - NO E27 (WHT),LED LIGHT,KT,,,3881,,65,3881,7000,6000,2,1 Month Warranty ,Sin1,Active (ရောင်းမည်),Products_Images/KT-15W-E27-WHT.Images.093020.jpg,🔥 အရောင်းကောင်း
Electronic,KT,20W,No,B22,WHT,KT-20W-B22-WHT,KT-20W-B22-WHT,KT 20W - NO B22 (WHT),LED LIGHT,KT,,,5463,0,71,5463,9000,8000,2,1 Month Warranty ,Sin1,Active (ရောင်းမည်),Products_Images/KT-20W-B22-WHT.Images.093001.jpg,✅ ပုံမှန်
Electronic,KT,20W,No,E27,WHT,KT-20W-E27-WHT,KT-20W-E27-WHT,KT 20W - NO E27 (WHT),LED LIGHT,KT,,,5463,,65,5463,9000,8000,2,1 Month Warranty ,Sin1,Active (ရောင်းမည်),Products_Images/KT-20W-E27-WHT.Images.092939.jpg,🔥 အရောင်းကောင်း
Electronic,KT,30W,No,B22,WHT,KT-30W-B22-WHT,KT-30W-B22-WHT,KT 30W - NO B22 (WHT),LED LIGHT,KT,,,8769,0,78,8769,12000,11000,2,1 Month Warranty ,Sin1,Active (ရောင်းမည်),Products_Images/KT-30W-B22-WHT.Images.092804.jpg,🛒 အရောင်းပါး
Electronic,KT,30W,No,E27,WHT,KT-30W-E27-WHT,KT-30W-E27-WHT,KT 30W - NO E27 (WHT),LED LIGHT,KT,,,8769,,74,8769,12000,11000,2,1 Month Warranty ,Sin1,Active (ရောင်းမည်),Products_Images/KT-30W-E27-WHT.Images.092907.jpg,🆕 အသစ်/မရောင်းရသေး
Spare Part,RM,5A(BN34),No,BT,ORG,RM-5A(BN34)-BT-ORG,RM-5A(BN34)-BT-ORG,RM 5A(BN34) - NO BT (ORG),Battery,Xiaomi,,,20000,11,,,20000,19000,2,1 Month Warranty ,Sin3,Active (ရောင်းမည်),,🆕 အသစ်/မရောင်းရသေး
Spare Part,RM,Play(BN39),No,BT,ORG,RM-Play(BN39)-BT-ORG,RM-Play(BN39)-BT-ORG,RM PLAY(BN39) - NO BT (ORG),Battery,Xiaomi,,,18000,1,,,21000,19800,2,1 Month Warranty ,Sin3,Active (ရောင်းမည်),,🆕 အသစ်/မရောင်းရသေး
Spare Part,RM,MI4(BM32),No,BT,ORG,RM-MI4(BM32)-BT-ORG,RM-MI4(BM32)-BT-ORG,RM MI4(BM32) - NO BT (ORG),Battery,Xiaomi,,,18000,3,,,20000,19000,2,1 Month Warranty ,Sin3,Active (ရောင်းမည်),,🆕 အသစ်/မရောင်းရသေး
Spare Part,RM,N5A(BN31),No,BT,ORG,RM-N5A(BN31)-BT-ORG,RM-N5A(BN31)-BT-ORG,RM N5A(BN31) - NO BT (ORG),Battery,Xiaomi,,,18000,7,6,18000,23000,22000,2,1 Month Warranty ,Sin3,Active (ရောင်းမည်),,🛒 အရောင်းပါး
Spare Part,RM,4A(BN30),No,BT,ORG,RM-4A(BN30)-BT-ORG,RM-4A(BN30)-BT-ORG,RM 4A(BN30) - NO BT (ORG),Battery,Xiaomi,,,18000,4,,,18000,17000,2,1 Month Warranty ,Sin3,Active (ရောင်းမည်),,🆕 အသစ်/မရောင်းရသေး
Spare Part,RM,N3(BM3A),No,BT,ORG,RM-N3(BM3A)-BT-ORG,RM-N3(BM3A)-BT-ORG,RM N3(BM3A) - NO BT (ORG),Battery,Xiaomi,,,18000,9,,,25000,24000,2,1 Month Warranty ,Sin3,Active (ရောင်းမည်),,🆕 အသစ်/မရောင်းရသေး
Spare Part,RM,Mi8lite(BM3J),No,BT,ORG,RM-Mi8lite(BM3J)-BT-ORG,RM-Mi8lite(BM3J)-BT-ORG,RM MI8LITE(BM3J) - NO BT (ORG),Battery,Xiaomi,,,20000,7,,,25000,24000,2,1 Month Warranty ,Sin3,Active (ရောင်းမည်),,🆕 အသစ်/မရောင်းရသေး
Spare Part,RM,Note(BM21),No,BT,ORG,RM-Note(BM21)-BT-ORG,RM-Note(BM21)-BT-ORG,RM NOTE(BM21) - NO BT (ORG),Battery,Xiaomi,,,18000,9,,,22000,19800,2,1 Month Warranty ,Sin3,Active (ရောင်းမည်),,🆕 အသစ်/မရောင်းရသေး
Spare Part,RM,Mi5(BM22),No,BT,ORG,RM-Mi5(BM22)-BT-ORG,RM-Mi5(BM22)-BT-ORG,RM MI5(BM22) - NO BT (ORG),Battery,Xiaomi,,,18000,5,,,20000,19000,2,1 Month Warranty ,Sin3,Active (ရောင်းမည်),,🆕 အသစ်/မရောင်းရသေး
Spare Part,RM,10x5G(BM4S),No,BT,ORG,RM-10x5G(BM4S)-BT-ORG,RM-10x5G(BM4S)-BT-ORG,RM 10X5G(BM4S) - NO BT (ORG),Battery,Xiaomi,,,20000,1,0,20000,23000,22000,2,1 Month Warranty ,Sin3,Active (ရောင်းမည်),,🛒 အရောင်းပါး
Spare Part,RM,Mi8SE(BM3D),No,BT,ORG,RM-Mi8SE(BM3D)-BT-ORG,RM-Mi8SE(BM3D)-BT-ORG,RM MI8SE(BM3D) - NO BT (ORG),Battery,Xiaomi,,,22000,4,,,23000,22000,2,1 Month Warranty ,Sin3,Active (ရောင်းမည်),,🆕 အသစ်/မရောင်းရသေး
Spare Part,RM,K20(BP41),No,BT,ORG,RM-K20(BP41)-BT-ORG,RM-K20(BP41)-BT-ORG,RM K20(BP41) - NO BT (ORG),Battery,Xiaomi,,,22000,8,,,24000,23000,2,1 Month Warranty ,Sin3,Active (ရောင်းမည်),,🆕 အသစ်/မရောင်းရသေး
Spare Part,RM,4pro(BN40),No,BT,ORG,RM-4pro(BN40)-BT-ORG,RM-4pro(BN40)-BT-ORG,RM 4PRO(BN40) - NO BT (ORG),Battery,Xiaomi,,,18000,1,,,20000,19000,2,1 Month Warranty ,Sin3,Active (ရောင်းမည်),,🆕 အသစ်/မရောင်းရသေး
Spare Part,VV,V11(BE8),No,BT,ORG,VV-V11(BE8)-BT-ORG,VV-V11(BE8)-BT-ORG,VV V11(BE8) - NO BT (ORG),Battery,Vivo,,,20000,2,,,23000,22000,2,1 Month Warranty ,Sin3,Active (ရောင်းမည်),,🆕 အသစ်/မရောင်းရသေး
Spare Part,VV,V7(BD5),No,BT,ORG,VV-V7(BD5)-BT-ORG,VV-V7(BD5)-BT-ORG,VV V7(BD5) - NO BT (ORG),Battery,Vivo,,,19000,4,3,19000,22000,20900,2,1 Month Warranty ,Sin3,Active (ရောင်းမည်),,🛒 အရောင်းပါး
Spare Part,VV,Y55(BB1),No,BT,ORG,IP-Y55(BB1)-BT-ORG,VV-Y55(BB1)-BT-ORG,VV Y55(BB1) - NO BT (ORG),Battery,Vivo,,,20000,71,70,20000,23000,22000,2,1 Month Warranty ,Sin3,Active (ရောင်းမည်),,🆕 အသစ်/မရောင်းရသေး
Spare Part,VV,Y53(BC1),NO,BT,ORG,VV-Y53(BC1)-BT-ORG,VV-Y53(BC1)-BT-ORG,VV Y53(BC1) - NO BT (ORG),Battery,Vivo,,,19000,9,7,19000,22000,20900,2,1 Month Warranty ,Sin3,Active (ရောင်းမည်),,🆕 အသစ်/မရောင်းရသေး
Spare Part,VV,Y51(B95),NO,BT,ORG,VV-Y51(B95)-BT-ORG,VV-Y51(B95)-BT-ORG,VV Y51(B95) - NO BT (ORG),Battery,Vivo,,,18000,1,8,18438,21000,20000,2,1 Month Warranty ,Sin3,Active (ရောင်းမည်),,🆕 အသစ်/မရောင်းရသေး
Spare Part,VV,Y81(BE5),NO,BT,ORG,VV-Y81(BE5)-BT-ORG,VV-Y81(BE5)-BT-ORG,VV Y81(BE5) - NO BT (ORG),Battery,Vivo,,,18000,11,10,18000,22000,21000,2,1 Month Warranty ,Sin3,Active (ရောင်းမည်),,🛒 အရောင်းပါး
Spare Part,VV,Y66(BB2),No,BT,ORG,VV-Y66(BB2)-BT-ORG,VV-Y66(BB2)-BT-ORG,VV Y66(BB2) - NO BT (ORG),Battery,Vivo,,,18000,9,7,17875,23000,22000,2,1 Month Warranty ,Sin3,Active (ရောင်းမည်),,🛒 အရောင်းပါး
Spare Part,VV,V9(BD9),No,BT,ORG,VV-V9(BD9)-BT-ORG,VV-V9(BD9)-BT-ORG,VV V9(BD9) - NO BT (ORG),Battery,Vivo,,,18000,7,6,18000,22000,19800,2,1 Month Warranty ,Sin3,Active (ရောင်းမည်),,🛒 အရောင်းပါး
Spare Part,VV,Y71(BE1),NO,BT,ORG,VV-Y71(BE1)-BT-ORG,VV-Y71(BE1)-BT-ORG,VV Y71(BE1) - NO BT (ORG),Battery,Vivo,,,18000,16,,,23000,22000,2,1 Month Warranty ,Sin3,Active (ရောင်းမည်),,🆕 အသစ်/မရောင်းရသေး
Spare Part,VV,Y91(BF3),No,BT,ORG,VV-Y91(BF3)-BT-ORG,VV-Y91(BF3)-BT-ORG,VV Y91(BF3) - NO BT (ORG),Battery,Vivo,,,19000,6,5,19000,23000,20900,2,1 Month Warranty ,Sin3,Active (ရောင်းမည်),,🆕 အသစ်/မရောင်းရသေး
Spare Part,VV,Y20(B05),No,BT,ORG,VV-Y20(B05)-BT-ORG,VV-Y20(B05)-BT-ORG,VV Y20(B05) - NO BT (ORG),Battery,Vivo,,,19000,4,0,19000,22000,20900,2,1 Month Warranty ,Sin3,Active (ရောင်းမည်),,🛒 အရောင်းပါး
Spare Part,VV,Y11(BG7),No,BT,ORG,VV-Y11(BG7)-BT-ORG,VV-Y11(BG7)-BT-ORG,VV Y11(BG7) - NO BT (ORG),Battery,Vivo,,,20000,5,5,20000,25000,24000,2,1 Month Warranty ,Sin3,Active (ရောင်းမည်),,🆕 အသစ်/မရောင်းရသေး
Spare Part,VV,Y16(BS7),No,BT,ORG,VV-Y16(BS7)-BT-ORG,VV-Y16(BS7)-BT-ORG,VV Y16(BS7) - NO BT (ORG),Battery,Vivo,,,20000,7,,,25000,24000,2,1 Month Warranty ,Sin3,Active (ရောင်းမည်),,🆕 အသစ်/မရောင်းရသေး
Spare Part,VV,Y15(BG2),No,BT,ORG,VV-Y15(BG2)-BT-ORG,VV-Y15(BG2)-BT-ORG,VV Y15(BG2) - NO BT (ORG),Battery,Vivo,,,19000,1,1,19000,22000,20900,2,1 Month Warranty ,Sin3,Active (ရောင်းမည်),,🆕 အသစ်/မရောင်းရသေး
Spare Part,VV,Y9S(BK3),NO,BT,ORG,VV-Y9S(BK3)-BT-ORG,VV-Y9S(BK3)-BT-ORG,VV Y9S(BK3) - NO BT (ORG),Battery,Vivo,,,18000,2,,,22000,19800,2,1 Month Warranty ,Sin3,Active (ရောင်းမည်),,🆕 အသစ်/မရောင်းရသေး
Spare Part,VV,V17(BHO),No,BT,ORG,VV-V17(BHO)-BT-ORG,VV-V17(BHO)-BT-ORG,VV V17(BHO) - NO BT (ORG),Battery,Vivo,,,18000,1,,,23000,22000,2,1 Month Warranty ,Sin3,Active (ရောင်းမည်),,🆕 အသစ်/မရောင်းရသေး
Spare Part,VV,V3(BA7),No,BT,ORG,VV-V3(BA7)-BT-ORG,VV-V3(BA7)-BT-ORG,VV V3(BA7) - NO BT (ORG),Battery,Vivo,,,18000,1,,,21000,19800,2,1 Month Warranty ,Sin3,Active (ရောင်းမည်),,🆕 အသစ်/မရောင်းရသေး
Spare Part,OP,A37(BLP615),No,BT,ORG,OP-A37(BLP615)-BT-ORG,OP-A37(BLP615)-BT-ORG,OP A37(BLP615) - NO BT (ORG),Battery,OPPO,,,18000,6,,,25000,24000,2,1 Month Warranty ,Sin3,Active (ရောင်းမည်),,🆕 အသစ်/မရောင်းရသေး
Spare Part,OP,NEO5(BLP593),No,BT,ORG,OP-NEO5(BLP593)-BT-ORG,OP-NEO5(BLP593)-BT-ORG,OP NEO5(BLP593) - NO BT (ORG),Battery,OPPO,,,12000,9,,,16000,14666,2,1 Month Warranty ,Sin3,Active (ရောင်းမည်),,🆕 အသစ်/မရောင်းရသေး
Spare Part,OP,A51(BLP577),No,BT,ORG,OP-A51(BLP577)-BT-ORG,OP-A51(BLP577)-BT-ORG,OP A51(BLP577) - NO BT (ORG),Battery,OPPO,,,18000,16,15,18000,21000,19800,2,1 Month Warranty ,Sin3,Active (ရောင်းမည်),,🆕 အသစ်/မရောင်းရသေး
Spare Part,OP,A33(BLP605),No,BT,ORG,OP-A33(BLP605)-BT-ORG,OP-A33(BLP605)-BT-ORG,OP A33(BLP605) - NO BT (ORG),Battery,Vivo,,,18000,13,13,18000,25000,24000,2,1 Month Warranty ,Sin3,Active (ရောင်းမည်),,🆕 အသစ်/မရောင်းရသေး
Spare Part,OP,A15s(BLP817),No,BT,ORG,OP-A15s(BLP817)-BT-ORG,OP-A15s(BLP817)-BT-ORG,OP A15S(BLP817) - NO BT (ORG),Battery,OPPO,,,20000,1,1,20000,23000,22000,2,1 Month Warranty ,Sin3,Active (ရောင်းမည်),,🆕 အသစ်/မရောင်းရသေး
Spare Part,OP,F9(BLP683),No,BT,ORG,OP-F9(BLP683)-BT-ORG,OP-F9(BLP683)-BT-ORG,OP F9(BLP683) - NO BT (ORG),Battery,OPPO,,,19000,3,,,23000,20900,2,1 Month Warranty ,Sin3,Active (ရောင်းမည်),,🆕 အသစ်/မရောင်းရသေး
Spare Part,OP,F7(BLP661),No,BT,ORG,OP-F7(BLP661)-BT-ORG,OP-F7(BLP661)-BT-ORG,OP F7(BLP661) - NO BT (ORG),Battery,OPPO,,,18000,5,,,22000,19800,2,1 Month Warranty ,Sin3,Active (ရောင်းမည်),,🆕 အသစ်/မရောင်းရသေး
Spare Part,OP,A57(BLP619),No,BT,ORG,OP-A57(BLP619)-BT-ORG,OP-A57(BLP619)-BT-ORG,OP A57(BLP619) - NO BT (ORG),Battery,OPPO,,,18000,1,,,22000,19800,2,1 Month Warranty ,Sin3,Active (ရောင်းမည်),,🆕 အသစ်/မရောင်းရသေး
Spare Part,OP,A83(BLP649),No,BT,ORG,OP-A83(BLP649)-BT-ORG,OP-A83(BLP649)-BT-ORG,OP A83(BLP649) - NO BT (ORG),Battery,OPPO,,,19000,9,5,19000,23000,22000,2,1 Month Warranty ,Sin3,Active (ရောင်းမည်),,🛒 အရောင်းပါး
Spare Part,OP,F5(BLP631),No,BT,ORG,OP-F5(BLP631)-BT-ORG,OP-F5(BLP631)-BT-ORG,OP F5(BLP631) - NO BT (ORG),Battery,OPPO,,,19000,14,,,22000,19066,2,1 Month Warranty ,Sin3,Active (ရောင်းမည်),,🆕 အသစ်/မရောင်းရသေး
Spare Part,OP,F9(BLP681),No,BT,ORG,OP-F9(BLP681)-BT-ORG,OP-F9(BLP681)-BT-ORG,OP F9(BLP681) - NO BT (ORG),Battery,OPPO,,,19000,13,,,22000,20900,2,1 Month Warranty ,Sin3,Active (ရောင်းမည်),,🆕 အသစ်/မရောင်းရသေး
Spare Part,OP,A3S(BLP673),No,BT,ORG,OP-A3S(BLP673)-BT-ORG,OP-A3S(BLP673)-BT-ORG,OP A3S(BLP673) - NO BT (ORG),Battery,OPPO,,,22000,,2,22000,24656,23584,2,1 Month Warranty ,Sin3,Active (ရောင်းမည်),,🆕 အသစ်/မရောင်းရသေး
Spare Part,OP,7(BLP807),No,BT,ORG,OP-7(BLP807)-BT-ORG,OP-7(BLP807)-BT-ORG,OP 7(BLP807) - NO BT (ORG),Battery,OPPO,,,20000,,8,22188,27000,26000,2,1 Month Warranty ,Sin3,Active (ရောင်းမည်),,🆕 အသစ်/မရောင်းရသေး
Spare Part,OP,F11(BLP707),No,BT,ORG,OP-F11(BLP707)-BT-ORG,OP-F11(BLP707)-BT-ORG,OP F11(BLP707) - NO BT (ORG),Battery,OPPO,,,20000,3,5,21000,27000,26000,2,1 Month Warranty ,Sin3,Active (ရောင်းမည်),,🛒 အရောင်းပါး
Spare Part,OP,C11(BLP793),No,BT,ORG,OP-C11(BLP793)-BT-ORG,OP-C11(BLP793)-BT-ORG,OP C11(BLP793) - NO BT (ORG),Battery,REALME,,,20000,3,6,20750,27000,26000,2,1 Month Warranty ,Sin3,Active (ရောင်းမည်),,🆕 အသစ်/မရောင်းရသေး
Spare Part,OP,A1K(BLP711),No,BT,ORG,OP-A1K(BLP711)-BT-ORG,OP-A1K(BLP711)-BT-ORG,OP A1K(BLP711) - NO BT (ORG),Battery,OPPO,,,18000,10,10,18000,22000,19800,2,1 Month Warranty ,Sin3,Active (ရောင်းမည်),,🆕 အသစ်/မရောင်းရသေး
Spare Part,OP,A52(BLP727),No,BT,ORG,OP-A52(BLP727)-BT-ORG,OP-A52(BLP727)-BT-ORG,OP A52(BLP727) - NO BT (ORG),Battery,OPPO,,,20000,,8,19688,27000,26000,2,1 Month Warranty ,Sin3,Active (ရောင်းမည်),,🆕 အသစ်/မရောင်းရသေး
Spare Part,OP,RLM6(BLP757),No,BT,ORG,OP-RLM6(BLP757)-BT-ORG,OP-RLM6(BLP757)-BT-ORG,OP RLM6(BLP757) - NO BT (ORG),Battery,REALME,,,19000,6,6,19000,22000,20900,2,1 Month Warranty ,Sin3,Active (ရောင်းမည်),,🛒 အရောင်းပါး
Spare Part,OP,RLM9(BLP875),No,BT,ORG,OP-RLM9(BLP875)-BT-ORG,OP-RLM9(BLP875)-BT-ORG,OP RLM9(BLP875) - NO BT (ORG),Battery,REALME,,,19000,6,5,19000,22000,20900,2,1 Month Warranty ,Sin3,Active (ရောင်းမည်),,🛒 အရောင်းပါး
Spare Part,HW,Y7P(HB4066),No,BT,ORG,HW-Y7P(HB4066)-BT-ORG,HW-Y7P(HB4066)-BT-ORG,HW Y7P(HB4066) - NO BT (ORG),Battery,HUAWEI,,,19000,11,10,19000,23000,22000,2,1 Month Warranty ,Sin3,Active (ရောင်းမည်),,🆕 အသစ်/မရောင်းရသေး
Spare Part,HW,Y9P(HB4464),No,BT,ORG,HW-Y9P(HB4464)-BT-ORG,HW-Y9P(HB4464)-BT-ORG,HW Y9P(HB4464) - NO BT (ORG),Battery,HUAWEI,,,18000,3,3,18000,21000,19800,2,1 Month Warranty ,Sin3,Active (ရောင်းမည်),,🆕 အသစ်/မရောင်းရသေး
Spare Part,HW,Nova2i(HB3566),No,BT,ORG,HW-Nova2i-BT-ORG,HW-Nova2i-BT-ORG,HW NOVA2I - NO BT (ORG),Battery,HUAWEI,,,19000,1,,,22000,20900,2,1 Month Warranty ,Sin3,Active (ရောင်းမည်),,🆕 အသစ်/မရောင်းရသေး
Spare Part,HW,Nova7i(HB4865),No,BT,ORG,HW-Nova7i(HB4865)-BT-ORG,HW-Nova7i(HB4865)-BT-ORG,HW NOVA7I(HB4865) - NO BT (ORG),Battery,HUAWEI,,,19000,3,3,19000,21500,20900,2,1 Month Warranty ,Sin3,Active (ရောင်းမည်),,🆕 အသစ်/မရောင်းရသေး
Spare Part,HW,Y5P(HB4059),No,BT,ORG,HW-Y5P(HB4059)-BT-ORG,HW-Y5P(HB4059)-BT-ORG,HW Y5P(HB4059) - NO BT (ORG),Battery,HUAWEI,,,18000,20,19,18000,22000,19404,2,1 Month Warranty ,Sin3,Active (ရောင်းမည်),,🆕 အသစ်/မရောင်းရသေး
Spare Part,HW,Y7p(HB3966),No,BT,ORG,HW-Y7p(HB3966)-BT-ORG,HW-Y7p(HB3966)-BT-ORG,HW Y7P(HB3966) - NO BT (ORG),Battery,HUAWEI,,,18000,1,4,17250,20700,19800,2,1 Month Warranty ,Sin3,Active (ရောင်းမည်),,🆕 အသစ်/မရောင်းရသေး
Spare Part,HW,GR5(HB3864),No,BT,ORG,HW-GR5(HB3864)-BT-ORG,HW-GR5(HB3864)-BT-ORG,HW GR5(HB3864) - NO BT (ORG),Battery,HUAWEI,,,18000,1,,,21000,19800,2,1 Month Warranty ,Sin3,Active (ရောင်းမည်),,🆕 အသစ်/မရောင်းရသေး
Spare Part,HW,P9Lite(HB3664),No,BT,ORG,HW-P9Lite(HB3664)-BT-ORG,HW-P9Lite(HB3664)-BT-ORG,HW P9LITE(HB3664) - NO BT (ORG),Battery,HUAWEI,,,18000,3,2,18000,21000,19800,2,1 Month Warranty ,Sin3,Active (ရောင်းမည်),,🆕 အသစ်/မရောင်းရသေး
Spare Part,HW,P8Lite(HB3742),No,BT,ORG,HW-P8Lite(HB3742)-BT-ORG,HW-P8Lite(HB3742)-BT-ORG,HW P8LITE(HB3742) - NO BT (ORG),Battery,HUAWEI,,,17000,4,,,20000,18700,2,1 Month Warranty ,Sin3,Active (ရောင်းမည်),,🆕 အသစ်/မရောင်းရသေး
Spare Part,HW,4X(HB4242),No,BT,ORG,HW-4X(HB4242)-BT-ORG,HW-4X(HB4242)-BT-ORG,HW 4X(HB4242) - NO BT (ORG),Battery,HUAWEI,,,17000,1,0,17000,20000,18260,2,1 Month Warranty ,Sin3,Active (ရောင်းမည်),,🆕 အသစ်/မရောင်းရသေး
Spare Part,TN,SP20P(BL49OT),No,BT,ORG,TN-SP20P(BL49OT)-BT-ORG,TN-SP20P(BL49OT)-BT-ORG,TN SP20P(BL49OT) - NO BT (ORG),Battery,TECNO,,,20000,1,,,23000,22000,2,1 Month Warranty ,Sin3,Active (ရောင်းမည်),,🆕 အသစ်/မရောင်းရသေး
Spare Part,TN,SP6Air(BL58BT),No,BT,ORG,TN-SP6Air(BL58BT)-BT-ORG,TN-SP6Air(BL58BT)-BT-ORG,TN SP6AIR(BL58BT) - NO BT (ORG),Battery,TECNO,,,20000,1,,,23000,22000,2,1 Month Warranty ,Sin3,Active (ရောင်းမည်),,🆕 အသစ်/မရောင်းရသေး
Spare Part,TN,SP10P(BL49ST),No,BT,ORG,TN-SP10P(BL49ST)-BT-ORG,TN-SP10P(BL49ST)-BT-ORG,TN SP10P(BL49ST) - NO BT (ORG),Battery,TECNO,,,22500,3,6,21750,27000,26000,2,1 Month Warranty ,Sin3,Active (ရောင်းမည်),,🆕 အသစ်/မရောင်းရသေး
Spare Part,TN,SP4(BL39LT),No,BT,ORG,TN-SP4(BL39LT)-BT-ORG,TN-SP4(BL39LT)-BT-ORG,TN SP4(BL39LT) - NO BT (ORG),Battery,TECNO,,,19000,4,3,19000,22000,20900,2,1 Month Warranty ,Sin3,Active (ရောင်းမည်),,🆕 အသစ်/မရောင်းရသေး
Spare Part,IT,P36(BL49FI),No,BT,ORG,IT-P36(BL49FI)-BT-ORG,IT-P36(BL49FI)-BT-ORG,IT P36(BL49FI) - NO BT (ORG),Battery,ITEL,,,19000,1,,,21850,20900,2,1 Month Warranty ,Sin3,Active (ရောင်းမည်),,🆕 အသစ်/မရောင်းရသေး
Spare Part,IT,P36(BL39LT),No,BT,ORG,IT-P36(BL39LI)-BT-ORG,IT-P36(BL39LI)-BT-ORG,IT P36(BL39LI) - NO BT (ORG),Battery,ITEL,,,18000,3,,,21000,19800,2,1 Month Warranty ,Sin3,Active (ရောင်းမည်),,🆕 အသစ်/မရောင်းရသေး
Spare Part,TN,SP4(BL39LI),No,BT,ORG,TN-SP4(BL39LI)-BT-ORG,TN-SP4(BL39LI)-BT-ORG,TN SP4(BL39LI) - NO BT (ORG),Battery,TECNO,,,19000,3,,,21850,20900,2,1 Month Warranty ,Sin3,Active (ရောင်းမည်),,🆕 အသစ်/မရောင်းရသေး
Spare Part,TN,POP5(BL49NT),No,BT,ORG,TN-POP5(BL49NT)-BT-ORG,TN-POP5(BL49NT)-BT-ORG,TN POP5(BL49NT) - NO BT (ORG),Battery,TECNO,,,22500,5,4,22500,26000,24750,2,1 Month Warranty ,Sin3,Active (ရောင်းမည်),,🛒 အရောင်းပါး
Spare Part,SS,A02S,No,BT,ORG,SS-A02S-BT-ORG,SS-A02S-BT-ORG,SS A02S - NO BT (ORG),Battery,SAMSUNG,,,21500,1,3,21500,26000,24000,2,1 Month Warranty ,Sin3,Active (ရောင်းမည်),,🛒 အရောင်းပါး
Spare Part,SS,A10S/A20S,No,BT,ORG,SS-A10S/A20S-BT-ORG,SS-A10S/A20S-BT-ORG,SS A10S/A20S - NO BT (ORG),Battery,SAMSUNG,,,21000,2,5,20700,25000,23100,2,1 Month Warranty ,Sin3,Active (ရောင်းမည်),,🆕 အသစ်/မရောင်းရသေး
Spare Part,SS,A7 A10,No,BT,ORG,SS-A7-BT-ORG,SS-A7-BT-ORG,SS A7 - A10-NO BT (ORG),Battery,SAMSUNG,,,20000,2,,,23000,22000,2,1 Month Warranty ,Sin3,Active (ရောင်းမည်),,🆕 အသစ်/မရောင်းရသေး
Spare Part,SS,A5(BA500),No,BT,ORG,SS-A5(BA500)-BT-ORG,SS-A5(BA500)-BT-ORG,SS A5(BA500) - NO BT (ORG),Battery,SAMSUNG,,,20000,9,,,23000,22000,2,1 Month Warranty ,Sin3,Active (ရောင်းမည်),,🆕 အသစ်/မရောင်းရသေး
Spare Part,SS,C7(BC700),No,BT,ORG,SS-C7(BC700)-BT-ORG,SS-C7(BC700)-BT-ORG,SS C7(BC700) - NO BT (ORG),Battery,SAMSUNG,,,20000,5,,,23000,22000,2,1 Month Warranty ,Sin3,Active (ရောင်းမည်),,🆕 အသစ်/မရောင်းရသေး
Spare Part,SS,A8(15),No,BT,ORG,SS-A8(15)-BT-ORG,SS-A8(15)-BT-ORG,SS A8(15) - NO BT (ORG),Battery,SAMSUNG,,,18000,5,,,21000,19800,2,1 Month Warranty ,Sin3,Active (ရောင်းမည်),,🆕 အသစ်/မရောင်းရသေး
Spare Part,SS,J7PRO,No,BT,ORG,SS-J7PRO-BT-ORG,SS-J7PRO-BT-ORG,SS J7PRO - NO BT (ORG),Battery,SAMSUNG,,,22000,1,,,26000,25000,2,1 Month Warranty ,Sin3,Active (ရောင်းမည်),,🆕 အသစ်/မရောင်းရသေး
Spare Part,IP,11PROMAX,No,BT,ORG,IP-11PROMAX-BT-ORG,IP-11PROMAX-BT-ORG,IP 11PROMAX - NO BT (ORG),Battery,Vivo,,,67500,2,,,69500,69000,2,1 Month Warranty ,Sin3,Active (ရောင်းမည်),,🆕 အသစ်/မရောင်းရသေး
Spare Part,IP,XS,No,BT,ORG,IP-XS-BT-ORG,IP-XS-BT-ORG,IP XS - NO BT (ORG),Battery,IPHONE,,,34000,1,,,40000,39000,2,1 Month Warranty ,Sin3,Active (ရောင်းမည်),,🆕 အသစ်/မရောင်းရသေး
Spare Part,IP,11,No,BT,ORG,IP-11-BT-ORG,IP-11-BT-ORG,IP 11 - NO BT (ORG),Battery,IPHONE,,,56000,14,13,56000,59000,58000,2,1 Month Warranty ,Sin3,Active (ရောင်းမည်),,🆕 အသစ်/မရောင်းရသေး
Spare Part,IP,12,No,BT,ORG,IP-12-BT-ORG,IP-12-BT-ORG,IP 12 - NO BT (ORG),Battery,IPHONE,,,45000,2,,,52000,51000,2,1 Month Warranty ,Sin3,Active (ရောင်းမည်),,🆕 အသစ်/မရောင်းရသေး
Spare Part,IP,7G,No,BT,ORG,IP-7G-BT-ORG,IP-7G-BT-ORG,IP 7G - NO BT (ORG),Battery,IPHONE,,,38000,2,1,38000,44000,43000,2,1 Month Warranty ,Sin3,Active (ရောင်းမည်),,🛒 အရောင်းပါး
Spare Part,IP,5s,No,BT,ORG,IP-5s-BT-ORG,IP-5s-BT-ORG,IP 5S - NO BT (ORG),Battery,IPHONE,,,38000,3,,,44000,43000,2,1 Month Warranty ,Sin3,Active (ရောင်းမည်),,🆕 အသစ်/မရောင်းရသေး
Spare Part,IP,6PLUS,No,BT,ORG,IP-6PLUS-BT-ORG,IP-6PLUS-BT-ORG,IP 6PLUS - NO BT (ORG),Battery,IPHONE,,,39000,8,,,45000,44000,2,1 Month Warranty ,Sin3,Active (ရောင်းမည်),,🆕 အသစ်/မရောင်းရသေး
Spare Part,IP,7PLUS,No,BT,ORG,IP-7PLUS-BT-ORG,IP-7PLUS-BT-ORG,IP 7PLUS - NO BT (ORG),Battery,IPHONE,,,39000,13,12,39000,45000,44000,2,1 Month Warranty ,Sin3,Active (ရောင်းမည်),,🆕 အသစ်/မရောင်းရသေး
Spare Part,RM,15C,No,TL,BLK,RM-15C-TL-BLK,RM-15C-TL-BLK,RM 15C - NO TL (BLK),TL,Xiaomi,,,33000,0,5,33833,41000,40000,2,1 Month Warranty ,Box1,Active (ရောင်းမည်),,🛒 အရောင်းပါး
Spare Part,RM,N5A,No,TL,WHT,RM-N5A-TL-BLK,RM-N5A-TL-BLK,RM N5A - NO TL (BLK),TL,Xiaomi,,,28000,0,3,28000,35000,34000,2,1 Month Warranty ,Box1,Active (ရောင်းမည်),,🛒 အရောင်းပါး
Spare Part,RM,N8,No,TL,BLK,RM-N8-TL-BLK,RM-N8-TL-BLK,RM N8 - NO TL (BLK),TL,Xiaomi,,,30500,0,3,32118,40000,39000,2,1 Month Warranty ,Box1,Active (ရောင်းမည်),,🔥 အရောင်းကောင်း
Spare Part,OP,A83/F5Lite,No,TL,BLK,OP-A83/F5Lite-TL-BLK,OP-A83/F5Lite-TL-BLK,OP A83/F5LITE - NO TL (BLK),TL,OPPO,,,29000,0,0,29000,35000,34000,2,1 Month Warranty ,Box1,Active (ရောင်းမည်),,🆕 အသစ်/မရောင်းရသေး
Spare Part,OP,A53/4G(20),No,TL,BLK,RM-A53/4G-TL-BLK,OP-A53/4G-TL-BLK,OP A53/4G - NO TL (BLK),TL,OPPO,,,30000,0,0,30000,37000,35000,2,1 Month Warranty ,Box1,Active (ရောင်းမည်),,🛒 အရောင်းပါး
Spare Part,TN,SPARK6GO/Hot10Lite/smart5,No,TL,BLK,TN-SPARK6GO/Hot10Lite/smart5-TL-BLK,TN-SPARK6GO/Hot10Lite/smart5-TL-BLK,TN SPARK6GO/HOT10LITE/SMART5 - NO TL (BLK),TL,TECNO,,,30500,0,5,29000,37000,36000,2,1 Month Warranty ,Box1,Active (ရောင်းမည်),,🆕 အသစ်/မရောင်းရသေး
Spare Part,VV,NEX6G,No,BT,ORG,VV-NEX6G-BT-ORG,VV-NEX6G-BT-ORG,VV NEX6G - NO BT (ORG),Battery,Vivo,,,18000,5,9,18000,21000,20000,2,1 Month Warranty ,Sin1,Active (ရောင်းမည်),,🆕 အသစ်/မရောင်းရသေး
Spare Part,OP,RENO3,No,BT,ORG,OP-RENO3-BT-ORG,OP-RENO3-BT-ORG,OP RENO3 - NO BT (ORG),Battery,OPPO,,,18000,3,8,18000,23000,22000,2,1 Month Warranty ,Sin1 p,Active (ရောင်းမည်),,🆕 အသစ်/မရောင်းရသေး
Spare Part,OP,A9,No,BT,ORG,OP-A9-BT-ORG,OP-A9-BT-ORG,OP A9 - NO BT (ORG),Battery,OPPO,,,18000,0,2,18000,23000,22000,2,1 Month Warranty ,Sin1 p,Active (ရောင်းမည်),,🆕 အသစ်/မရောင်းရသေး
Spare Part,HW,V9,No,BT,ORG,HW-V9-BT-ORG,HW-V9-BT-ORG,HW V9 - NO BT (ORG),Battery,HUAWEI,,,18000,0,2,18000,23000,22000,2,1 Month Warranty ,Sin1 p,Active (ရောင်းမည်),,🆕 အသစ်/မရောင်းရသေး
Spare Part,OP,A11X/C3,No,TL,BLK,OP-A11X/C3-TL-BLK,OP-A11X/C3-TL-BLK,OP A11X/C3 - NO TL (BLK),TL,Xiaomi,,,28500,2,12,29679,37000,36000,2,1 Month Warranty ,Box1,Active (ရောင်းမည်),,🛒 အရောင်းပါး
Spare Part,OP,F1S/A59,No,TL,BLK,OP-F1S/A59-TL-BLK,OP-F1S/A59-TL-BLK,OP F1S/A59 - NO TL (BLK),TL,OPPO,,,35000,1,,,40000,39000,2,1 Month Warranty ,Box1,Active (ရောင်းမည်),,🆕 အသစ်/မရောင်းရသေး
Service Tools,HW,P30Lite/Nova7i,No,USB FIX,ORG,HW-P30Lite/Nova7i-USB FIX-ORG,HW-P30Lite/Nova7i-USB FIX-ORG,HW P30LITE/NOVA7I - NO USB FIX (ORG),USB FIX,HUAWEI,,,3700,0,0,3700,3700,4000,2,1 Month Warranty ,Sin4,Active (ရောင်းမည်),,🆕 အသစ်/မရောင်းရသေး
Spare Part,TN,SP10PRO,NO,BD,ORG,TN-SP10PRO-BD-ORG,TN-SP10PRO-BD-ORG,TN SP10PRO - NO BD (ORG),BODY COVER,TECNO,,,22300,0,0,22300,25000,24500,2,1 Month Warranty ,Sin (1),Active (ရောင်းမည်),,🆕 အသစ်/မရောင်းရသေး
Service Tools,GLUE,50mL,No,T7000,ORG,GLUE-50mL-T7000-ORG,GLUE-50mL-T7000-ORG,GLUE 50ML - NO T7000 (ORG),GLUE,T7000,,,4700,0,6,5357,55000,54500,2,1 Month Warranty ,Sin4,Active (ရောင်းမည်),,🛒 အရောင်းပါး
Spare Part,TN,SPARK 8T/HOT 10S/SPARK 9 PRO,No,TL,BLK,TN-SPARK 8T/HOT 10S/SPARK 9 PRO-TL-BLK,TN-SPARK 8T/HOT 10S/SPARK 9 PRO-TL-BLK,TN SPARK 8T/HOT 10S/SPARK 9 PRO - NO TL (BLK),TL,TECNO,,,29000,1,-1,29000,33000,32000,2,1 Month Warranty ,Box1,Active (ရောင်းမည်),,🛒 အရောင်းပါး
Spare Part,IP,13,NO,TL,"ORG , BLK",IP-13-TL-ORG -BLK,IP-13-TL-ORG -BLK,"IP 13 - NO TL (ORG , BLK)",TL,IPHONE,,,153100,0,0,153100,180000,175000,2,1 Month Warranty ,Box1,Active (ရောင်းမည်),,🆕 အသစ်/မရောင်းရသေး
Spare Part,VV,Y9S,No,BT,BLU,VV-Y9S-BT-BLU,VV-Y9S-BT-BLU,VV Y9S - NO BT (BLU),Battery,Vivo,,,18000,3,3,0,21000,20000,2,1 Month Warranty ,Box1,Active (ရောင်းမည်),,🆕 အသစ်/မရောင်းရသေး
Spare Part,VV,S1(BT-3940),No,BT,,VV-S1(BT-3940)-BT,VV-S1(BT-3940)-BT,VV S1(BT-3940) - NO BT,Battery,Vivo,,,18000,4,,0,21000,22000,2,1 Month Warranty ,Sin (1),Active (ရောင်းမည်),,🆕 အသစ်/မရောင်းရသေး
Spare Part,VV,Y97(BT-3315),No,BT,,VV-Y97(BT-3315)-BT,VV-Y97(BT-3315)-BT,VV Y97(BT-3315) - NO BT,Battery,Vivo,,,18000,3,,18000,21000,20000,2,1 Month Warranty ,Sin (1),Active (ရောင်းမည်),,🆕 အသစ်/မရောင်းရသေး
Spare Part,VV,X21(BT-3200),No,BT,,VV-X21(BT-3200)-BT,VV-X21(BT-3200)-BT,VV X21(BT-3200) - NO BT,Battery,Vivo,,,18000,2,,18000,21000,20000,2,1 Month Warranty ,Sin (1),Active (ရောင်းမည်),,🆕 အသစ်/မရောင်းရသေး
Spare Part,VV,X21I(BT-3245),No,BT,,VV-X21I(BT-3245)-BT,VV-X21I(BT-3245)-BT,VV X21I(BT-3245) - NO BT,Battery,Vivo,,,18000,3,,18000,21000,20000,2,1 Month Warranty ,Sin (1),Active (ရောင်းမည်),,🆕 အသစ်/မရောင်းရသေး
Spare Part,VV,X9PLUS(BT-4000),No,BT,,VV-X9PLUS(BT-4000)-BT,VV-X9PLUS(BT-4000)-BT,VV X9PLUS(BT-4000) - NO BT,Battery,Vivo,,,19000,2,,19000,22000,21000,2,1 Month Warranty ,Sin (1),Active (ရောင်းမည်),,🆕 အသစ်/မရောင်းရသေး
Spare Part,VV,X9I(BT-3160),No,BT,,VV-X9I(BT-3160)-BT,VV-X9I(BT-3160)-BT,VV X9I(BT-3160) - NO BT,Battery,Vivo,,,18000,3,,18000,21000,20000,2,1 Month Warranty ,Sin (1),Active (ရောင်းမည်),,🆕 အသစ်/မရောင်းရသေး
Spare Part,VV,X20(BT-3245),No,BT,,VV-X20(BT-3245)-BT,VV-X20(BT-3245)-BT,VV X20(BT-3245) - NO BT,Battery,Vivo,,,18000,1,,18000,21000,20000,2,1 Month Warranty ,Sin (1),Active (ရောင်းမည်),,🆕 အသစ်/မရောင်းရသေး
Spare Part,OP,A33(BT-2500),No,TL,,OP-A33(BT-2500)-TL,OP-A33(BT-2500)-TL,OP A33(BT-2500) - NO TL,Battery,OPPO,,,15000,1,,15000,17250,16500,2,1 Month Warranty ,Sin (1),Active (ရောင်းမည်),,🆕 အသစ်/မရောင်းရသေး
Spare Part,OP,A79(BT-3000),No,BT,,OP-A79(BT-3000)-BT,OP-A79(BT-3000)-BT,OP A79(BT-3000) - NO BT,Battery,OPPO,,,15000,1,,15000,17250,16500,2,1 Month Warranty ,Sin (1),Active (ရောင်းမည်),,🆕 အသစ်/မရောင်းရသေး
Spare Part,OP,R15X(BT-3600),No,BT,,OP-R15X(BT-3600)-BT,OP-R15X(BT-3600)-BT,OP R15X(BT-3600) - NO BT,Battery,OPPO,,,19000,2,,19000,21850,20900,2,1 Month Warranty ,Sin (1),Active (ရောင်းမည်),,🆕 အသစ်/မရောင်းရသေး
Spare Part,OP,R17(BT-3500),No,BT,,OP-R17(BT-3500)-BT,OP-R17(BT-3500)-BT,OP R17(BT-3500) - NO BT,Battery,OPPO,,,15000,3,,15000,17250,16500,2,1 Month Warranty ,Sin (1),Active (ရောင်းမည်),,🆕 အသစ်/မရောင်းရသေး
Spare Part,HW,9A(BT-5000),No,BT,,HW-9A(BT-5000)-BT,HW-9A(BT-5000)-BT,HW 9A(BT-5000) - NO BT,Battery,HUAWEI,,,15000,1,,15000,17250,16500,2,1 Month Warranty ,Sin (1),Active (ရောင်းမည်),,🆕 အသစ်/မရောင်းရသေး
Spare Part,HW,P9(BT-3000),No,BT,,HW-P9(BT-3000)-BT,HW-P9(BT-3000)-BT,HW P9(BT-3000) - NO BT,Battery,HUAWEI,,,15000,1,,15000,17250,16500,2,1 Month Warranty ,Sin (1),Active (ရောင်းမည်),,🆕 အသစ်/မရောင်းရသေး
Spare Part,HW,NOVA2PLUS,No,BT,,HW-NOVA2PLUS-BT,HW-NOVA2PLUS-BT,HW NOVA2PLUS - NO BT,Battery,HUAWEI,,,15000,2,,15000,17250,16500,2,1 Month Warranty ,Sin (1),Active (ရောင်းမည်),,🆕 အသစ်/မရောင်းရသေး
Spare Part,HW,6(BT-3100),No,BT,,HW-6(BT-3100)-BT,HW-6(BT-3100)-BT,HW 6(BT-3100) - NO BT,Battery,HUAWEI,,,0,5,,0,0,0,2,1 Month Warranty ,Sin (1),Active (ရောင်းမည်),,🆕 အသစ်/မရောင်းရသေး
Spare Part,HW,7(BT-3100),No,BT,,HW-7(BT-3100)-BT,HW-7(BT-3100)-BT,HW 7(BT-3100) - NO BT,Battery,HUAWEI,,,0,3,,0,0,0,2,1 Month Warranty ,Sin (1),Active (ရောင်းမည်),,🆕 အသစ်/မရောင်းရသေး
Spare Part,OP,R11SPLUS,No,BT,,OP-R11SPLUS-BT,OP-R11SPLUS-BT,OP R11SPLUS - NO BT,Battery,OPPO,,,15000,5,5,15000,17250,16500,2,1 Month Warranty ,Sin (1),Active (ရောင်းမည်),,🆕 အသစ်/မရောင်းရသေး
Spare Part,RM,Note1(BM42),No,BT,ORG,RM-Note1(BM42)-BT-ORG,RM-Note1(BM42)-BT-ORG,RM NOTE1(BM42) - NO BT (ORG),Battery,Xiaomi,,,10000,2,1,10000,15000,14000,2,1 Month Warranty ,Sin3,Active (ရောင်းမည်),,🛒 အရောင်းပါး
Spare Part,HW,Y6(HB4342),No,BT,ORG,HW-Y6(HB4352)-BT-ORG,HW-Y6(HB4342)-BT-ORG,HW Y6(HB4352) - NO BT (ORG),Battery,HUAWEI,,,6000,3,2,6000,8000,7000,2,1 Month Warranty ,Sin3,Active (ရောင်းမည်),,🛒 အရောင်းပါး
Spare Part,RM,N11(4G),No,BC,WHT,RM-N11(4G)-BC-WHT,RM-N11(4G)-BC-WHT,RM N11(4G) - NO BC (WHT),BACK COVER,Xiaomi,,,8000,2,,8000,13000,12000,2,1 Month Warranty ,Sin (1),Active (ရောင်းမည်),,🆕 အသစ်/မရောင်းရသေး
Spare Part,SS,A02s,No,TL,"ORG , BLK",SS-A02s-TL-ORG -BLK,SS-A02s-TL-ORG -BLK,"SS A02S - NO TL (ORG , BLK)",TL,SAMSUNG,,,30500,0,0,33500,38000,37000,2,1 Month Warranty ,Box1,Active (ရောင်းမည်),,🛒 အရောင်းပါး
Spare Part,SS,A13/4G,No,TL,"ORG , BLK",SS-A13/4G-TL-ORG -BLK,SS-A13/4G-TL-ORG -BLK,"SS A13/4G - NO TL (ORG , BLK)",TL,SAMSUNG,,,38000,0,0,38000,43000,42000,2,1 Month Warranty ,Box1,Active (ရောင်းမည်),,🆕 အသစ်/မရောင်းရသေး
Spare Part,RM,BM41,No,BT,,RM-RM41-BT,RM-BM41-BT,RM BM41 - NO BT,Battery,Xiaomi,,,7000,270,,7000,12000,11000,2,1 Month Warranty ,Sin (1),Active (ရောင်းမည်),,🆕 အသစ်/မရောင်းရသေး
Spare Part,RM,BM45,No,BT,,RM-BM45-BT,RM-BM45-BT,RM BM45 - NO BT,Battery,Xiaomi,,,10000,94,,10000,11500,11000,2,1 Month Warranty ,Sin (1),Active (ရောင်းမည်),,🆕 အသစ်/မရောင်းရသေး
Spare Part,RM,BM42,No,BT,,RM-BM42-BT,RM-BM42-BT,RM BM42 - NO BT,Battery,Xiaomi,,,8000,23,23,8000,11000,10000,2,1 Month Warranty ,Sin (1),Active (ရောင်းမည်),,🆕 အသစ်/မရောင်းရသေး
Spare Part,SS,Note2,Not,BT,,SS-Note2-BT,SS-Note2-BT,SS NOTE2 - NOT BT,Battery,SAMSUNG,,,8000,1,,8000,12000,11000,2,1 Month Warranty ,Sin (1),Active (ရောင်းမည်),,🆕 အသစ်/မရောင်းရသေး
Spare Part,KB,E61,No,BT,,KB-E61-BT,KB-E61-BT,KB E61 - NO BT,Battery,KENBO,,,7000,17,,7000,8050,7700,2,1 Month Warranty ,Sin (1),Active (ရောင်းမည်),,🆕 အသစ်/မရောင်းရသေး
Spare Part,KB,E71,No,BT,,KB-E71-BT,KB-E71-BT,KB E71 - NO BT,Battery,,,,0,17,,0,0,0,2,1 Month Warranty ,Sin (1),Active (ရောင်းမည်),,🆕 အသစ်/မရောင်းရသေး
Spare Part,HW,4W1,No,BT,,HW-4W1-BT,HW-4W1-BT,HW 4W1 - NO BT,Battery,HUAWEI,,,6000,8,,6000,6900,6600,2,1 Month Warranty ,Sin (1),Active (ရောင်းမည်),,🆕 အသစ်/မရောင်းရသေး
Spare Part,SS,J710(16),No,BT,,SS-J710(16)-BT,SS-J710(16)-BT,SS J710(16) - NO BT,Battery,SAMSUNG,,,7000,14,,7000,12000,11000,2,1 Month Warranty ,Sin (1),Active (ရောင်းမည်),,🆕 အသစ်/မရောင်းရသေး
Spare Part,HW,G730,No,BT,,HW-G730-BT,HW-G730-BT,HW G730 - NO BT,Battery,HUAWEI,,,7000,9,,7000,8050,7700,2,1 Month Warranty ,Sin (1),Active (ရောင်းမည်),,🆕 အသစ်/မရောင်းရသေး
Spare Part,HW,5N1,No,BT,,HW-5N1-BT,HW-5N1-BT,HW 5N1 - NO BT,Battery,HUAWEI,,,6000,8,,6000,6900,6600,2,1 Month Warranty ,Sin (1),Active (ရောင်းမည်),,🆕 အသစ်/မရောင်းရသေး
Spare Part,HW,HB4342,No,BT,,HW-HB4342-BT,HW-HB4342-BT,HW HB4342 - NO BT,Battery,HUAWEI,,,8000,2,,8000,9200,8800,2,1 Month Warranty ,Sin (1),Active (ရောင်းမည်),,🆕 အသစ်/မရောင်းရသေး
Spare Part,BL,4C,No,BT,,BL-4C-BT,BL-4C-BT,BL 4C - NO BT,Battery,NOKIA,,,5000,7,6,5000,7795,7456,2,1 Month Warranty ,Sin (1),Active (ရောင်းမည်),,🛒 အရောင်းပါး
Spare Part,SS,J1,No,BT,,SS-J1-BT,SS-J1-BT,SS J1 - NO BT,Battery,SAMSUNG,,,8000,9,,8000,12000,11000,2,1 Month Warranty ,Sin (1),Active (ရောင်းမည်),,🆕 အသစ်/မရောင်းရသေး
Spare Part,SS,J2,No,BT,,SS-J2-BT,SS-J2-BT,SS J2 - NO BT,Battery,SAMSUNG,,,8000,2,,8000,12000,11000,2,1 Month Warranty ,Sin (1),Active (ရောင်းမည်),,🆕 အသစ်/မရောင်းရသေး
Spare Part,OP,BLP-589,No,BT,,OP-BLB-589-BT,OP-BLP-589-BT,OP BLP-589 - NO BT,Battery,OPPO,,,15000,1,,15000,17250,16500,2,1 Month Warranty ,Sin (1),Active (ရောင်းမည်),,🆕 အသစ်/မရောင်းရသေး
Spare Part,SS,9082,No,BT,,SS-9082-BT,SS-9082-BT,SS 9082 - NO BT,Battery,SAMSUNG,,,7000,4,,7000,11000,10000,2,1 Month Warranty ,Sin (1),Active (ရောင်းမည်),,🆕 အသစ်/မရောင်းရသေး
Spare Part,SS,J2PRIME (G530),No,BT,,SS-J2PRIME (G530)-BT,SS-J2PRIME (G530)-BT,SS J2PRIME (G530) - NO BT,Battery,SAMSUNG,,,7000,3,2,7000,11000,10000,2,1 Month Warranty ,Sin (1),Active (ရောင်းမည်),,🛒 အရောင်းပါး
Spare Part,SS,BN910BBE,No,BT,,SS-BN910BBE-BT,SS-BN910BBE-BT,SS BN910BBE - NO BT,Battery,SAMSUNG,,,8000,11,,0,12000,11000,2,1 Month Warranty ,Sin (1),Active (ရောင်းမည်),,🆕 အသစ်/မရောင်းရသေး
Spare Part,OP,BLP-029,No,BT,,OP-BLP-029-BT,OP-BLP-029-BT,OP BLP-029 - NO BT,Battery,OPPO,,,0,3,,0,0,0,2,1 Month Warranty ,Sin (1),Active (ရောင်းမည်),,🆕 အသစ်/မရောင်းရသေး
Spare Part,RM,BM44,No,BT,,RM-BM44-BT,RM-BM44-BT,RM BM44 - NO BT,Battery,Xiaomi,,,6000,1,,0,9000,8000,2,1 Month Warranty ,Sin (1),Active (ရောင်းမည်),,🆕 အသစ်/မရောင်းရသေး
Spare Part,HW,HB50576,No,BT,,HW-HB50576-BT,HW-HB50576-BT,HW HB50576 - NO BT,Battery,HUAWEI,,,0,9,,0,0,0,2,1 Month Warranty ,Sin (1),Active (ရောင်းမည်),,🆕 အသစ်/မရောင်းရသေး
Spare Part,IT,BL25,No,BT,,IT-BL25-BT,IT-BL25-BT,IT BL25 - NO BT,Battery,ITEL,,,6000,3,,6000,6900,6600,2,1 Month Warranty ,Sin (1),Active (ရောင်းမည်),,🆕 အသစ်/မရောင်းရသေး
Spare Part,NK,BL5C,No,BT,,NK-BL5C-BT,NK-BL5C-BT,NK BL5C - NO BT,Battery,NOKIA,,,5000,5,4,5000,8050,7700,2,1 Month Warranty ,Sin (1),Active (ရောင်းမည်),,🛒 အရောင်းပါး
Spare Part,HW,5V1,No,BT,,HW-5V1-BT,HW-5V1-BT,HW 5V1 - NO BT,Battery,HUAWEI,,,6000,2,,6000,6900,6600,2,1 Month Warranty ,Sin (1),Active (ရောင်းမည်),,🆕 အသစ်/မရောင်းရသေး
Spare Part,VV,BK65,No,BT,,VV-BK65-BT,VV-BK65-BT,VV BK65 - NO BT,Battery,Vivo,,,18000,3,,0,21000,20000,2,1 Month Warranty ,Sin (1),Active (ရောင်းမည်),,🆕 အသစ်/မရောင်းရသေး
Spare Part,NK,4L,No,BT,,NK-4L-BT,NK-4L-BT,NK 4L - NO BT,Battery,NOKIA,,,5000,2,,5000,0,0,2,1 Month Warranty ,Sin (1),Active (ရောင်းမည်),,🆕 အသစ်/မရောင်းရသေး
Spare Part,NK,BL4D,No,BT,,NK-BL4D-BT,NK-BL4D-BT,NK BL4D - NO BT,Battery,NOKIA,,,0,3,,0,0,0,2,1 Month Warranty ,Sin (1),Active (ရောင်းမည်),,🆕 အသစ်/မရောင်းရသေး
Spare Part,SS,X200,No,BT,,SS-X200-BT,SS-X200-BT,SS X200 - NO BT,Battery,SAMSUNG,,,8000,6,,0,12000,11000,2,1 Month Warranty ,Sin (1),Active (ရောင်းမည်),,🆕 အသစ်/မရောင်းရသေး
Spare Part,SS,J510,No,BT,,SS-N910-BT,SS J510 BT,SS J510 - NO BT,Battery,SAMSUNG,,,8000,1,,0,12000,11000,2,1 Month Warranty ,Sin (1),Active (ရောင်းမည်),,🆕 အသစ်/မရောင်းရသေး
Spare Part,SS,BG850,No,BT,,SS-BG850-BT,SS-BG850-BT,SS BG850 - NO BT,Battery,SAMSUNG,,,7000,7,,0,10000,9000,2,1 Month Warranty ,Sin (1),Active (ရောင်းမည်),,🆕 အသစ်/မရောင်းရသေး
Spare Part,SS,B425,No,BT,,SS-B425-BT,SS-B425-BT,SS B425 - NO BT,Battery,SAMSUNG,,,7000,4,,0,11000,10000,2,1 Month Warranty ,Sin (1),Active (ရောင်းမည်),,🆕 အသစ်/မရောင်းရသေး
Spare Part,SS,B150,No,BT,,SS-B150-BT,SS-B150-BT,SS B150 - NO BT,Battery,SAMSUNG,,,8000,2,,0,12000,11000,2,1 Month Warranty ,Sin (1),Active (ရောင်းမည်),,🆕 အသစ်/မရောင်းရသေး
Spare Part,SS,B220,No,BT,,SS-B220-BT,SS-B220-BT,SS B220 - NO BT,Battery,SAMSUNG,,,8000,1,,0,12000,11000,2,1 Month Warranty ,Sin (1),Active (ရောင်းမည်),,🆕 အသစ်/မရောင်းရသေး
Spare Part,SS,J7000,No,BT,,SS-J7000-BT,SS-J7000-BT,SS J7000 - NO BT,Battery,SAMSUNG,,,10000,2,,10000,11500,11000,2,1 Month Warranty ,Sin (1),Active (ရောင်းမည်),,🆕 အသစ်/မရောင်းရသေး
Spare Part,TN,BL49FT,NOBLS,BT,,TN-BL49FT-BT,TN-BL49FT-BT,TN BL49FT - NOBLS BT,Battery,TECNO,,,18000,4,1,18000,4140,3960,2,1 Month Warranty ,Sin (1),Active (ရောင်းမည်),,🆕 အသစ်/မရောင်းရသေး
Spare Part,RM,BN37,NOBLS,BT,,RM-BN37-BT,RM-BN37-BT,RM BN37 - NOBLS BT,Battery,Xiaomi,,,12000,35,33,12000,15000,14000,2,1 Month Warranty ,Sin (1),Active (ရောင်းမည်),,🆕 အသစ်/မရောင်းရသေး
Spare Part,VV,BS1,NOBLS,BT,,VV-BS1-BT,VV-BS1-BT,VV BS1 - NOBLS BT,Battery,Vivo,,,20500,15,15,20500,25000,24000,2,1 Month Warranty ,Sin (1),Active (ရောင်းမည်),,🆕 အသစ်/မရောင်းရသေး
Spare Part,RM,BN5A,NOBLS,BT,,RM-BN5A-BT,RM-BN5A-BT,RM BN5A - NOBLS BT,Battery,Xiaomi,,,21000,4,2,21000,26000,25000,2,1 Month Warranty ,Sin (1),Active (ရောင်းမည်),,🆕 အသစ်/မရောင်းရသေး
Spare Part,RM,BN54,NO-BMS,BT,,RM-BN54-BT,RM-BN54-BT,RM BN54 - NOBLS BT,Battery,Xiaomi,,,5000,105,112,6500,26000,25000,2,1 Month Warranty ,Sin (1),Active (ရောင်းမည်),,🛒 အရောင်းပါး
Spare Part,SS,J4plus,No,TL,BLK,SS-J4plus-TL-BLK,SS-J4plus-TL-BLK,SS J4PLUS - NO TL (BLK),TL,Xiaomi,,,31000,1,4,23750,38000,37000,2,1 Month Warranty ,Box1,Active (ရောင်းမည်),,🆕 အသစ်/မရောင်းရသေး
Spare Part,VV,Y21(B65),No,BT,ORG,VV-Y21(B65)-BT-ORG,VV-Y21(B65)-BT-ORG,VV Y21(B65) - NO BT (ORG),Battery,Vivo,,,6000,3,2,6000,8000,7000,2,1 Month Warranty ,Sin3,Active (ရောင်းမည်),,🛒 အရောင်းပါး
Accessories,UW,A039T,No,CHS,"MC , WHT",UW-A039T-CHS-MC -WHT,UW-A039T-CHS-MC -WHT,"UW A039T - NO CHS (MC , WHT)",Charger set,U-Winn,,,4200,0,0,4200,7000,6500,2,1 Month Warranty ,Sin3,Active (ရောင်းမည်),Products_Images/UW-A039T-CHS-MC -WHT.Images.050710.jpg,🆕 အသစ်/မရောင်းရသေး
,,,,,,,,,,,,,,,,,,,,,,,,
,,,,,,,,,,,,,,,,,,,,,,,,
,,,,,,,,,,,,,,,,,,,,,,,,
,,,,,,,,,,,,,,,,,,,,,,,,
Accessories,SPX RM,NT9PRO,No,SG,BLK,SPX RM-NT9PRO-SG-BLK,SPX RM-NT9PRO-SG-BLK,SPX RM NT9PRO - NO SG (BLK),Screen Guard,Super X,,,1850,0,5,1850,6000,0,2,1 Month Warranty ,Sin (2),Active (ရောင်းမည်),,🆕 အသစ်/မရောင်းရသေး
Accessories,SPX RM,10C,No,SG,BLK,SPX RM-10C-SG-BLK,SPX RM-10C-SG-BLK,SPX RM 10C - NO SG (BLK),Screen Guard,Super X,,,1850,3,4,1850,6000,0,2,1 Month Warranty ,Sin (2),Active (ရောင်းမည်),,🛒 အရောင်းပါး
Accessories,SPX RM,K30,No,SG,BLK,SPX RM-K30-SG-BLK,SPX RM-K30-SG-BLK,SPX RM K30 - NO SG (BLK),Screen Guard,Super X,,,1850,0,4,1850,6000,,2,1 Month Warranty ,Sin (2),Active (ရောင်းမည်),,🛒 အရောင်းပါး
Accessories,SPX RM,NT144G,NO,SG,BLK,SPX RM-NT144G-SG-BLK,SPX RM-NT144G-SG-BLK,SPX RM NT144G - NO SG (BLK),Screen Guard,Super X,,,1850,0,3,1850,6000,0,2,1 Month Warranty ,Sin (1),Active (ရောင်းမည်),,🛒 အရောင်းပါး
Accessories,SPX RM,14C,No,SG,BLK,SPX RM-14C-SG-BLK,SPX RM-14C-SG-BLK,SPX RM 14C - NO SG (BLK),Screen Guard,Super X,,,1850,0,4,1850,6000,0,2,1 Month Warranty ,Sin (2),Active (ရောင်းမည်),,🛒 အရောင်းပါး
Accessories,SPX RM,A5,No,SG,BLK,SPX RM-A5-SG-BLK,SPX RM-A5-SG-BLK,SPX RM A5 - NO SG (BLK),Screen Guard,Super X,,,1850,0,5,1850,6000,0,2,1 Month Warranty ,Sin (2),Active (ရောင်းမည်),,🆕 အသစ်/မရောင်းရသေး
Accessories,SPX RM,6,6A,SG,BLK,SPX RM-6-SG-BLK,SPX RM-6-SG-BLK,SPX RM 6 - 6A SG (BLK),Screen Guard,Super X,,,1850,3,5,1850,6000,5400,2,1 Month Warranty ,Sin (2),Active (ရောင်းမည်),,🛒 အရောင်းပါး
Accessories,SPX RM,7,No,SG,BLK,SPX RM-7-SG-BLK,SPX RM-7-SG-BLK,SPX RM 7 - NO SG (BLK),Screen Guard,Super X,,,1850,3,6,1850,6000,0,2,1 Month Warranty ,Sin (1),Active (ရောင်းမည်),,🛒 အရောင်းပါး
Accessories,SPX RM,8A,8,SG,BLK,SPX RM-8A-SG-BLK,SPX RM-8A-SG-BLK,SPX RM 8A - 8 SG (BLK),Screen Guard,Super X,,,1850,3,5,1850,6000,,2,1 Month Warranty ,Sin (2),Active (ရောင်းမည်),,🆕 အသစ်/မရောင်းရသေး
Accessories,SPX RM,9,No,SG,BLK,SPX RM-9-SG-BLK,SPX RM-9-SG-BLK,SPX RM 9 - NO SG (BLK),Screen Guard,Super X,,,1850,3,6,1850,6000,0,2,1 Month Warranty ,Sin (2),Active (ရောင်းမည်),,🛒 အရောင်းပါး
Accessories,SPX RM,9A,No,SG,BLK,SPX RM-9A-SG-BLK,SPX RM-9A-SG-BLK,SPX RM 9A - NO SG (BLK),Screen Guard,Super X,,,1850,3,6,1850,6000,0,2,1 Month Warranty ,Sin (2),Active (ရောင်းမည်),,🛒 အရောင်းပါး
Accessories,SPX RM,NT94G,NO,SG,BLK,SPX RM-NT94G-SG-BLK,SPX RM-NT94G-SG-BLK,SPX RM NT94G - NO SG (BLK),Screen Guard,Super X,,,1850,0,5,1850,6000,0,2,1 Month Warranty ,Sin (2),Active (ရောင်းမည်),,🆕 အသစ်/မရောင်းရသေး
Accessories,SPX VV,Y51,No,SG,BLK,SPX VV-Y51-SG,SPX VV-Y51-SG (BLK),SPX VV Y51 - NO SG (BLK),Screen Guard,Super X,,,1850,0,5,1850,6000,0,2,1 Month Warranty ,Sin (2),Active (ရောင်းမည်),,🆕 အသစ်/မရောင်းရသေး
Accessories,SPX OP,A38,No,SG,BLK,SPX OP-A38-SG-BLK,SPX OP-A38-SG-BLK,SPX OP A38 - NO SG (BLK),Screen Guard,Super X,,,1850,0,2,1850,6000,0,2,1 Month Warranty ,Sin (2),Active (ရောင်းမည်),,🛒 အရောင်းပါး
Accessories,SPX RM,NT12,NO,SG,BLK,SPX RM-NT12-SG-BLK,SPX RM-NT12-SG-BLK,SPX RM NT12 - NO SG (BLK),Screen Guard,Super X,,,1850,0,3,1850,6000,0,2,1 Month Warranty ,Sin (2),Active (ရောင်းမည်),,🛒 အရောင်းပါး
Accessories,SPX RM,NT12TURBO,NO,SG,BLK,SPX RM-NOTE12TURBO-SG-BLK,SPX RM-NT12TURBO-SG-BLK,SPX RM NT12TURBO - NO SG (BLK),Screen Guard,Super X,,,1850,3,5,1850,6000,0,2,1 Month Warranty ,Sin (2),Active (ရောင်းမည်),,🆕 အသစ်/မရောင်းရသေး
Accessories,SPX IF,HOT30,No,SG,BLK,SPX IF-HOT30-SG-BLK,SPX IF-HOT30-SG-BLK,SPX IF HOT30 - NO SG (BLK),Screen Guard,Super X,,,1850,2,2,1850,6000,0,2,1 Month Warranty ,Sin (2),Active (ရောင်းမည်),,✅ ပုံမှန်
Accessories,SPX TN,POVA 3,NO,SG,BLK,SPX TN-POVA 3-SG-BLK,SPX TN-POVA 3-SG-BLK,SPX TN POVA 3 - NO SG (BLK),Screen Guard,Super X,,,1850,0,5,1850,6000,0,2,1 Month Warranty ,Sin (2),Active (ရောင်းမည်),,🆕 အသစ်/မရောင်းရသေး
Accessories,SPX TN,SPARKGO23,No,SG,BLK,SPX TN-SPARKGO23-SG-BLK,SPX TN-SPARKGO23-SG-BLK,SPX TN SPARKGO23 - NO SG (BLK),Screen Guard,Super X,,,1850,0,4,1850,6000,0,2,1 Month Warranty ,Sin (2),Active (ရောင်းမည်),,🛒 အရောင်းပါး
Accessories,SPX VV,Y83,No,SG,BLK,SPX VV-Y83-SG-BLK,SPX VV-Y83-SG-BLK,SPX VV Y83 - NO SG (BLK),Screen Guard,Super X,,,1850,3,5,1850,6000,5400,2,1 Month Warranty ,Sin (2),Active (ရောင်းမည်),,🆕 အသစ်/မရောင်းရသေး
Spare Part,SS,A51/4G,No,TL,BLK,SS-A51/4G-TL-BLK,SS-A51/4G-TL-BLK,SS A51/4G - NO TL (BLK),TL,SAMSUNG,,,98000,0,0,98000,120000,115000,2,1 Month Warranty ,Box1,Active (ရောင်းမည်),,🆕 အသစ်/မရောင်းရသေး
Spare Part,HW,Y5P/9S,No,TL,BLK,HW-Y5P/9S-TL-BLK,HW-Y5P/9S-TL-BLK,HW Y5P/9S - NO TL (BLK),TL,HUAWEI,,,26500,0,3,30833,30000,29000,2,1 Month Warranty ,Box1,Active (ရောင်းမည်),,🆕 အသစ်/မရောင်းရသေး
Spare Part,OP,A55/5G,No,TL,BLK,OP-A55/5G-TL-BLK,OP-A55/5G-TL-BLK,OP A55/5G - NO TL (BLK),TL,OPPO,,,31000,0,1,31000,38000,37000,2,1 Month Warranty ,Box1,Active (ရောင်းမည်),,🆕 အသစ်/မရောင်းရသေး
Spare Part,HW,Y6Prime(18)/Y6Pro/7A,No,TL,BLK,HW-Y6Prime(18)/Y6Pro/7A-TL-BLK,HW-Y6Prime(18)/Y6Pro/7A-TL-BLK,HW Y6PRIME(18)/Y6PRO/7A - NO TL (BLK),TL,HUAWEI,,,31000,0,0,31000,38000,37000,2,1 Month Warranty ,Box1,Active (ရောင်းမည်),,🆕 အသစ်/မရောင်းရသေး
Accessories,OTH,8PA,No,STK,,OTH-8PA-STK,OTH-8PA-STK,OTH 8PA - NO STK,Sticker,OTHER,,,1650,0,15,1650,8000,0,2,1 Month Warranty ,Sin (2),Active (ရောင်းမည်),,🆕 အသစ်/မရောင်းရသေး
Accessories,OTH,WATER,No,BAG,SM,OTH-WATER-BAG,OTH-WATER-BAG,OTH WATER - NO BAG,Water Bag,OTHER,,,1280,0,24,1280,3500,3000,2,1 Month Warranty ,Sin (2),Active (ရောင်းမည်),Products_Images/OTH-WATER-BAG.Images.042036.jpg,🛒 အရောင်းပါး
Accessories,LNV,XT81,No,BEP,BLK,LNV-XT81-BEP-BLK,LNV-XT81-BEP-BLK,LNV XT81 - NO BEP (BLK),BLUETOOTH EARPHONE,LENOVO,,,19500,,4,19500,35000,,2,1 Month Warranty ,Sin (2),Active (ရောင်းမည်),Products_Images/LNV-XT81-BEP-BLK.Images.062711.jpg,🛒 အရောင်းပါး
Accessories,OTH,RMNT7,NO,CV,CAT,OTH-RMNT7-CV-CAT,OTH-RMNT7-CV-CAT,OTH RMNT7 - NO CV (CAT),COVER,OTHER,,,2900,0,1,2900,7000,0,2,No Warranty,Sin (2),Active (ရောင်းမည်),Products_Images/OTH-RMNT7-CV-CAT.Images.071045.jpg,🆕 အသစ်/မရောင်းရသေး
Accessories,OTH,RM6X,NO,CV,VNO,OTH-RM6X-CV-VNO,OTH-RM6X-CV-VNO,OTH RM6X - NO CV (VNO),COVER,OTHER,,,3800,0,1,3800,7000,0,2,1 Month Warranty ,Sin (2),Active (ရောင်းမည်),Products_Images/OTH-RM6X-CV-VNO.Images.071055.jpg,🆕 အသစ်/မရောင်းရသေး
Accessories,OTH,RM8A,NO,CV,SIL,OTH-RM8A-CV-SIL,OTH-RM8A-CV-SIL,OTH RM8A - NO CV (SIL),COVER,OTHER,,,3600,0,1,3600,7000,0,2,1 Month Warranty ,Sin (2),Active (ရောင်းမည်),Products_Images/OTH-RM8A-CV-SIL.Images.071106.jpg,🛒 အရောင်းပါး
Accessories,OTH,RMNT7,NO,CV,SIL,OTH-RMNT7-CV-SIL,OTH-RMNT7-CV-SIL,OTH RMNT7 - NO CV (SIL),COVER,OTHER,,,4000,0,0,4000,7000,0,2,1 Month Warranty ,Sin (2),Active (ရောင်းမည်),Products_Images/OTH-RMNT7-CV-SIL.Images.071118.jpg,🛒 အရောင်းပါး
Accessories,OTH,RMNT115G,No,CV,SIL,OTH-RMNT115G-CV-SIL,OTH-RMNT115G-CV-SIL,OTH RMNT115G - NO CV (SIL),COVER,OTHER,,,4150,0,2,4150,7000,0,2,1 Month Warranty ,Sin (2),Active (ရောင်းမည်),Products_Images/OTH-RMNT115G-CV-SIL.Images.071128.jpg,🛒 အရောင်းပါး
Accessories,OTH,RM6X,No,CV,SIL,OTH-RM6X-CV-SIL,OTH-RM6X-CV-SIL,OTH RM6X - NO CV (SIL),COVER,OTHER,,,3200,0,1,3200,7000,,2,No Warranty,Sin (2),Active (ရောင်းမည်),Products_Images/OTH-RM6X-CV-SIL.Images.071139.jpg,🛒 အရောင်းပါး
Accessories,OTH,TN SPARK10,No,CV,SIL,OTH-TN SPARK10-CV-SIL,OTH-TN SPARK10-CV-SIL,OTH TN SPARK10 - NO CV (SIL),COVER,OTHER,,,2800,0,2,2800,7000,,2,No Warranty,Sin (2),Active (ရောင်းမည်),Products_Images/OTH-TN SPARK10-CV-SIL.Images.073607.jpg,🛒 အရောင်းပါး
Accessories,OTH,TN SPARK7,No,CV,SIL,OTH-TN SPARK7-CV-SIL,OTH-TN SPARK7-CV-SIL,OTH TN SPARK7 - NO CV (SIL),COVER,OTHER,,,2800,146,2,2800,7000,0,2,1 Month Warranty ,Sin (2),Active (ရောင်းမည်),Products_Images/OTH-TN SPARK7-CV-SIL.Images.073618.jpg,🆕 အသစ်/မရောင်းရသေး
Accessories,OTH,RM7A,No,CV,SIL,OTH-RM7A-CV-SIL,OTH-RM7A-CV-SIL,OTH RM7A - NO CV (SIL),COVER,OTHER,,,2800,0,2,2800,7000,0,2,1 Month Warranty ,Sin (2),Active (ရောင်းမည်),Products_Images/OTH-RM7A-CV-SIL.Images.073627.jpg,🛒 အရောင်းပါး
Accessories,OTH,TN SMART8,No,CV,CAT,OTH-TN SMART8-CV-CAT,OTH-TN SMART8-CV-CAT,OTH TN SMART8 - NO CV (CAT),COVER,OTHER,,,2850,0,0,2850,7000,0,2,No Warranty,Sin (2),Active (ရောင်းမည်),Products_Images/OTH-TN SMART8-CV-CAT.Images.084101.jpg,🛒 အရောင်းပါး
Accessories,OTH,RMA5(4G),No,CV,CAR,OTH-RMA5(4G)-CV-CAR,OTH-RMA5(4G)-CV-CAR,OTH RMA5(4G) - NO CV (CAR),COVER,OTHER,,,2850,0,1,2850,7000,0,2,1 Month Warranty ,Sin (2),Active (ရောင်းမည်),Products_Images/OTH-RMA5(4G)-CV-CAR.Images.084111.jpg,🛒 အရောင်းပါး
Accessories,OTH,RM13(4G),No,EP,SIL,OTH-RM13(4G)-EP-SIL,OTH-RM13(4G)-EP-SIL,OTH RM13(4G) - NO EP (SIL),COVER,OTHER,,,3150,0,1,3150,7000,0,2,1 Month Warranty ,Sin (2),Active (ရောင်းမည်),Products_Images/OTH-RM13(4G)-EP-SIL.Images.084121.jpg,🛒 အရောင်းပါး
Accessories,OTH,TN SP GO23,No,CV,SIL,OTH-TN SP GO23-CV-SIL,OTH-TN SP GO23-CV-SIL,OTH TN SP GO23 - NO CV (SIL),COVER,OTHER,,,2800,0,0,2800,7000,0,2,No Warranty,Sin (2),Active (ရောင်းမည်),Products_Images/OTH-TN SP GO23-CV-SIL.Images.084133.jpg,🛒 အရောင်းပါး
Accessories,OTH,RMA5(4G),No,CV,PLA,OTH-RMA5(4G)-CV-PLA,OTH-RMA5(4G)-CV-PLA,OTH RMA5(4G) - NO CV (PLA),COVER,OTHER,,,2500,0,0,2500,7000,0,2,1 Month Warranty ,Sin (2),Active (ရောင်းမည်),Products_Images/OTH-RMA5(4G)-CV-PLA.Images.084211.jpg,🛒 အရောင်းပါး
Accessories,OTH,RMNT7,No,CV,PLA,OTH-RMNT7-CV-PLA,OTH-RMNT7-CV-PLA,OTH RMNT7 - NO CV (PLA),COVER,OTHER,,,2500,0,1,2500,7000,0,2,No Warranty,Sin (2),Active (ရောင်းမည်),Products_Images/OTH-RMNT7-CV-PLA.Images.084221.jpg,🛒 အရောင်းပါး
Accessories,OTH,RM10(4G),No,CV,SIL,OTH-RM10(4G)-CV-SIL,OTH-RM10(4G)-CV-SIL,OTH RM10(4G) - NO CV (SIL),COVER,OTHER,,,2500,0,0,2500,7000,0,2,No Warranty,Sin (2),Active (ရောင်းမည်),Products_Images/OTH-RM10(4G)-CV-SIL.Images.084229.jpg,🛒 အရောင်းပါး
Accessories,OTH,RM12(5G),NT12R,CV,SIL,OTH-RM12(5G)-CV-SIL,OTH-RM12(5G)-CV-SIL,OTH RM12(5G) - NT12R CV (SIL),COVER,OTHER,,,2500,0,1,2500,7000,0,2,No Warranty,Sin (2),Active (ရောင်းမည်),Products_Images/OTH-RM12(5G)-CV-SIL.Images.084238.jpg,🛒 အရောင်းပါး
Accessories,OTH,RM14C(4G),RMA4(5G),CV,SIL,OTH-RM14C(4G)-CV-SIL,OTH-RM14C(4G)-CV-SIL,OTH RM14C(4G) - RMA4(5G) CV (SIL),COVER,OTHER,,,2500,0,2,2500,7000,0,2,No Warranty,Sin (2),Active (ရောင်းမည်),Products_Images/OTH-RM14C(4G)-CV-SIL.Images.084248.jpg,🛒 အရောင်းပါး
Accessories,OTH,IF HOT40I,No,CV,BTY,OTH-IF HOT40I-CV-BTY,OTH-IF HOT40I-CV-BTY,OTH IF HOT40I - NO CV (BTY),COVER,OTHER,,,3950,0,0,3950,7000,0,2,1 Month Warranty ,Sin (2),Active (ရောင်းမည်),Products_Images/OTH-IF HOT40I-CV-BTY.Images.094702.jpg,🛒 အရောင်းပါး
Accessories,OTH,TN SMART8,No,CV,BTY,OTH-TN SMART8-CV-BTY,OTH-TN SMART8-CV-BTY,OTH TN SMART8 - NO CV (BTY),COVER,OTHER,,,3950,0,0,3950,7000,0,2,1 Month Warranty ,Sin (2),Active (ရောင်းမည်),Products_Images/OTH-TN SMART8-CV-BTY.Images.094711.jpg,🛒 အရောင်းပါး
Accessories,OTH,RM NT14(4G),No,CV,BTY,OTH-RM NT14(4G)-CV-BTY,OTH-RM NT14(4G)-CV-BTY,OTH RM NT14(4G) - NO CV (BTY),COVER,OTHER,,,3950,0,1,3950,7000,0,2,1 Month Warranty ,Sin (2),Active (ရောင်းမည်),Products_Images/OTH-RM NT14(4G)-CV-BTY.Images.094721.jpg,🛒 အရောင်းပါး
Accessories,OTH,RM9A,No,CV,BTY,OTH-RM9A-CV-BTY,OTH-RM9A-CV-BTY,OTH RM9A - NO CV (BTY),COVER,OTHER,,,3950,0,0,3950,7000,0,2,1 Month Warranty ,Sin (2),Active (ရောင်းမည်),Products_Images/OTH-RM9A-CV-BTY.Images.094730.jpg,🛒 အရောင်းပါး
Accessories,OTH,RM10,RM 19PRIME,CV,BTY,OTH-RM10-CV-BTY,OTH-RM10-CV-BTY,OTH RM10 - RM 19PRIME CV (BTY),COVER,OTHER,,,4100,0,2,4100,7000,,2,1 Month Warranty ,Sin (2),Active (ရောင်းမည်),Products_Images/OTH-RM10-CV-BTY.Images.094738.jpg,🛒 အရောင်းပါး
Accessories,OTH,RM8A,No,CV,BTY,OTH-RM8A-CV-BTY,OTH-RM8A-CV-BTY,OTH RM8A - NO CV (BTY),COVER,OTHER,,,4100,0,2,4100,7000,0,2,1 Month Warranty ,Sin (2),Active (ရောင်းမည်),Products_Images/OTH-RM8A-CV-BTY.Images.094747.jpg,🛒 အရောင်းပါး
Accessories,OTH,RM13C(5G),No,CV,CLR,OTH-RM13C(5G)-CV-CLR,OTH-RM13C(5G)-CV-CLR,OTH RM13C(5G) - NO CV (CLR),COVER,OTHER,,,2950,0,0,2950,7000,0,2,1 Month Warranty ,Sin (2),Active (ရောင်းမည်),Products_Images/OTH-RM13C(5G)-CV-CLR.Images.094757.jpg,🛒 အရောင်းပါး
Accessories,OTH,RMA5,No,CV,SIL,OTH-RMA5-CV-SIL,OTH-RMA5-CV-SIL,OTH RMA5 - NO CV (SIL),COVER,OTHER,,,2950,0,2,2950,7000,0,2,1 Month Warranty ,Sin (2),Active (ရောင်းမည်),Products_Images/OTH-RMA5-CV-SIL.Images.095645.jpg,🛒 အရောင်းပါး
Accessories,OTH,RM9A,No,CV,PLA,OTH-RM9A-CV-PLA,OTH-RM9A-CV-PLA,OTH RM9A - NO CV (PLA),COVER,OTHER,,,3500,0,0,3500,7000,0,2,1 Month Warranty ,Sin (2),Active (ရောင်းမည်),Products_Images/OTH-RM9A-CV-PLA.Images.095936.jpg,🛒 အရောင်းပါး
Accessories,OTH,RM13C(4G),No,CV,PLA,OTH-RM13C(4G)-CV-PLA,OTH-RM13C(4G)-CV-PLA,OTH RM13C(4G) - NO CV (PLA),COVER,OTHER,,,3500,0,0,3500,7000,0,2,1 Month Warranty ,Sin (2),Active (ရောင်းမည်),Products_Images/OTH-RM13C(4G)-CV-PLA.Images.100353.jpg,🛒 အရောင်းပါး
Accessories,OTH,IF HOT40I,No,CV,PLA,OTH-IF HOT40I-CV-PLA,OTH-IF HOT40I-CV-PLA,OTH IF HOT40I - NO CV (PLA),COVER,OTHER,,,3500,0,0,3500,7000,0,2,1 Month Warranty ,Sin (2),Active (ရောင်းမည်),Products_Images/OTH-IF HOT40I-CV-PLA.Images.100555.jpg,🛒 အရောင်းပါး
Accessories,OTH,RM NT14(4G),No,CV,CLR,OTH-RM NT14(4G)-CV-CLR,OTH-RM NT14(4G)-CV-CLR,OTH RM NT14(4G) - NO CV (CLR),COVER,OTHER,,,3650,0,1,3650,7000,0,2,1 Month Warranty ,Sin (2),Active (ရောင်းမည်),Products_Images/OTH-RM NT14(4G)-CV-CLR.Images.100822.jpg,🛒 အရောင်းပါး
Accessories,OTH,RM13X,No,CV,SIL,OTH-RM13X-CV-SIL,OTH-RM13X-CV-SIL,OTH RM13X - NO CV (SIL),COVER,OTHER,,,3650,0,1,3650,7000,0,2,1 Month Warranty ,Sin (2),Active (ရောင်းမည်),Products_Images/OTH-RM13X-CV-SIL.Images.101144.jpg,🛒 အရောင်းပါး
Accessories,RM,BUDS4,No,BEP,,RM-BUDS4-BEP,RM-BUDS4-BEP,RM BUDS4 - NO BEP,BLUETOOTH EARPHONE,Xiaomi,,,45000,,2,45000,65000,64000,2,1 Month Warranty ,Sin (2),Active (ရောင်းမည်),Products_Images/RM-BUDS4-BEP.Images.080219.jpg,🆕 အသစ်/မရောင်းရသေး
Accessories,YK,Yk,No,CB,"WHT , TC",YK-Yk-CB-WHT -TC,YK-Yk-CB-WHT -TC,"YK YK - NO CB (WHT , TC)",Cable,YK,,,500,249,230,500,3000,3500,2,1 Month Warranty ,Sin1,Active (ရောင်းမည်),Products_Images/YK-Yk-CB-WHT -TC.Images.094736.jpg,🆕 အသစ်/မရောင်းရသေး
Accessories,YK,Other,No,EP,WHT,YK-Other-EP-WHT,YK-Other-EP-WHT,YK OTHER - NO EP (WHT),Earphones,YK,,,1000,119,106,1000,4000,3500,2,1 Month Warranty ,Sin1,Active (ရောင်းမည်),Products_Images/YK-Other-EP-WHT.Images.065607.jpg,🛒 အရောင်းပါး
Accessories,YK,SILICON,No,CB,"MC , WHT",YK-SILICON-CB-MC -WHT,YK-SILICON-CB-MC -WHT,"YK SILICON - NO CB (MC , WHT)",Cable,YK,,,1300,100,42,1300,5000,4000,2,1 Month Warranty ,Sin1,Active (ရောင်းမည်),Products_Images/YK-SILICON-CB-MC -WHT.Images.041946.jpg,🔥 အရောင်းကောင်း
Accessories,YK,SILICON,No,CB,"TC , WHT",YK-SILICON-CB-TC -WHT,YK-SILICON-CB-TC -WHT,"YK SILICON - NO CB (TC , WHT)",Cable,YK,,,1500,77,45,1500,6000,5000,2,1 Month Warranty ,Sin1,Active (ရောင်းမည်),Products_Images/YK-SILICON-CB-TC -WHT.Images.041144.jpg,🔥 အရောင်းကောင်း
Accessories,YK,Super,No,CB,"TC , ONG",YK-Super-CB-TC -ONG,YK-Super-CB-TC -ONG,"YK SUPER - NO CB (TC , ONG)",Cable,YK,,,1000,19,,1000,7000,6000,2,1 Month Warranty ,Sin1,Active (ရောင်းမည်),Products_Images/YK-Super-CB-TC -ONG.Images.042502.jpg,🆕 အသစ်/မရောင်းရသေး
Accessories,YK,Super,No,CB,"ONG , MC",YK-Super-CB-ONG -MC,YK-Super-CB-ONG -MC,"YK SUPER - NO CB (ONG , MC)",Cable,YK,,,1000,8,,1000,6000,5000,2,1 Month Warranty ,Sin1,Active (ရောင်းမည်),Products_Images/YK-Super-CB-ONG -MC.Images.042712.jpg,🆕 အသစ်/မရောင်းရသေး
Accessories,YK,S30,No,CB,"TC , WHT",YK-S30-CB-TC -WHT,YK-S30-CB-TC -WHT,"YK S30 - NO CB (TC , WHT)",Cable,YK,,,2000,62,40,2000,7000,6500,2,1 Month Warranty ,Sin6,Active (ရောင်းမည်),Products_Images/YK-S30-CB-TC -WHT.Images.094146.jpg,🛒 အရောင်းပါး
Accessories,UW,L601,No,CB,"TC , WHT",UW-L601-CB-TC -WHT,UW-L601-CB-TC -WHT,"UW L601 - NO CB (TC , WHT)",Cable,U-Winn,,,7800,,4,7800,12500,9000,2,1 Month Warranty ,SIN2,Active (ရောင်းမည်),Products_Images/UW-L601-CB-TC -WHT.Images.042356.jpg,🛒 အရောင်းပါး
Accessories,HW,Max66,No,CH,WHT,HW-Max66-CH-WHT,HW-Max66-CH-WHT,HW MAX66 - NO CH (WHT),Charger,HUAWEI,,,4900,82,69,4900,10000,9000,2,1 Month Warranty ,Sin3,Active (ရောင်းမည်),Products_Images/HW-Max66-CH-WHT.Images.075433.jpg,🛒 အရောင်းပါး
Accessories,IP,14pro,No,CHS,"WHT , IP",IP-14pro-CHS-WHT -IP,IP-14pro-CHS-WHT -IP,"IP 14PRO - NO CHS (WHT , IP)",Charger set,IPHONE,,,15000,15,,15000,25000,24000,2,1 Month Warranty ,Sin3,Active (ရောင်းမည်),Products_Images/IP-14pro-CHS-WHT -IP.Images.075925.jpg,🆕 အသစ်/မရောင်းရသေး
Accessories,SS,Travel,No,CHS,"TC , BLK",SS-Travel-CHS-TC -BLK,SS-Travel-CHS-TC -BLK,"SS TRAVEL - NO CHS (TC , BLK)",Charger set,SAMSUNG,,,7500,22,12,7500,14000,12000,2,1 Month Warranty ,Sin3,Active (ရောင်းမည်),Products_Images/SS-Travel-CHS-TC -BLK.Images.080607.jpg,🆕 အသစ်/မရောင်းရသေး
Accessories,YK,U82 PC,No,EP,BLK,YK-U82 PC-EP-BLK,YK-U82 PC-EP-BLK,YK U82 PC - NO EP (BLK),Earphones,YK,,,41000,30,20,41000,15000,14000,2,1 Month Warranty ,Sin3,Active (ရောင်းမည်),Products_Images/YK-U82 PC-EP-BLK.Images.104029.jpg,🆕 အသစ်/မရောင်းရသေး
Accessories,RM,30W,No,CHS,"TC , WHT",RM-30W-CHS-TC -WHT,RM-30W-CHS-TC -WHT,"RM 30W - NO CHS (TC , WHT)",Charger set,REDMI,,,8000,20,17,8000,15000,14000,2,1 Month Warranty ,Sin3,Active (ရောင်းမည်),Products_Images/RM-30W-CHS-TC -WHT.Images.104254.jpg,🛒 အရောင်းပါး
Accessories,IP,GTA08,No,CHS,WHT,IP-GTA08-CHS-WHT,IP-GTA08-CHS-WHT,IP GTA08 - NO CHS (WHT),Charger set,YK,,,9000,20,15,9000,15000,14000,2,1 Month Warranty ,Sin3,Active (ရောင်းမည်),Products_Images/IP-GTA08-CHS-WHT.Images.104802.jpg,🆕 အသစ်/မရောင်းရသေး
Accessories,Stick,SELFIE,No,ST,BLK,Stick-SELFIE-ST-BLK,Stick-SELFIE-ST-BLK,STICK SELFIE - NO ST (BLK),USB FIX,OTHER,,,5000,6,,5000,7000,6000,2,1 Month Warranty ,Sin4,Active (ရောင်းမည်),Products_Images/Stick-SELFIE-ST-BLK.Images.013739.jpg,🆕 အသစ်/မရောင်းရသေး
Accessories,Sports,Wire,No,EP,BLK,Sports-Wire-EP-BLK,Sports-Wire-EP-BLK,SPORTS WIRE - NO EP (BLK),Earphones,OTHER,,,4000,12,,4000,7000,6000,2,1 Month Warranty ,Sin6,Active (ရောင်းမည်),Products_Images/Sports-Wire-EP-BLK.Images.014439.jpg,🆕 အသစ်/မရောင်းရသေး
Accessories,STEREO,FT101,No,EP,BLK,STEREO-FT101-EP-BLK,STEREO-FT101-EP-BLK,STEREO FT101 - NO EP (BLK),Earphones,YK,,,5000,25,15,5000,8000,7000,2,1 Month Warranty ,Sin6,Active (ရောင်းမည်),Products_Images/STEREO-FT101-EP-BLK.Images.014751.jpg,🆕 အသစ်/မရောင်းရသေး
Accessories,MEC,Marrow,No,EP,WHT,MEC-Marrow-EP-WHT,MEC-Marrow-EP-WHT,MEC MARROW - NO EP (WHT),Earphones,YK,,,5000,2,1,5000,8000,7000,2,1 Month Warranty ,Sin6,Active (ရောင်းမည်),Products_Images/MEC-Marrow-EP-WHT.Images.014933.jpg,🛒 အရောင်းပါး
Accessories,PINJIE,PL5,No,EP,"WHT , BLU",PINJIE-PL5-EP-WHT,PINJIE-PL5-EP-WHT,PINJIE PL5 - NO EP (WHT),Earphones,PINJIE,,,5000,16,10,5000,8000,7000,2,1 Month Warranty ,Sin6,Active (ရောင်းမည်),Products_Images/PINJIE-PL5-EP-WHT.Images.015242.jpg,✅ ပုံမှန်
Accessories,YK,R17,No,EP,"TC , WHT",YK-R17-EP-TC -WHT,YK-R17-EP-TC -WHT,"YK R17 - NO EP (TC , WHT)",Earphones,YK,,,7000,8,,7000,10000,9000,2,1 Month Warranty ,Sin6,Active (ရောင်းမည်),Products_Images/YK-R17-EP-TC -WHT.Images.015455.jpg,🆕 အသစ်/မရောင်းရသေး
Accessories,YK,T15,No,CHS,"BLK , WHT",YK-T15-CHS-BLK -WHT,YK-T15-CHS-BLK -WHT,"YK T15 - NO CHS (BLK , WHT)",Charger set,YK,,,9000,81,,9000,15000,14000,2,1 Month Warranty ,Sin6,Active (ရောင်းမည်),Products_Images/YK-T15-CHS-BLK -WHT.Images.015826.jpg,🆕 အသစ်/မရောင်းရသေး
Spare Part,RM,MAX1,No,BT,BLK,RM-MAX1-BT-BLK,RM-MAX1-BT-BLK,RM MAX1 - NO BT (BLK),Battery,Xiaomi,,,20000,1,,20000,28000,27000,2,1 Month Warranty ,SIN2,Active (ရောင်းမည်),Products_Images/RM-MAX1-BT-BLK.Images.021827.jpg,🆕 အသစ်/မရောင်းရသေး
Spare Part,RM,Bn43,No,BT,BLK,RM-Note4x-BT-BLK,RM-Bn43-BT-BLK,RM Bn43 - NO BT (BLK),Battery,Xiaomi,,,20000,4,3,20000,28000,27000,2,1 Month Warranty ,SIN2,Active (ရောင်းမည်),Products_Images/RM-Note4x-BT-BLK.Images.021940.jpg,🆕 အသစ်/မရောင်းရသေး
Spare Part,RM,BN47,No,BT,BLK,RM-BN47-BT-BLK,RM-BN47-BT-BLK,RM BN47 - NO BT (BLK),Battery,Xiaomi,,,20000,7,6,20000,28000,27000,2,1 Month Warranty ,Sin6,Active (ရောင်းမည်),Products_Images/RM-BN47-BT-BLK.Images.022105.jpg,🆕 အသစ်/မရောင်းရသေး
Spare Part,RM,BN4J,No,BT,BLK,RM-BN4J-BT-BLK,RM-BN4J-BT-BLK,RM BN4J - NO BT (BLK),Battery,Xiaomi,,,20000,23,,20000,28000,27000,2,1 Month Warranty ,SIN2,Active (ရောင်းမည်),Products_Images/RM-BN4J-BT-BLK.Images.022313.jpg,🆕 အသစ်/မရောင်းရသေး
Spare Part,RM,BN44,No,BT,BLK,RM-BN44-BT-BLK,RM-BN44-BT-BLK,RM BN44 - NO BT (BLK),Battery,Xiaomi,,,20000,3,2,20000,23000,22000,2,1 Month Warranty ,SIN2,Active (ရောင်းမည်),Products_Images/RM-BN44-BT-BLK.Images.022624.jpg,🛒 အရောင်းပါး
Spare Part,RM,BN34,No,BT,BLK,RM-BN34-BT-BLK,RM-BN34-BT-BLK,RM BN34 - NO BT (BLK),OCA+GLASS,Xiaomi,,,20000,1,,20000,28000,27000,2,1 Month Warranty ,SIN2,Active (ရောင်းမည်),Products_Images/RM-BN34-BT-BLK.Images.022737.jpg,🆕 အသစ်/မရောင်းရသေး
Spare Part,RM,RMI9,No,BT,BLK,RM-RMI9-BT-BLK,RM-RMI9-BT-BLK,RM RMI9 - NO BT (BLK),Battery,Xiaomi,,,20000,1,,20000,28000,27000,2,1 Month Warranty ,SIN2,Active (ရောင်းမည်),Products_Images/RM-RMI9-BT-BLK.Images.022845.jpg,🆕 အသစ်/မရောင်းရသေး
Spare Part,RM,BN30,No,BT,BLK,RM-BN30-BT-BLK,RM-BN30-BT-BLK,RM BN30 - NO BT (BLK),Battery,Xiaomi,,,20000,1,,20000,28000,27000,2,1 Month Warranty ,SIN2,Active (ရောင်းမည်),Products_Images/RM-BN30-BT-BLK.Images.023001.jpg,🆕 အသစ်/မရောင်းရသေး
Spare Part,RM,BN45,No,BT,BLK,RM-BN45-BT-BLK,RM-BN45-BT-BLK,RM BN45 - NO BT (BLK),Battery,Xiaomi,,,20000,4,,20000,28000,27000,2,1 Month Warranty ,SIN2,Active (ရောင်းမည်),Products_Images/RM-BN45-BT-BLK.Images.023106.jpg,🆕 အသစ်/မရောင်းရသေး
Spare Part,RM,BN36,No,BT,BLK,RM-BN36-BT-BLK,RM-BN36-BT-BLK,RM BN36 - NO BT (BLK),Battery,Xiaomi,,,20000,4,,20000,28000,27000,2,1 Month Warranty ,SIN2,Active (ရောင်းမည်),Products_Images/RM-BN36-BT-BLK.Images.023244.jpg,🆕 အသစ်/မရောင်းရသေး
Spare Part,RM,BN35,No,BT,BLK,RM-BN35-BT-BLK,RM-BN35-BT-BLK,RM BN35 - NO BT (BLK),Battery,Xiaomi,,,20000,7,,20000,28000,27000,2,1 Month Warranty ,SIN2,Active (ရောင်းမည်),Products_Images/RM-BN35-BT-BLK.Images.023520.jpg,🆕 အသစ်/မရောင်းရသေး
Spare Part,HW,Y9prime19,No,BT,BLK,HW-Y9prime19-BT-BLK,HW-Y9prime19-BT-BLK,HW Y9PRIME19 - NO BT (BLK),Battery,HUAWEI,,,20000,6,,20000,28000,27000,2,1 Month Warranty ,SIN2,Active (ရောင်းမည်),Products_Images/HW-Y9prime19-BT-BLK.Images.023734.jpg,🆕 အသစ်/မရောင်းရသေး
Spare Part,HW,NOVA2i,No,BT,BLK,HW-NOVA2i-BT-BLK,HW-NOVA2i-BT-BLK,HW NOVA2I - NO BT (BLK),Battery,HUAWEI,,,20000,3,,20000,28000,27000,2,1 Month Warranty ,SIN2,Active (ရောင်းမည်),Products_Images/HW-NOVA2i-BT-BLK.Images.023834.jpg,🆕 အသစ်/မရောင်းရသေး
Spare Part,VV,Y11,Nk,BT,WHT,VV-Y11-BT-WHT,VV-Y11-BT-WHT,VV Y11 - NK BT (WHT),Battery,Vivo,,,20000,2,,20000,25000,24000,2,1 Month Warranty ,SIN2,Active (ရောင်းမည်),Products_Images/VV-Y11-BT-WHT.Images.023942.jpg,🆕 အသစ်/မရောင်းရသေး
Spare Part,VV,Y15,No,BT,WHT,VV-Y15-BT-WHT,VV-Y15-BT-WHT,VV Y15 - NO BT (WHT),Battery,Vivo,,,20000,1,,20000,25000,24000,2,1 Month Warranty ,SIN2,Active (ရောင်းမည်),Products_Images/VV-Y15-BT-WHT.Images.024057.jpg,🆕 အသစ်/မရောင်းရသေး
Spare Part,VV,BE1,No,BT,WHT,VV-BE1-BT-WHT,VV-BE1-BT-WHT,VV BE1 - NO BT (WHT),Battery,Vivo,,,20000,2,,20000,25000,24000,2,1 Month Warranty ,SIN2,Active (ရောင်းမည်),Products_Images/VV-BE1-BT-WHT.Images.024224.jpg,🆕 အသစ်/မရောင်းရသေး
Spare Part,OP,F5,No,BT,WHT,OP-F5-BT-WHT,OP-F5-BT-WHT,OP F5 - NO BT (WHT),Battery,OPPO,,,20000,6,,20000,25000,24000,2,1 Month Warranty ,SIN2,Active (ရောင်းမည်),Products_Images/OP-F5-BT-WHT.Images.024350.jpg,🆕 အသစ်/မရောင်းရသေး
Spare Part,OP,BLP605,No,BT,WHT,OP-BLP605-BT-WHT,OP-BLP605-BT-WHT,OP BLP605 - NO BT (WHT),Battery,OPPO,,,20000,6,,20000,25000,24000,2,1 Month Warranty ,SIN2,Active (ရောင်းမည်),Products_Images/OP-BLP605-BT-WHT.Images.024535.jpg,🆕 အသစ်/မရောင်းရသေး
Spare Part,OP,BLP615,No,BT,WHT,OP-BLP615-BT-WHT,OP-BLP615-BT-WHT,OP BLP615 - NO BT (WHT),Battery,OPPO,,,20000,5,,20000,25000,24000,2,1 Month Warranty ,SIN2,Active (ရောင်းမည်),Products_Images/OP-BLP615-BT-WHT.Images.024640.jpg,🆕 အသစ်/မရောင်းရသေး
Spare Part,RM,BM41,No,BT,ONG,RM-BM41-BT-ONG,RM-BM41-BT-ONG,RM BM41 - NO BT (ONG),Battery,Xiaomi,,,8000,1,,8000,15000,14000,2,1 Month Warranty ,SIN2,Active (ရောင်းမည်),Products_Images/RM-BM41-BT-ONG.Images.024752.jpg,🆕 အသစ်/မရောင်းရသေး
Spare Part,RM,BM42,No,BT,ONG,RM-BM42-BT-ONG,RM-BM42-BT-ONG,RM BM42 - NO BT (ONG),Battery,Xiaomi,,,10000,3,,10000,18000,17000,2,1 Month Warranty ,SIN2,Active (ရောင်းမည်),Products_Images/RM-BM42-BT-ONG.Images.024910.jpg,🆕 အသစ်/မရောင်းရသေး
Spare Part,OP,BLP673,No,BT,WHT,OP-BLP673-BT-WHT,OP-BLP673-BT-WHT,OP BLP673 - NO BT (WHT),Battery,OPPO,,,20000,,3,20500,25000,24000,2,1 Month Warranty ,SIN2,Active (ရောင်းမည်),Products_Images/OP-BLP673-BT-WHT.Images.030404.jpg,🆕 အသစ်/မရောင်းရသေး
Spare Part,HW,G730,No,BT,BLK,HW-G730-BT-BLK,HW-G730-BT-BLK,HW G730 - NO BT (BLK),Battery,HUAWEI,,,8000,2,,8000,15000,14000,2,1 Month Warranty ,SIN2,Active (ရောင်းမည်),Products_Images/HW-G730-BT-BLK.Images.030609.jpg,🆕 အသစ်/မရောင်းရသေး
Spare Part,SS,J510,No,BT,BLK,SS-J510-BT-BLK,SS-J510-BT-BLK,SS J510 - NO BT (BLK),Battery,SAMSUNG,,,8000,1,-2,8000,15000,14000,2,1 Month Warranty ,SIN2,Active (ရောင်းမည်),Products_Images/SS-J510-BT-BLK.Images.030719.jpg,🆕 အသစ်/မရောင်းရသေး
Spare Part,SS,J2,No,BT,BLK,SS-J2-BT-BLK,SS-J2-BT-BLK,SS J2 - NO BT (BLK),Battery,SAMSUNG,,,8000,1,0,8000,15000,14000,2,1 Month Warranty ,SIN2,Active (ရောင်းမည်),Products_Images/SS-J2-BT-BLK.Images.030816.jpg,🛒 အရောင်းပါး
Spare Part,SS,BG530,No,BT,BLK,SS-BG530-BT-BLK,SS-BG530-BT-BLK,SS BG530 - NO BT (BLK),Battery,SAMSUNG,,,8000,1,,8000,15000,14000,2,1 Month Warranty ,SIN2,Active (ရောင်းမည်),Products_Images/SS-BG530-BT-BLK.Images.030929.jpg,🆕 အသစ်/မရောင်းရသေး
Spare Part,NK,4U,No,BT,BLK,NK-4U-BT-BLK,NK-4U-BT-BLK,NK 4U - NO BT (BLK),Battery,NOKIA,,,5000,1,,5000,8000,7000,2,1 Month Warranty ,SIN2,Active (ရောင်းမည်),Products_Images/NK-4U-BT-BLK.Images.031103.jpg,🆕 အသစ်/မရောင်းရသေး
Spare Part,IP,7G,No,BT,BLK,IP-7G-BT-BLK,IP-7G-BT-BLK,IP 7G - NO BT (BLK),Battery,IPHONE,,,12000,6,,12000,25000,24000,2,1 Month Warranty ,SIN2,Active (ရောင်းမည်),Products_Images/IP-7G-BT-BLK.Images.031239.jpg,🆕 အသစ်/မရောင်းရသေး
Spare Part,IP,6S,No,BT,BLK,IP-6S-BT-BLK,IP-6S-BT-BLK,IP 6S - NO BT (BLK),Battery,IPHONE,,,10000,1,,10000,25000,24000,2,1 Month Warranty ,SIN2,Active (ရောင်းမည်),Products_Images/IP-6S-BT-BLK.Images.031341.jpg,🆕 အသစ်/မရောင်းရသေး
Spare Part,IP,6G,No,BT,BLK,IP-6G-BT-BLK,IP-6G-BT-BLK,IP 6G - NO BT (BLK),Battery,IPHONE,,,10000,1,,10000,25000,24000,2,1 Month Warranty ,SIN2,Active (ရောင်းမည်),Products_Images/IP-6G-BT-BLK.Images.031455.jpg,🆕 အသစ်/မရောင်းရသေး
Spare Part,IP,XSMAX,No,BT,BLK,IP-XSMAX-BT-BLK,IP-XSMAX-BT-BLK,IP XSMAX - NO BT (BLK),Battery,IPHONE,,,15000,13,,15000,25000,24000,2,1 Month Warranty ,SIN2,Active (ရောင်းမည်),Products_Images/IP-XSMAX-BT-BLK.Images.031730.jpg,🆕 အသစ်/မရောင်းရသေး
Spare Part,IP,8P,No,BT,BLK,IP-8P-BT-BLK,IP-8P-BT-BLK,IP 8P - NO BT (BLK),Battery,IPHONE,,,15000,13,,15000,28000,27000,2,1 Month Warranty ,SIN2,Active (ရောင်းမည်),Products_Images/IP-8P-BT-BLK.Images.031928.jpg,🆕 အသစ်/မရောင်းရသေး
Spare Part,IP,8,No,BT,BLK,IP-8-BT-BLK,IP-8-BT-BLK,IP 8 - NO BT (BLK),Battery,IPHONE,,,15000,6,,15000,25000,24000,2,1 Month Warranty ,SIN2,Active (ရောင်းမည်),Products_Images/IP-8-BT-BLK.Images.032048.jpg,🆕 အသစ်/မရောင်းရသေး
Spare Part,IP,8G,No,BT,BLK,IP-8G-BT-BLK,IP-8G-BT-BLK,IP 8G - NO BT (BLK),Battery,IPHONE,,,15000,14,,15000,25000,24000,2,1 Month Warranty ,SIN2,Active (ရောင်းမည်),Products_Images/IP-8G-BT-BLK.Images.032320.jpg,🆕 အသစ်/မရောင်းရသေး
Spare Part,IP,XR,No,BT,BLK,IP-XR-BT-BLK,IP-XR-BT-BLK,IP XR - NO BT (BLK),Battery,IPHONE,,,15000,5,,15000,25000,24000,2,1 Month Warranty ,SIN2,Active (ရောင်းမည်),Products_Images/IP-XR-BT-BLK.Images.032453.jpg,🆕 အသစ်/မရောင်းရသေး
,,,,,,,,,,,,,,,,,,,,,,,,
,,,,,,,,,,,,,,,,,,,,,,,,
,,,,,,,,,,,,,,,,,,,,,,,,
,,,,,,,,,,,,,,,,,,,,,,,,
,,,,,,,,,,,,,,,,,,,,,,,,
,,,,,,,,,,,,,,,,,,,,,,,,
,,,,,,,,,,,,,,,,,,,,,,,,
,,,,,,,,,,,,,,,,,,,,,,,,
,,,,,,,,,,,,,,,,,,,,,,,,
,,,,,,,,,,,,,,,,,,,,,,,,
,,,,,,,,,,,,,,,,,,,,,,,,
,,,,,,,,,,,,,,,,,,,,,,,,
,,,,,,,,,,,,,,,,,,,,,,,,
,,,,,,,,,,,,,,,,,,,,,,,,
,,,,,,,,,,,,,,,,,,,,,,,,
,,,,,,,,,,,,,,,,,,,,,,,,
,,,,,,,,,,,,,,,,,,,,,,,,
,,,,,,,,,,,,,,,,,,,,,,,,
Electronic,YK,J5,No,SPK,MA,YK-J5-SPK-MA,YK-J5-SPK-MA,YK J5 - NO SPK (MA),Bluetooth,YK,,,15000,17,9,15000,25000,24000,2,1 Month Warranty ,Sin6,Active (ရောင်းမည်),Products_Images/YK-J5-SPK-MA.Images.043253.jpg,🆕 အသစ်/မရောင်းရသေး
Accessories,YK,Othet,No,EP,BLK,YK-Othet-EP-BLK,YK-Othet-EP-BLK,YK OTHET - NO EP (BLK),Earphones,YK,,,1500,47,16,1500,4000,3500,2,1 Month Warranty ,Sin3,Active (ရောင်းမည်),Products_Images/YK-Othet-EP-BLK.Images.044117.jpg,🛒 အရောင်းပါး
CCTV,JEQANG,JW-D223,No,Mouse,ORG,JEQANG-JW-D223-Mouse-ORG,JEQANG-JW-D223-Mouse-ORG,JEQANG JW-D223 - NO MOUSE (ORG),Mouse,Jeqane,,,15000,4,6,15000,25000,24000,2,1 Month Warranty ,Sin6,Active (ရောင်းမည်),Products_Images/JEQANG-JW-D223-Mouse-ORG.Images.045122.jpg,🛒 အရောင်းပါး
CCTV,JEQANG,JW581,No,Mouse,ORG,JEQANG-JW581-Mouse-ORG,JEQANG-JW581-Mouse-ORG,JEQANG JW581 - NO MOUSE (ORG),Mouse,Jeqane,,,35090,1,0,35090,50000,45000,2,1 Month Warranty ,Sin6,Active (ရောင်းမည်),,🆕 အသစ်/မရောင်းရသေး
CCTV,JEQANG,JM620,No,Mouse,ORG,JEQANG-JM620-Mouse-ORG,JEQANG-JM620-Mouse-ORG,JEQANG JM620 - NO MOUSE (ORG),Mouse,Jeqane,,,24900,1,0,24900,45000,40000,2,1 Month Warranty ,Sin6,Active (ရောင်းမည်),,🆕 အသစ်/မရောင်းရသေး
Accessories,TN,SP30C,No,CV,,TN-SP30C-CV,TN-SP30C-CV,TN SP30C - NO CV,COVER,TECNO,,,3000,2,,3000,6000,5500,2,1 Month Warranty ,Sin4,Active (ရောင်းမည်),Products_Images/TN-SP30C-CV.Images.060845.jpg,🆕 အသစ်/မရောင်းရသေး
Accessories,TN,POVA2G,No,CV,,TN-POVA2G-CV,TN-POVA2G-CV,TN POVA2G - NO CV,COVER,TECNO,,,3000,25,,3000,6000,5500,2,1 Month Warranty ,Sin4,Active (ရောင်းမည်),Products_Images/TN-POVA2G-CV.Images.061029.jpg,🆕 အသစ်/မရောင်းရသေး
Accessories,TN,SPGO24,No,CV,,TN-SPGO24-CV,TN-SPGO24-CV,TN SPGO24 - NO CV,COVER,TECNO,,,3000,2,,3000,6000,5500,2,1 Month Warranty ,Sin4,Active (ရောင်းမည်),Products_Images/TN-SPGO24-CV.Images.061144.jpg,🆕 အသစ်/မရောင်းရသေး
Accessories,IF,HOT40,No,CV,,IF-HOT40-CV,IF-HOT40-CV,IF HOT40 - NO CV,COVER,INFINIX,,,3000,3,,3000,6000,5500,2,1 Month Warranty ,Sin4,Active (ရောင်းမည်),Products_Images/IF-HOT40-CV.Images.061317.jpg,🆕 အသစ်/မရောင်းရသေး
Accessories,IF,NOTE40,No,CV,,IF-NOTE40-CV,IF-NOTE40-CV,IF NOTE40 - NO CV,COVER,INFINIX,,,3000,2,,3000,6000,5500,2,1 Month Warranty ,Sin4,Active (ရောင်းမည်),Products_Images/IF-NOTE40-CV.Images.061458.jpg,🆕 အသစ်/မရောင်းရသေး
Accessories,TN,CAMON19,No,CV,,TN-CAMON19-CV,TN-CAMON19-CV,TN CAMON19 - NO CV,COVER,TECNO,,,3000,2,,3000,6000,5500,2,1 Month Warranty ,Sin4,Active (ရောင်းမည်),Products_Images/TN-CAMON19-CV.Images.061719.jpg,🆕 အသစ်/မရောင်းရသေး
Accessories,TN,POVA6pro,No,CV,,TN-POVA6pro-CV,TN-POVA6pro-CV,TN POVA6PRO - NO CV,COVER,TECNO,,,3000,2,,3000,6000,5500,2,1 Month Warranty ,Sin4,Active (ရောင်းမည်),Products_Images/TN-POVA6pro-CV.Images.062108.jpg,🆕 အသစ်/မရောင်းရသေး
Accessories,RM,NOTE14 5G,No,CV,,RM-NOTE14 5G-CV,RM-NOTE14 5G-CV,RM NOTE14 5G - NO CV,COVER,Xiaomi,,,3000,2,,3000,6000,5500,2,1 Month Warranty ,Sin4,Active (ရောင်းမည်),Products_Images/RM-NOTE14 5G-CV.Images.062255.jpg,🆕 အသစ်/မရောင်းရသေး
Accessories,RM,NOTE13pro4G,No,CV,,RM-NOTE13pro4G-CV,RM-NOTE13pro4G-CV,RM NOTE13PRO4G - NO CV,COVER,Xiaomi,,,3000,4,,3000,6000,5500,2,1 Month Warranty ,Sin4,Active (ရောင်းမည်),Products_Images/RM-NOTE13pro4G-CV.Images.062410.jpg,🆕 အသစ်/မရောင်းရသေး
Accessories,RM,NOTE14pro,No,CV,,RM-NOTE14pro-CV,RM-NOTE14pro-CV,RM NOTE14PRO - NO CV,COVER,Xiaomi,,,3000,5,,3000,6000,5500,2,1 Month Warranty ,Sin4,Active (ရောင်းမည်),Products_Images/RM-NOTE14pro-CV.Images.062541.jpg,🆕 အသစ်/မရောင်းရသေး
Accessories,RM,K40,No,CV,,RM-K40-CV,RM-K40-CV,RM K40 - NO CV,COVER,Xiaomi,,,3000,77,,3000,6000,5500,2,1 Month Warranty ,Sin4,Active (ရောင်းမည်),Products_Images/RM-K40-CV.Images.062730.jpg,🆕 အသစ်/မရောင်းရသေး
Accessories,RM,NOTE14pro+,No,CV,,RM-NOTE14pro+-CV,RM-NOTE14pro+-CV,RM NOTE14PRO+ - NO CV,COVER,Xiaomi,,,3000,4,,3000,6000,5500,2,1 Month Warranty ,Sin4,Active (ရောင်းမည်),Products_Images/RM-NOTE14pro+-CV.Images.062907.jpg,🆕 အသစ်/မရောင်းရသေး
Accessories,OP,A54,No,CV,,OP-A54-CV,OP-A54-CV,OP A54 - NO CV,COVER,OPPO,,,3000,2,,3000,6000,5500,2,1 Month Warranty ,Sin4,Active (ရောင်းမည်),Products_Images/OP-A54-CV.Images.063031.jpg,🆕 အသစ်/မရောင်းရသေး
Accessories,RM,12C5G,No,CV,,RM-12C5G-CV,RM-12C5G-CV,RM 12C5G - NO CV,COVER,Xiaomi,,,7000,2,,3000,9000,8500,2,1 Month Warranty ,Sin4,Active (ရောင်းမည်),Products_Images/RM-12C5G-CV.Images.063135.jpg,🆕 အသစ်/မရောင်းရသေး
Accessories,RM,4A,No,CV,,RM-4A-CV,RM-4A-CV,RM 4A - NO CV,COVER,Xiaomi,,,2500,2,1,2500,5000,4500,2,1 Month Warranty ,Sin4,Active (ရောင်းမည်),Products_Images/RM-4A-CV.Images.063354.jpg,🛒 အရောင်းပါး
Accessories,RM,12pro,No,CV,,RM-12pro-CV,RM-12pro-CV,RM 12PRO - NO CV,COVER,Xiaomi,,,3000,1,,3000,6000,5500,2,1 Month Warranty ,Sin4,Active (ရောင်းမည်),Products_Images/RM-12pro-CV.Images.063506.jpg,🆕 အသစ်/မရောင်းရသေး
Accessories,RM,6,No,CV,,RM-6-CV,RM-6-CV,RM 6 - NO CV,COVER,Xiaomi,,,2500,2,0,2500,5000,4500,2,1 Month Warranty ,Sin4,Active (ရောင်းမည်),Products_Images/RM-6-CV.Images.063634.jpg,🛒 အရောင်းပါး
Accessories,RM,NOTE8pro,No,CV,,RM-NOTE8pro-CV,RM-NOTE8pro-CV,RM NOTE8PRO - NO CV,COVER,Xiaomi,,,2500,89,,2500,5000,4500,2,1 Month Warranty ,Sin4,Active (ရောင်းမည်),Products_Images/RM-NOTE8pro-CV.Images.063824.jpg,🆕 အသစ်/မရောင်းရသေး
Accessories,RM,NOTE13pro5G,NO,CV,,RM-NOTE13pro5G-CV,RM-NOTE13pro5G-CV,RM NOTE13PRO5G - NO CV,COVER,Xiaomi,,,3000,4,,3000,6000,5500,2,1 Month Warranty ,Sin4,Active (ရောင်းမည်),Products_Images/RM-NOTE13pro5G-CV.Images.063943.jpg,🆕 အသစ်/မရောင်းရသေး
Accessories,RM,CIVI2,No,CV,,RM-CIVI2-CV,RM-CIVI2-CV,RM CIVI2 - NO CV,COVER,Xiaomi,,,3000,5,,3000,6000,5500,2,1 Month Warranty ,Sin4,Active (ရောင်းမည်),Products_Images/RM-CIVI2-CV.Images.064050.jpg,🆕 အသစ်/မရောင်းရသေး
Accessories,RM,A2,No,CV,,RM-A2-CV,RM-A2-CV,RM A2 - NO CV,COVER,Xiaomi,,,3000,2,,3000,6000,5500,2,1 Month Warranty ,Sin4,Active (ရောင်းမည်),Products_Images/RM-A2-CV.Images.064149.jpg,🆕 အသစ်/မရောင်းရသေး
Accessories,RM,NOTE10 5G,No,CV,,RM-NOTE10 5G-CV,RM-NOTE10 5G-CV,RM NOTE10 5G - NO CV,COVER,Xiaomi,,,2500,88,,2500,5000,4500,2,1 Month Warranty ,Sin4,Active (ရောင်းမည်),Products_Images/RM-NOTE10 5G-CV.Images.064421.jpg,🆕 အသစ်/မရောင်းရသေး
Accessories,RM,9,No,CV,,RM-9-CV,RM-9-CV,RM 9 - NO CV,COVER,Xiaomi,,,2500,114,,2500,5000,4500,2,1 Month Warranty ,Sin4,Active (ရောင်းမည်),Products_Images/RM-9-CV.Images.064513.jpg,🆕 အသစ်/မရောင်းရသေး
Accessories,HDP RM,NT10(5G),No,SG,BLK,HDP RM-NT10(5G)-SG-BLK,HDP RM-NT10(5G)-SG-BLK,HDP RM NT10(5G) - NO SG (BLK),Screen Guard,HD PLUS,,,850,3,,850,5000,4500,2,1 Month Warranty ,B-1,Active (ရောင်းမည်),,🆕 အသစ်/မရောင်းရသေး
Accessories,RM,11lite,No,CV,,RM-11lite-CV,RM-11lite-CV,RM 11LITE - NO CV,COVER,Xiaomi,,,2500,79,,2500,5000,4500,2,1 Month Warranty ,Sin4,Active (ရောင်းမည်),Products_Images/RM-11lite-CV.Images.064719.jpg,🆕 အသစ်/မရောင်းရသေး
Accessories,HDP RM,10X(5G),No,SG,BLK,HDP RM-10X(5G)-SG-BLK,HDP RM-10X(5G)-SG-BLK,HDP RM 10X(5G) - NO SG (BLK),Screen Guard,HD PLUS,,,850,3,,850,5000,4500,2,1 Month Warranty ,B-1,Active (ရောင်းမည်),,🆕 အသစ်/မရောင်းရသေး
Accessories,HDP RM,10X(4G),No,SG,BLK,HDP RM-10X(4G)-SG-BLK,HDP RM-10X(4G)-SG-BLK,HDP RM 10X(4G) - NO SG (BLK),Screen Guard,HD PLUS,,,850,3,,850,5000,4500,2,1 Month Warranty ,B-1,Active (ရောင်းမည်),,🆕 အသစ်/မရောင်းရသေး
Accessories,HDP RM,NT11(4G),No,SG,BLK,HDP RM-NT12(4G)-SG-BLK,HDP RM-NT11(4G)-SG-BLK,HDP RM NT11(4G) - NO SG (BLK),Screen Guard,HD PLUS,,,850,3,,850,5000,4500,2,1 Month Warranty ,B-1,Active (ရောင်းမည်),,🆕 အသစ်/မရောင်းရသေး
Accessories,HDP RM,NT11(5G),No,SG,BLK,HDP RM-NT11(5G)-SG-BLK,HDP RM-NT11(5G)-SG-BLK,HDP RM NT11(5G) - NO SG (BLK),Screen Guard,HD PLUS,,,850,3,2,850,5000,4500,2,1 Month Warranty ,B-1,Active (ရောင်းမည်),,🛒 အရောင်းပါး
Accessories,HDP RM,5A,No,SG,BLK,HDP RM-5A-SG-BLK,HDP RM-5A-SG-BLK,HDP RM 5A - NO SG (BLK),Screen Guard,HD PLUS,,,850,3,,850,5000,4500,2,1 Month Warranty ,B-1,Active (ရောင်းမည်),,🆕 အသစ်/မရောင်းရသေး
Accessories,HDP RM,10C,No,SG,BLK,HDP RM-10C-SG-BLK,HDP RM-10C-SG-BLK,HDP RM 10C - NO SG (BLK),Screen Guard,HD PLUS,,,850,3,,850,5000,4500,2,1 Month Warranty ,B-1,Active (ရောင်းမည်),,🆕 အသစ်/မရောင်းရသေး
Accessories,HDP RM,NT11TPRO,No,SG,BLK,HDP RM-NT11TPRO-SG-BLK,HDP RM-NT11TPRO-SG-BLK,HDP RM NT11TPRO - NO SG (BLK),Screen Guard,HD PLUS,,,850,3,,850,5000,4500,2,1 Month Warranty ,B-1,Active (ရောင်းမည်),,🆕 အသစ်/မရောင်းရသေး
Accessories,HDP RM,NT14(5G),No,SG,BLK,HDP RM-NT14(5G)-SG-BLK,HDP RM-NT14(5G)-SG-BLK,HDP RM NT14(5G) - NO SG (BLK),Screen Guard,HD PLUS,,,850,2,,850,5000,4500,2,1 Month Warranty ,B-1,Active (ရောင်းမည်),,🆕 အသစ်/မရောင်းရသေး
Accessories,HDP RM,9SE,No,SG,BLK,HDP RM-9SE-SG-BLK,HDP RM-9SE-SG-BLK,HDP RM 9SE - NO SG (BLK),Screen Guard,HD PLUS,,,850,3,,850,5000,4500,2,1 Month Warranty ,B-1,Active (ရောင်းမည်),,🆕 အသစ်/မရောင်းရသေး
Accessories,OP,F29,No,CV,,OP-F29-CV,OP-F29-CV,OP F29 - NO CV,COVER,OPPO,,,2500,5,,2500,5000,4500,2,1 Month Warranty ,Sin4,Active (ရောင်းမည်),Products_Images/OP-F29-CV.Images.070904.jpg,🆕 အသစ်/မရောင်းရသေး
Accessories,RM,CIVI3,No,CV,,RM-CIVI3-CV,RM-CIVI3-CV,RM CIVI3 - NO CV,COVER,Xiaomi,,,3000,2,,3000,6000,5500,2,1 Month Warranty ,Sin4,Active (ရောင်းမည်),Products_Images/RM-CIVI3-CV.Images.071009.jpg,🆕 အသစ်/မရောင်းရသေး
Accessories,HDP RM,8LITE,No,SG,BLK,HDP RM-8LITE-SG-BLK,HDP RM-8LITE-SG-BLK,HDP RM 8LITE - NO SG (BLK),Screen Guard,HD PLUS,,,850,3,,850,5000,4500,2,1 Month Warranty ,B-1,Active (ရောင်းမည်),,🆕 အသစ်/မရောင်းရသေး
Accessories,RM,NOTE9 5G,No,CV,,RM-NOTE9 5G-CV,RM-NOTE9 5G-CV,RM NOTE9 5G - NO CV,COVER,Xiaomi,,,2500,4,,2500,5000,4500,2,1 Month Warranty ,Sin4,Active (ရောင်းမည်),Products_Images/RM-NOTE9 5G-CV.Images.071137.jpg,🆕 အသစ်/မရောင်းရသေး
Accessories,SS,A03S,No,CV,,SS-A03S-CV,SS-A03S-CV,SS A03S - NO CV,COVER,SAMSUNG,,,2500,6,,2500,5000,4500,2,1 Month Warranty ,Sin4,Active (ရောင်းမည်),Products_Images/SS-A03S-CV.Images.071315.jpg,🆕 အသစ်/မရောင်းရသေး
Accessories,HDP RM,NT9,No,SG,BLK,HDP RM-NT9-SG-BLK,HDP RM-NT9-SG-BLK,HDP RM NT9 - NO SG (BLK),Screen Guard,HD PLUS,,,850,2,1,850,5000,4500,2,1 Month Warranty ,B-1,Active (ရောင်းမည်),,🛒 အရောင်းပါး
Accessories,RM,NOTE12turbo,No,CV,,RM-NOTE12turbo-CV,RM-NOTE12turbo-CV,RM NOTE12TURBO - NO CV,COVER,Xiaomi,,,3000,3,,3000,6000,5500,2,1 Month Warranty ,Sin4,Active (ရောင်းမည်),Products_Images/RM-NOTE12turbo-CV.Images.071432.jpg,🆕 အသစ်/မရောင်းရသေး
Accessories,HDP RM,7A,No,SG,BLK,HDP RM-7A-SG-BLK,HDP RM-7A-SG-BLK,HDP RM 7A - NO SG (BLK),Screen Guard,HD PLUS,,,850,3,,850,5000,4500,2,1 Month Warranty ,B-1,Active (ရောင်းမည်),,🆕 အသစ်/မရောင်းရသေး
Accessories,HDP RM,A1,No,SG,BLK,HDP RM-A1-SG-BLK,HDP RM-A1-SG-BLK,HDP RM A1 - NO SG (BLK),Screen Guard,HD PLUS,,,850,2,,850,5000,4500,2,1 Month Warranty ,B-1,Active (ရောင်းမည်),,🆕 အသစ်/မရောင်းရသေး
Accessories,HDP RM,10,No,SG,BLK,HDP RM-10-SG-BLK,HDP RM-10-SG-BLK,HDP RM 10 - NO SG (BLK),Screen Guard,HD PLUS,,,850,3,,850,5000,4500,2,1 Month Warranty ,B-1,Active (ရောင်းမည်),,🆕 အသစ်/မရောင်းရသေး
Accessories,TMP RM,13R,No,SG,WHT,TMP RM-13R-SG-WHT,TMP RM-13R-SG-WHT,TMP RM 13R - NO SG (WHT),Screen Guard,TEMPERED GLASS,,,1600,3,,1600,5000,4500,2,1 Month Warranty ,B-1,Active (ရောင်းမည်),,🆕 အသစ်/မရောင်းရသေး
Spare Part,RM,BN51,Nobls,BT,BLK,RM-BN51-BT-BLK,RM-BN51-BT-BLK,RM BN51 - NOBLS BT (BLK),Battery,Xiaomi,,,15000,1,1,0,18000,17000,2,1 Month Warranty ,B-1,Active (ရောင်းမည်),,🆕 အသစ်/မရောင်းရသေး
Spare Part,SS,BL105,No,BT,,SS-BL105-BT,SS-BL105-BT,SS BL105 - NO BT,Battery,SAMSUNG,,,8000,1,,0,11000,10000,2,1 Month Warranty ,B-1,Active (ရောင်းမည်),,🆕 အသစ်/မရောင်းရသေး
Spare Part,HW,8816,No,BT,ORG,HW-8816-BT-ORG,HW-8816-BT-ORG,HW 8816 - NO BT (ORG),Battery,HUAWEI,,,0,1,,0,0,0,2,1 Month Warranty ,B-1,Active (ရောင်းမည်),,🆕 အသစ်/မရောင်းရသေး
Spare Part,SS,EB494,No,BT,ORG,SS-EB494-BT-ORG,SS-EB494-BT-ORG,SS EB494 - NO BT (ORG),Battery,SAMSUNG,,,8000,3,,0,12000,11000,2,1 Month Warranty ,B-1,Active (ရောင်းမည်),,🆕 အသစ်/မရောင်းရသေး
Spare Part,SS,B42536,No,BT,ORG,SS-B42536-BT-ORG,SS-B42536-BT-ORG,SS B42536 - NO BT (ORG),Battery,SAMSUNG,,,8000,3,,0,12000,11000,2,1 Month Warranty ,B-1,Active (ရောင်းမည်),,🆕 အသစ်/မရောင်းရသေး
Spare Part,RM,BL4J,No,BT,ORG,RM-BL4J-BT-ORG,RM-BL4J-BT-ORG,RM BL4J - NO BT (ORG),Battery,Xiaomi,,,1500,2,,0,18000,17000,2,1 Month Warranty ,B-1,Active (ရောင်းမည်),,🆕 အသစ်/မရောင်းရသေး
Accessories,OP,A50,No,CV,,OP-A50-CV,OP-A50-CV,OP A50 - NO CV,COVER,OPPO,,,3000,3,,3000,6000,5000,2,1 Month Warranty ,Sin4,Active (ရောင်းမည်),Products_Images/OP-A50-CV.Images.073555.jpg,🆕 အသစ်/မရောင်းရသေး
Accessories,RM,NOTE9/4G,No,CV,,RM-NOTE9/4G-CV,RM-NOTE9/4G-CV,RM NOTE9/4G - NO CV,COVER,Xiaomi,,,3000,2,,3000,6000,5000,2,1 Month Warranty ,Sin4,Active (ရောင်းမည်),Products_Images/RM-NOTE9-4G-CV.Images.073745.jpg,🆕 အသစ်/မရောင်းရသေး
Accessories,VV,Y16,No,CV,,VV-Y16-CV,VV-Y16-CV,VV Y16 - NO CV,COVER,Vivo,,,3000,2,,3000,6000,5000,2,1 Month Warranty ,Sin4,Active (ရောင်းမည်),Products_Images/VV-Y16-CV.Images.073906.jpg,🆕 အသစ်/မရောင်းရသေး
Accessories,VV,Y36,No,CV,,VV-Y36-CV,VV-Y36-CV,VV Y36 - NO CV,COVER,Vivo,,,3000,2,,3000,6000,5000,2,1 Month Warranty ,Sin4,Active (ရောင်းမည်),Products_Images/VV-Y36-CV.Images.074025.jpg,🆕 အသစ်/မရောင်းရသေး
Accessories,OP,F19,No,CV,,OP-F11-CV,OP-F19-CV,OP F19 - NO CV,COVER,OPPO,,,3000,7,6,3000,6000,5000,2,1 Month Warranty ,Sin4,Active (ရောင်းမည်),Products_Images/OP-F11-CV.Images.074157.jpg,🛒 အရောင်းပါး
Accessories,OP,C12,No,CV,,OP-C12-CV,OP-C12-CV,OP C12 - NO CV,COVER,OPPO,,,3000,4,,3000,6000,5000,2,1 Month Warranty ,Sin4,Active (ရောင်းမည်),Products_Images/OP-C12-CV.Images.074341.jpg,🆕 အသစ်/မရောင်းရသေး
Accessories,SS,A02,No,CV,,SS-A02-CV,SS-A02-CV,SS A02 - NO CV,COVER,SAMSUNG,,,3000,16,,3000,6000,5000,2,1 Month Warranty ,Sin4,Active (ရောင်းမည်),Products_Images/SS-A02-CV.Images.074459.jpg,🆕 အသစ်/မရောင်းရသေး
Accessories,VV,Y22,No,CV,,VV-Y22-CV,VV-Y22-CV,VV Y22 - NO CV,COVER,Vivo,,,3000,2,1,3000,6000,5000,2,1 Month Warranty ,Sin4,Active (ရောင်းမည်),Products_Images/VV-Y22-CV.Images.074611.jpg,🛒 အရောင်းပါး
Accessories,RM,11T,No,CV,,RM-11T-CV,RM-11T-CV,RM 11T - NO CV,COVER,Xiaomi,,,3000,2,,3000,6000,5000,2,1 Month Warranty ,Sin4,Active (ရောင်းမည်),Products_Images/RM-11T-CV.Images.074732.jpg,🆕 အသစ်/မရောင်းရသေး
Accessories,RM,A1,No,CV,,RM-A1-CV,RM-A1-CV,RM A1 - NO CV,COVER,Xiaomi,,,3000,2,,3000,6000,5000,2,1 Month Warranty ,Sin4,Active (ရောင်းမည်),Products_Images/RM-A1-CV.Images.075019.jpg,🆕 အသစ်/မရောင်းရသေး
Accessories,RM,NOTE12PRO,No,CV,,RM-NOTE12PRO-CV,RM-NOTE12PRO-CV,RM NOTE12PRO - NO CV,COVER,Xiaomi,,,3000,2,,3000,6000,5000,2,1 Month Warranty ,Sin4,Active (ရောင်းမည်),Products_Images/RM-NOTE12PRO-CV.Images.080112.jpg,🆕 အသစ်/မရောင်းရသေး
Accessories,OP,F5,No,CV,,OP-F5-CV,OP-F5-CV,OP F5 - NO CV,COVER,OPPO,,,3000,2,,3000,6000,5000,2,1 Month Warranty ,Sin4,Active (ရောင်းမည်),Products_Images/OP-F5-CV.Images.080217.jpg,🆕 အသစ်/မရောင်းရသေး
Accessories,RM,CiVi4PRO,No,CV,,RM-CiVi4PRO-CV,RM-CiVi4PRO-CV,RM CIVI4PRO - NO CV,COVER,Xiaomi,,,3000,2,,3000,6000,5000,2,1 Month Warranty ,Sin4,Active (ရောင်းမည်),Products_Images/RM-CiVi4PRO-CV.Images.080416.jpg,🆕 အသစ်/မရောင်းရသေး
Accessories,RM,NOTE14/4G,NO,CV,,RM-NOTE14/4G-CV,RM-NOTE14/4G-CV,RM NOTE14/4G - NO CV,COVER,Xiaomi,,,3000,2,,3000,6000,5000,2,1 Month Warranty ,Sin4,Active (ရောင်းမည်),Products_Images/RM-NOTE14-4G-CV.Images.080613.jpg,🆕 အသစ်/မရောင်းရသေး
Service Tools,UT,UNI-T UT33D,,Meter,,UT-UNI-T UT33D-Meter,UT-UNI-T UT33D-Meter,UT UNI-T UT33D -  METER,Meter,UNI-T,,,53500,1,3,53500,55000,57000,2,1 Month Warranty ,B-1,Active (ရောင်းမည်),,🆕 အသစ်/မရောင်းရသေး
Spare Part,Supplyကြိုး,10A,,Supply,,Supplyကြိုး-10A-Supply,Supplyကြိုး-10A-Supply,SUPPLYကြိုး 10A -  SUPPLY,Supplyကြိုး,,,,5000,1,3,5000,6000,7000,2,1 Month Warranty ,B-1,Active (ရောင်းမည်),,🆕 အသစ်/မရောင်းရသေး
Spare Part,SS,A03S,,TL,BLK,SS-A03S-TL-BLK,SS-A03S-TL-BLK,SS A03S -  TL (BLK),TL,SAMSUNG,,,35000,0,,35000,39000,40000,2,1 Month Warranty ,Sin6,Active (ရောင်းမည်),,🆕 အသစ်/မရောင်းရသေး
Accessories,OP,A16K,No,CV,,OP-A16K-CV,OP-A16K-CV,OP A16K - NO CV,COVER,OPPO,,,3000,3,,3000,6000,5000,2,1 Month Warranty ,Sin4,Active (ရောင်းမည်),Products_Images/OP-A16K-CV.Images.080731.jpg,🆕 အသစ်/မရောင်းရသေး
Accessories,OP,NEO7,No,CV,,OP-NEO7-CV,OP-NEO7-CV,OP NEO7 - NO CV,COVER,OPPO,,,3000,2,,3000,6000,5000,2,1 Month Warranty ,Sin4,Active (ရောင်းမည်),Products_Images/OP-NEO7-CV.Images.080851.jpg,🆕 အသစ်/မရောင်းရသေး
Accessories,VV,V15PRO,No,CV,,VV-Vt15PRO-CV,VV-V15PRO-CV,VV V15PRO - NO CV,COVER,Vivo,,,3000,2,,3000,6000,5000,2,1 Month Warranty ,Sin4,Active (ရောင်းမည်),Products_Images/VV-Vt15PRO-CV.Images.081018.jpg,🆕 အသစ်/မရောင်းရသေး
Accessories,VV,Y02S,No,CV,,VV-Y02S-CV,VV-Y02S-CV,VV Y02S - NO CV,COVER,Vivo,,,3000,3,,3000,6000,5000,2,1 Month Warranty ,Sin4,Active (ရောင်းမည်),Products_Images/VV-Y02S-CV.Images.081438.jpg,🆕 အသစ်/မရောင်းရသေး
Accessories,VV,V23,No,CV,,VV-V23-CV,VV-V23-CV,VV V23 - NO CV,COVER,Vivo,,,3000,3,,3000,6000,5000,2,1 Month Warranty ,Sin4,Active (ရောင်းမည်),Products_Images/VV-V23-CV.Images.081902.jpg,🆕 အသစ်/မရောင်းရသေး
Accessories,OP,C55,No,CV,,OP-C55-CV,OP-C55-CV,OP C55 - NO CV,COVER,REALME,,,3000,3,,3000,6000,5000,2,1 Month Warranty ,Sin4,Active (ရောင်းမည်),Products_Images/OP-C55-CV.Images.082230.jpg,🆕 အသစ်/မရောင်းရသေး
Accessories,VV,V23SB,No,CV,,VV-V23SB-CV,VV-V23SB-CV,VV V23SB - NO CV,COVER,Vivo,,,3000,4,,3000,6000,5000,2,1 Month Warranty ,Sin4,Active (ရောင်းမည်),Products_Images/VV-V23SB-CV.Images.082458.jpg,🆕 အသစ်/မရောင်းရသေး
Accessories,OP,A33,No,CV,,OP-A33-CV,OP-A33-CV,OP A33 - NO CV,COVER,OPPO,,,3000,3,,3000,6000,5000,2,1 Month Warranty ,Sin4,Active (ရောင်းမည်),Products_Images/OP-A33-CV.Images.082638.jpg,🆕 အသစ်/မရောင်းရသေး
Accessories,VV,S1PRO,No,CV,,VV-S1PRO-CV,VV-S1PRO-CV,VV S1PRO - NO CV,COVER,Vivo,,,3000,2,,3000,6000,5000,2,1 Month Warranty ,Sin4,Active (ရောင်းမည်),Products_Images/VV-S1PRO-CV.Images.082801.jpg,🆕 အသစ်/မရောင်းရသေး
Accessories,RM,5A,No,CV,,RM-5A-CV,RM-5A-CV,RM 5A - NO CV,COVER,Xiaomi,,,3000,5,,3000,6000,5000,2,1 Month Warranty ,Sin4,Active (ရောင်းမည်),Products_Images/RM-5A-CV.Images.082946.jpg,🆕 အသစ်/မရောင်းရသေး
Accessories,OP,C67/4G,No,CV,,OP-C67/4G-CV,OP-C67/4G-CV,OP C67/4G - NO CV,COVER,REALME,,,3000,2,,3000,6000,5000,2,1 Month Warranty ,Sin4,Active (ရောင်းမည်),Products_Images/OP-C67-4G-CV.Images.083113.jpg,🆕 အသစ်/မရောင်းရသေး
Accessories,OP,A57/4G,No,CV,,OP-A57/4G-CV,OP-A57/4G-CV,OP A57/4G - NO CV,COVER,OPPO,,,3000,2,,3000,6000,5000,2,1 Month Warranty ,Sin4,Active (ရောင်းမည်),Products_Images/OP-A57-4G-CV.Images.083237.jpg,🆕 အသစ်/မရောင်းရသေး
Accessories,OP,A91,No,CV,,OP-A91-CV,OP-A91-CV,OP A91 - NO CV,COVER,OPPO,,,3000,2,,3000,6000,5000,2,1 Month Warranty ,Sin4,Active (ရောင်းမည်),Products_Images/OP-A91-CV.Images.083351.jpg,🆕 အသစ်/မရောင်းရသေး
Accessories,OP,A9,No,CV,,OP-A9-CV,OP-A9-CV,OP A9 - NO CV,COVER,OPPO,,,3000,86,,3000,6000,5000,2,1 Month Warranty ,Sin4,Active (ရောင်းမည်),Products_Images/OP-A9-CV.Images.083535.jpg,🆕 အသစ်/မရောင်းရသေး
Accessories,OP,A32/5G,No,CV,,OP-A32/5G-CV,OP-A32/5G-CV,OP A32/5G - NO CV,COVER,OPPO,,,3000,15,,3000,6000,5000,2,1 Month Warranty ,Sin4,Active (ရောင်းမည်),Products_Images/OP-A32-5G-CV.Images.083702.jpg,🆕 အသစ်/မရောင်းရသေး
Accessories,OP,A32/4G,No,CV,,OP-A32/4G-CV,OP-A32/4G-CV,OP A32/4G - NO CV,COVER,OPPO,,,3000,10,,3000,6000,5000,2,1 Month Warranty ,Sin4,Active (ရောင်းမည်),Products_Images/OP-A32-4G-CV.Images.083815.jpg,🆕 အသစ်/မရောင်းရသေး
Accessories,SS,A32/4G,No,CV,,SS-A32/4G-CV,SS-A32/4G-CV,SS A32/4G - NO CV,COVER,SAMSUNG,,,3000,10,,3000,6000,5000,2,1 Month Warranty ,Sin4,Active (ရောင်းမည်),Products_Images/SS-A32-4G-CV.Images.084015.jpg,🆕 အသစ်/မရောင်းရသေး
Accessories,OP,C21Y,No,CV,,OP-C21Y-CV,OP-C21Y-CV,OP C21Y - NO CV,COVER,REALME,,,3000,246,,3000,6000,5000,2,1 Month Warranty ,Sin4,Active (ရောင်းမည်),Products_Images/OP-C21Y-CV.Images.084146.jpg,🆕 အသစ်/မရောင်းရသေး
Accessories,RM,TURBO4PRO,No,CV,,RM-TURBO4PRO-CV,RM-TURBO4PRO-CV,RM TURBO4PRO - NO CV,COVER,Xiaomi,,,3000,2,,3000,6000,5000,2,1 Month Warranty ,Sin4,Active (ရောင်းမည်),Products_Images/RM-TURBO4PRO-CV.Images.084701.jpg,🆕 အသစ်/မရောင်းရသေး
Accessories,OP,A31,No,CV,,OP-A31-CV,OP-A31-CV,OP A31 - NO CV,COVER,OPPO,,,3000,2,,3000,6000,5000,2,1 Month Warranty ,Sin4,Active (ရောင်းမည်),Products_Images/OP-A31-CV.Images.090444.jpg,🆕 အသစ်/မရောင်းရသေး
Accessories,RM,A3,No,CV,,RM-A3-CV,RM-A3-CV,RM A3 - NO CV,COVER,Xiaomi,,,3000,2,,3000,6000,5000,2,1 Month Warranty ,Sin4,Active (ရောင်းမည်),Products_Images/RM-A3-CV.Images.090625.jpg,🆕 အသစ်/မရောင်းရသေး
Accessories,VV,Y20,No,CV,,VV-Y20-CV,VV-Y20-CV,VV Y20 - NO CV,COVER,Vivo,,,3000,18,,3000,6000,5000,2,1 Month Warranty ,Sin4,Active (ရောင်းမည်),Products_Images/VV-Y20-CV.Images.090830.jpg,🆕 အသစ်/မရောင်းရသေး
Accessories,SS,A12,No,CV,,SS-A13-CV,SS-A12-CV,SS A12 - NO CV,COVER,SAMSUNG,,,3000,5,,3000,6000,5000,2,1 Month Warranty ,Sin4,Active (ရောင်းမည်),Products_Images/SS-A13-CV.Images.091401.jpg,🆕 အသစ်/မရောင်းရသေး
Accessories,SS,A22/4G,No,CV,,SS-A22/4G-CV,SS-A22/4G-CV,SS A22/4G - NO CV,COVER,SAMSUNG,,,3000,10,,3000,6000,5000,2,1 Month Warranty ,Sin4,Active (ရောင်းမည်),Products_Images/SS-A22-4G-CV.Images.092209.jpg,🆕 အသစ်/မရောင်းရသေး
Accessories,TMP RM,13C,No,SG,BLK,TMP RM-13C-SG-BLK,TMP RM-13C-SG-BLK,TMP RM 13C - NO SG (BLK),Screen Guard,TEMPERED GLASS,,,1600,3,2,1600,5000,4500,2,1 Month Warranty ,B-1,Active (ရောင်းမည်),,🛒 အရောင်းပါး
Accessories,OP,A52/A72/A92,No,CV,,OP-A52/A72/A92-CV,OP-A52/A72/A92-CV,OP A52/A72/A92 - NO CV,COVER,OPPO,,,3000,34,,3000,6000,5000,2,1 Month Warranty ,Sin4,Active (ရောင်းမည်),Products_Images/OP-A52-A72-A92-CV.Images.092357.jpg,🆕 အသစ်/မရောင်းရသေး
Accessories,SS,A22/5G,No,CV,,SS-A22/5G-CV,SS-A22/5G-CV,SS A22/5G - NO CV,COVER,SAMSUNG,,,3000,15,,3000,6000,5000,2,1 Month Warranty ,Sin4,Active (ရောင်းမည်),Products_Images/SS-A22-5G-CV.Images.092527.jpg,🆕 အသစ်/မရောင်းရသေး
Accessories,OP,F11BP,No,CV,,OP-F11BP-CV,OP-F11BP-CV,OP F11BP - NO CV,COVER,OPPO,,,3000,5,,3000,6000,5000,2,1 Month Warranty ,Sin4,Active (ရောင်းမည်),Products_Images/OP-F11BP-CV.Images.093146.jpg,🆕 အသစ်/မရောင်းရသေး
Accessories,SPX RM,NT7,No,SG,BLK,SPX RM-NT7-SG-BLK,SPX RM-NT7-SG-BLK,SPX RM NT7 - NO SG (BLK),Screen Guard,Xiaomi,,,1850,3,,1850,6000,5400,2,1 Month Warranty ,B-1,Active (ရောင်းမည်),,🆕 အသစ်/မရောင်းရသေး
Accessories,OP,A53/4G,No,CV,,OP-A53/4G-CV,OP-A53/4G-CV,OP A53/4G - NO CV,COVER,OPPO,,,3000,4,,3000,6000,5000,2,1 Month Warranty ,Sin4,Active (ရောင်းမည်),Products_Images/OP-A53-4G-CV.Images.093307.jpg,🆕 အသစ်/မရောင်းရသေး
Accessories,SPX RM,NT8PRO,No,SG,BLK,SPX RM-NT8PRO-SG-BLK,SPX RM-NT8PRO-SG-BLK,SPX RM NT8PRO - NO SG (BLK),Screen Guard,Super X,,,1850,3,,1850,6000,5400,2,1 Month Warranty ,B-1,Active (ရောင်းမည်),,🆕 အသစ်/မရောင်းရသေး
Accessories,RM,Note10PRO,No,CV,,RM-Note10PRO-CV,RM-Note10PRO-CV,RM NOTE10PRO - NO CV,COVER,Xiaomi,,,3000,31,,3000,6000,5000,2,1 Month Warranty ,Sin4,Active (ရောင်းမည်),Products_Images/RM-Note10PRO-CV.Images.093618.jpg,🆕 အသစ်/မရောင်းရသေး
Accessories,SPX RM,NT12PRO,No,SG,BLK,SPX RM-NT12PRO-SG-BLK,SPX RM-NT12PRO-SG-BLK,SPX RM NT12PRO - NO SG (BLK),Screen Guard,Super X,,,1850,3,2,1850,600,5400,2,1 Month Warranty ,B-1,Active (ရောင်းမည်),,🛒 အရောင်းပါး
Accessories,SPX RM,5PLUS,No,SG,BLK,SPX RM-5PLUS-SG-BLK,SPX RM-5PLUS-SG-BLK,SPX RM 5PLUS - NO SG (BLK),Screen Guard,Super X,,,1850,3,,1850,6000,5400,2,1 Month Warranty ,B-1,Active (ရောင်းမည်),,🆕 အသစ်/မရောင်းရသေး
Accessories,OP,A55/4G,No,CV,,OP-A55/4G-CV,OP-A55/4G-CV,OP A55/4G - NO CV,COVER,OPPO,,,3000,5,,3000,6000,5000,2,1 Month Warranty ,Sin4,Active (ရောင်းမည်),Products_Images/OP-A55-4G-CV.Images.094004.jpg,🆕 အသစ်/မရောင်းရသေး
Accessories,SPX RM,10A,No,SG,BLK,SPX RM-10A-SG-BLK,SPX RM-10A-SG-BLK,SPX RM 10A - NO SG (BLK),Screen Guard,Super X,,,1850,3,,1850,6000,5400,2,1 Month Warranty ,B-1,Active (ရောင်းမည်),,🆕 အသစ်/မရောင်းရသေး
Accessories,OP,A55/5G,No,CV,,OP-A55/5G-CV,OP-A55/5G-CV,OP A55/5G - NO CV,COVER,OPPO,,,3000,20,,3000,6000,5000,2,1 Month Warranty ,Sin4,Active (ရောင်းမည်),Products_Images/OP-A55-5G-CV.Images.094347.jpg,🆕 အသစ်/မရောင်းရသေး
Accessories,RM,NOTE10/4G,No,CV,,RM-NOTE10/4G-CV,RM-NOTE10/4G-CV,RM NOTE10/4G - NO CV,COVER,Xiaomi,,,3000,6,,3000,6000,5000,2,1 Month Warranty ,Sin4,Active (ရောင်းမည်),Products_Images/RM-NOTE10-4G-CV.Images.094650.jpg,🆕 အသစ်/မရောင်းရသေး
Accessories,OP,A15,No,CV,,OP-A15-CV,OP-A15-CV,OP A15 - NO CV,COVER,OPPO,,,3000,49,48,3000,6000,5000,2,1 Month Warranty ,Sin4,Active (ရောင်းမည်),Products_Images/OP-A15-CV.Images.094953.jpg,🛒 အရောင်းပါး
Accessories,OP,C35,No,CV,,OP-C35-CV,OP-C35-CV,OP C35 - NO CV,COVER,REALME,,,3000,3,,3000,6000,5000,2,1 Month Warranty ,Sin4,Active (ရောင်းမည်),Products_Images/OP-C35-CV.Images.095114.jpg,🆕 အသစ်/မရောင်းရသေး
Accessories,OP,A76,No,CV,,OP-A76-CV,OP-A76-CV,OP A76 - NO CV,COVER,OPPO,,,3000,3,,3000,6000,5000,2,1 Month Warranty ,Sin4,Active (ရောင်းမည်),Products_Images/OP-A76-CV.Images.095220.jpg,🆕 အသစ်/မရောင်းရသေး
Accessories,SS,A03SBP,No,CV,,SS-A03SBP-CV,SS-A03SBP-CV,SS A03SBP - NO CV,COVER,SAMSUNG,,,3000,33,,3000,6000,5000,2,1 Month Warranty ,Sin4,Active (ရောင်းမည်),Products_Images/SS-A03SBP-CV.Images.095700.jpg,🆕 အသစ်/မရောင်းရသေး
Accessories,OP,C20,No,CV,,OP-C20-CV,OP-C20-CV,OP C20 - NO CV,COVER,REALME,,,3000,3,,3000,6000,5000,2,1 Month Warranty ,Sin4,Active (ရောင်းမည်),Products_Images/OP-C20-CV.Images.095804.jpg,🆕 အသစ်/မရောင်းရသေး
Accessories,VV,V21E/4G,No,CV,,VV-V21E/4G-CV,VV-V21E/4G-CV,VV V21E/4G - NO CV,COVER,Vivo,,,3000,2,,3000,6000,5000,2,1 Month Warranty ,Sin4,Active (ရောင်းမည်),Products_Images/VV-V21E-4G-CV.Images.095920.jpg,🆕 အသစ်/မရောင်းရသေး
Accessories,VV,Y83,No,CV,,VV-Y83-CV,VV-Y83-CV,VV Y83 - NO CV,COVER,Vivo,,,3000,3,,3000,6000,5000,2,1 Month Warranty ,Sin4,Active (ရောင်းမည်),Products_Images/VV-Y83-CV.Images.100035.jpg,🆕 အသစ်/မရောင်းရသေး
Accessories,OP,A1K,No,CV,,OP-A1K-CV,OP-A1K-CV,OP A1K - NO CV,COVER,OPPO,,,3000,7,,3000,6000,5000,2,1 Month Warranty ,Sin4,Active (ရောင်းမည်),Products_Images/OP-A1K-CV.Images.100152.jpg,🆕 အသစ်/မရောင်းရသေး
Accessories,VV,VS1,No,CV,,VV-VS1-CV,VV-VS1-CV,VV VS1 - NO CV,COVER,Vivo,,,3000,5,,3000,6000,5000,2,1 Month Warranty ,Sin4,Active (ရောင်းမည်),Products_Images/VV-VS1-CV.Images.100247.jpg,🆕 အသစ်/မရောင်းရသေး
Accessories,VV,V20,No,CV,,VV-V20-CV,VV-V20-CV,VV V20 - NO CV,COVER,Vivo,,,3000,4,,3000,6000,5000,2,1 Month Warranty ,Sin4,Active (ရောင်းမည်),Products_Images/VV-V20-CV.Images.100346.jpg,🆕 အသစ်/မရောင်းရသေး
Accessories,RM,9A,No,CV,,RM-9A-CV,RM-9A-CV,RM 9A - NO CV,COVER,Xiaomi,,,3000,5,4,3000,6000,5000,2,1 Month Warranty ,Sin4,Active (ရောင်းမည်),Products_Images/RM-9A-CV.Images.100513.jpg,🛒 အရောင်းပါး
Accessories,RM,9SE,No,CV,,RM-9SE-CV,RM-9SE-CV,RM 9SE - NO CV,COVER,Xiaomi,,,3000,6,,3000,6000,5000,2,1 Month Warranty ,Sin4,Active (ရောင်းမည်),Products_Images/RM-9SE-CV.Images.100622.jpg,🆕 အသစ်/မရောင်းရသေး
Accessories,OP,8/8PRO,No,CV,,OP-8/8PRO-CV,OP-8/8PRO-CV,OP 8/8PRO - NO CV,COVER,REALME,,,3000,15,,3000,6000,5000,2,1 Month Warranty ,Sin4,Active (ရောင်းမည်),Products_Images/OP-8-8PRO-CV.Images.101021.jpg,🆕 အသစ်/မရောင်းရသေး
Accessories,SPX RM,A1,No,SG,BLK,SPX RM-A1-SG-BLK,SPX RM-A1-SG-BLK,SPX RM A1 - NO SG (BLK),Screen Guard,Super X,,,1850,3,2,1850,6000,5400,2,1 Month Warranty ,B-1,Active (ရောင်းမည်),,🛒 အရောင်းပါး
Accessories,SPX RM,NT5,No,SG,BLK,SPX RM-NT5-SG-BLK,SPX RM-NT5-SG-BLK,SPX RM NT5 - NO SG (BLK),Screen Guard,Super X,,,1850,3,,1850,6000,5400,2,1 Month Warranty ,B-1,Active (ရောင်းမည်),,🆕 အသစ်/မရောင်းရသေး
Accessories,RM,11ULTRA,No,CV,,RM-11ULTRA-CV,RM-11ULTRA-CV,RM 11ULTRA - NO CV,COVER,Xiaomi,,,3000,2,,3000,6000,5000,2,1 Month Warranty ,Sin4,Active (ရောင်းမည်),Products_Images/RM-11ULTRA-CV.Images.102300.jpg,🆕 အသစ်/မရောင်းရသေး
Accessories,SPX RM,NT14,No,SG,BLK,SPX RM-14-SG-BLK,SPX RM-NT14-SG-BLK,SPX RM NT14 - NO SG (BLK),Screen Guard,Super X,,,1850,3,,1850,6000,5400,2,1 Month Warranty ,B-1,Active (ရောင်းမည်),,🆕 အသစ်/မရောင်းရသေး
Accessories,SPX RM,15C,No,SG,BLK,SPX RM-15C-SG,SPX RM-15C-SG (BLK),SPX RM 15C - NO SG (BLK),Screen Guard,Super X,,,1850,3,,1850,6000,5400,2,1 Month Warranty ,B-1,Active (ရောင်းမည်),,🆕 အသစ်/မရောင်းရသေး
Accessories,SPX RM,NT8,No,SG,BLK,SPX RM-NT8-SG-BLK,SPX RM-NT8-SG-BLK,SPX RM NT8 - NO SG (BLK),Screen Guard,Super X,,,1850,3,,1850,6000,5400,2,1 Month Warranty ,B-1,Active (ရောင်းမည်),,🆕 အသစ်/မရောင်းရသေး
Accessories,SPX RM,A3,No,SG,BLK,SPX RM-A3-SG-BLK,SPX RM-A3-SG-BLK,SPX RM A3 - NO SG (BLK),Screen Guard,Super X,,,1850,3,,1850,6000,5400,2,1 Month Warranty ,B-1,Active (ရောင်းမည်),,🆕 အသစ်/မရောင်းရသေး
Accessories,HDP OP,A38,No,SG,BLK,HDP OP-A38-SG-BLK,HDP OP-A38-SG-BLK,HDP OP A38 - NO SG (BLK),Screen Guard,HD PLUS,,,850,2,,850,5000,4500,2,1 Month Warranty ,B-1,Active (ရောင်းမည်),,🆕 အသစ်/မရောင်းရသေး
Accessories,HDP OP,A92,No,SG,BLK,HDP OP-A92-SG-BLK,HDP OP-A92-SG-BLK,HDP OP A92 - NO SG (BLK),Screen Guard,HD PLUS,,,850,3,,850,5000,4500,2,1 Month Warranty ,B-1,Active (ရောင်းမည်),,🆕 အသစ်/မရောင်းရသေး
Accessories,HDP OP,A11K,No,SG,BLK,HDP OP-A11K-SG-BLK,HDP OP-A11K-SG-BLK,HDP OP A11K - NO SG (BLK),Screen Guard,HD PLUS,,,850,2,1,850,5000,4500,2,1 Month Warranty ,B-1,Active (ရောင်းမည်),,🛒 အရောင်းပါး
Accessories,HDP OP,RENO8T,No,SG,BLK,HDP OP-RENO8T-SG-BLK,HDP OP-RENO8T-SG-BLK,HDP OP RENO8T - NO SG (BLK),Screen Guard,HD PLUS,,,850,3,,850,5000,4500,2,1 Month Warranty ,B-1,Active (ရောင်းမည်),,🆕 အသစ်/မရောင်းရသေး
Accessories,HDP OP,F21PRO,No,SG,BLK,HDP OP-F21PRO-SG-BLK,HDP OP-F21PRO-SG-BLK,HDP OP F21PRO - NO SG (BLK),Screen Guard,HD PLUS,,,850,3,,850,5000,4500,2,1 Month Warranty ,B-1,Active (ရောင်းမည်),,🆕 အသစ်/မရောင်းရသေး
Accessories,HDP OP,A52,No,SG,BLK,HDP OP-A52-SG-BLK,HDP OP-A52-SG-BLK,HDP OP A52 - NO SG (BLK),Screen Guard,HD PLUS,,,850,2,,850,5000,4500,2,1 Month Warranty ,B-1,Active (ရောင်းမည်),,🆕 အသစ်/မရောင်းရသေး
Accessories,HDP OP,F19PRO,No,SG,BLK,HDP OP-F19PRO-SG-BLK,HDP OP-F19PRO-SG-BLK,HDP OP F19PRO - NO SG (BLK),Screen Guard,HD PLUS,,,850,3,,850,5000,4500,2,1 Month Warranty ,B-1,Active (ရောင်းမည်),,🆕 အသစ်/မရောင်းရသေး
Accessories,HDP OP,NEO7,No,SG,BLK,HDP OP-NEO7-SG-BLK,HDP OP-NEO7-SG-BLK,HDP OP NEO7 - NO SG (BLK),Screen Guard,HD PLUS,,,850,3,,850,5000,4500,2,1 Month Warranty ,B-1,Active (ရောင်းမည်),,🆕 အသစ်/မရောင်းရသေး
Accessories,HDP OP,C15,No,SG,BLK,HDP OP-C15-SG-BLK,HDP OP-C15-SG-BLK,HDP OP C15 - NO SG (BLK),Screen Guard,HD PLUS,,,850,3,,850,5000,4500,2,1 Month Warranty ,B-1,Active (ရောင်းမည်),,🆕 အသစ်/မရောင်းရသေး
Accessories,HDP OP,C55,No,SG,BLK,HDP OP-C55-SG-BLK,HDP OP-C55-SG-BLK,HDP OP C55 - NO SG (BLK),Screen Guard,HD PLUS,,,850,3,2,850,5000,4500,2,1 Month Warranty ,B-1,Active (ရောင်းမည်),,🛒 အရောင်းပါး
Accessories,TMP OP,8i,No,SG,BLK,TMP OP-8i-SG-BLK,TMP OP-8i-SG-BLK,TMP OP 8I - NO SG (BLK),Screen Guard,TEMPERED GLASS,,,1600,3,,1600,5000,4500,2,1 Month Warranty ,B-1,Active (ရောင်းမည်),,🆕 အသစ်/မရောင်းရသေး
Accessories,TMP OP,7i,No,SG,BLK,TMP OP-7i-SG-BLK,TMP OP-7i-SG-BLK,TMP OP 7I - NO SG (BLK),Screen Guard,TEMPERED GLASS,,,1600,2,,1600,5000,4500,2,1 Month Warranty ,B-1,Active (ရောင်းမည်),,🆕 အသစ်/မရောင်းရသေး
Accessories,TMP OP,A3S,No,SG,BLK,TMP OP-A3S-SG-BLK,TMP OP-A3S-SG-BLK,TMP OP A3S - NO SG (BLK),Screen Guard,TEMPERED GLASS,,,1600,3,,1600,5000,4500,2,1 Month Warranty ,B-1,Active (ရောင်းမည်),,🆕 အသစ်/မရောင်းရသေး
Accessories,SPX OP,A17,No,SG,BLK,SPX OP-A17-SG-BLK,SPX OP-A17-SG-BLK,SPX OP A17 - NO SG (BLK),Screen Guard,Super X,,,1850,3,,1850,6000,5400,2,1 Month Warranty ,B-1,Active (ရောင်းမည်),,🆕 အသစ်/မရောင်းရသေး
Accessories,SPX OP,A5S,No,SG,BLK,SPX OP-A5S-SG-BLK,SPX OP-A5S-SG-BLK,SPX OP A5S - NO SG (BLK),Screen Guard,Super X,,,1850,3,2,1850,6000,5400,2,1 Month Warranty ,B-1,Active (ရောင်းမည်),,🛒 အရောင်းပါး
Accessories,SPX OP,A77,No,SG,BLK,SPX OP-A77-SG-BLK,SPX OP-A77-SG-BLK,SPX OP A77 - NO SG (BLK),Screen Guard,Super X,,,1850,3,,1850,6000,5400,2,1 Month Warranty ,B-1,Active (ရောင်းမည်),,🆕 အသစ်/မရောင်းရသေး
Accessories,SPX OP,A33,No,SG,BLK,SPX OP-A33-SG-BLK,SPX OP-A33-SG-BLK,SPX OP A33 - NO SG (BLK),Screen Guard,Super X,,,1850,3,,1850,6000,5400,2,1 Month Warranty ,B-1,Active (ရောင်းမည်),,🆕 အသစ်/မရောင်းရသေး
Accessories,SPX OP,A73,No,SG,BLK,SPX OP-A73-SG-BLK,SPX OP-A73-SG-BLK,SPX OP A73 - NO SG (BLK),Screen Guard,Super X,,,1850,3,,1850,6000,5400,2,1 Month Warranty ,B-1,Active (ရောင်းမည်),,🆕 အသစ်/မရောင်းရသေး
Accessories,SPX OP,A5(20),No,SG,BLK,SPX OP-A5(20)-SG-BLK,SPX OP-A5(20)-SG-BLK,SPX OP A5(20) - NO SG (BLK),Screen Guard,Super X,,,1850,3,,1850,6000,5400,2,1 Month Warranty ,B-1,Active (ရောင်းမည်),,🆕 အသစ်/မရောင်းရသေး
Accessories,HDP VV,Y19,No,SG,BLK,HDP VV-Y19-SG-BLK,HDP VV-Y19-SG-BLK,HDP VV Y19 - NO SG (BLK),Screen Guard,HD PLUS,,,850,3,,850,5000,4500,2,1 Month Warranty ,B-1,Active (ရောင်းမည်),,🆕 အသစ်/မရောင်းရသေး
Accessories,HDP VV,Y53(OLD),No,SG,BLK,HDP VV-Y53(OLD)-SG-BLK,HDP VV-Y53(OLD)-SG-BLK,HDP VV Y53(OLD) - NO SG (BLK),Screen Guard,HD PLUS,,,850,3,,850,5000,4500,2,1 Month Warranty ,B-1,Active (ရောင်းမည်),,🆕 အသစ်/မရောင်းရသေး
Accessories,HDP VV,Y51(OLD),No,SG,BLK,HDP VV-Y51(OLD)-SG-BLK,HDP VV-Y51(OLD)-SG-BLK,HDP VV Y51(OLD) - NO SG (BLK),Screen Guard,HD PLUS,,,850,3,,850,5000,4500,2,1 Month Warranty ,B-1,Active (ရောင်းမည်),,🆕 အသစ်/မရောင်းရသေး
Accessories,HDP VV,Y55(NEW),No,SG,BLK,HDP VV-Y55(NEW)-SG-BLK,HDP VV-Y55(NEW)-SG-BLK,HDP VV Y55(NEW) - NO SG (BLK),Screen Guard,HD PLUS,,,850,3,,850,5000,4500,2,1 Month Warranty ,B-1,Active (ရောင်းမည်),,🆕 အသစ်/မရောင်းရသေး
Accessories,HDP VV,Y55(OLD),No,SG,BLK,HDP VV-Y55(OLD)-SG-BLK,HDP VV-Y55(OLD)-SG-BLK,HDP VV Y55(OLD) - NO SG (BLK),Screen Guard,HD PLUS,,,850,2,,850,5000,4500,2,1 Month Warranty ,B-1,Active (ရောင်းမည်),,🆕 အသစ်/မရောင်းရသေး
Accessories,HDP VV,S1,S1PRO,SG,BLK,HDP VV-S1-SG-BLK,HDP VV-S1-SG-BLK,HDP VV S1 - S1PRO SG (BLK),Screen Guard,HD PLUS,,,850,3,,850,5000,4500,2,1 Month Warranty ,B-1,Active (ရောင်းမည်),,🆕 အသစ်/မရောင်းရသေး
Accessories,HDP VV,Y30,Y50,SG,BLK,HDP VV-Y30-SG-BLK,HDP VV-Y30-SG-BLK,HDP VV Y30 - Y50 SG (BLK),Screen Guard,HD PLUS,,,850,3,,850,5000,4500,2,1 Month Warranty ,B-1,Active (ရောင်းမည်),,🆕 အသစ်/မရောင်းရသေး
Accessories,HDP VV,V23E,No,SG,BLK,HDP VV-V23E-SG-BLK,HDP VV-V23E-SG-BLK,HDP VV V23E - NO SG (BLK),Screen Guard,HD PLUS,,,850,3,,850,5000,4500,2,1 Month Warranty ,B-1,Active (ရောင်းမည်),,🆕 အသစ်/မရောင်းရသေး
Accessories,HDP VV,Y22,No,SG,BLK,HDP VV-Y22-SG-BLK,HDP VV-Y22-SG-BLK,HDP VV Y22 - NO SG (BLK),Screen Guard,HD PLUS,,,850,3,,850,5000,4500,2,1 Month Warranty ,B-1,Active (ရောင်းမည်),,🆕 အသစ်/မရောင်းရသေး
Accessories,HDP VV,V15PRO,No,SG,BLK,HDP VV-V15PRO-SG-BLK,HDP VV-V15PRO-SG-BLK,HDP VV V15PRO - NO SG (BLK),Screen Guard,HD PLUS,,,850,3,,850,5000,4500,2,1 Month Warranty ,B-1,Active (ရောင်းမည်),,🆕 အသစ်/မရောင်းရသေး
Accessories,HDP VV,V15,No,SG,BLK,HDP VV-V15-SG-BLK,HDP VV-V15-SG-BLK,HDP VV V15 - NO SG (BLK),Screen Guard,HD PLUS,,,850,3,,850,5000,4500,2,1 Month Warranty ,B-1,Active (ရောင်းမည်),,🆕 အသစ်/မရောင်းရသေး
Accessories,HDP VV,Y01,No,SG,BLK,HDP VV-Y01-SG-BLK,HDP VV-Y01-SG-BLK,HDP VV Y01 - NO SG (BLK),Screen Guard,HD PLUS,,,850,3,,850,5000,4500,2,1 Month Warranty ,B-1,Active (ရောင်းမည်),,🆕 အသစ်/မရောင်းရသေး
Accessories,HDP VV,Y16,No,SG,BLK,HDP VV-Y16-SG-BLK,HDP VV-Y16-SG-BLK,HDP VV Y16 - NO SG (BLK),Screen Guard,HD PLUS,,,850,3,,850,5000,4500,2,1 Month Warranty ,B-1,Active (ရောင်းမည်),,🆕 အသစ်/မရောင်းရသေး
Accessories,HDP VV,V11,V11i,SG,BLK,HDP VV-V11-SG-BLK,HDP VV-V11-SG-BLK,HDP VV V11 - V11I SG (BLK),Screen Guard,HD PLUS,,,850,4,,850,5000,4500,2,1 Month Warranty ,B-1,Active (ရောင်းမည်),,🆕 အသစ်/မရောင်းရသေး
Accessories,HDP VV,Y33S,No,SG,BLK,HDP VV-Y33S-SG-BLK,HDP VV-Y33S-SG-BLK,HDP VV Y33S - NO SG (BLK),Screen Guard,HD PLUS,,,850,4,,850,5000,4500,2,1 Month Warranty ,B-1,Active (ရောင်းမည်),,🆕 အသစ်/မရောင်းရသေး
Accessories,HDP VV,Y81,Y83,SG,BLK,HDP VV-Y81-SG-BLK,HDP VV-Y81-SG-BLK,HDP VV Y81 - Y83 SG (BLK),Screen Guard,HD PLUS,,,850,3,,850,5000,4500,2,1 Month Warranty ,B-1,Active (ရောင်းမည်),,🆕 အသစ်/မရောင်းရသေး
Accessories,HDP VV,Y85,No,SG,BLK,HDP VV-Y85-SG-BLK,HDP VV-Y85-SG-BLK,HDP VV Y85 - NO SG (BLK),Screen Guard,HD PLUS,,,850,3,,850,5000,4500,2,1 Month Warranty ,B-1,Active (ရောင်းမည်),,🆕 အသစ်/မရောင်းရသေး
Accessories,HDP VV,Y71,No,SG,BLK,HDP VV-Y71-SG-BLK,HDP VV-Y71-SG-BLK,HDP VV Y71 - NO SG (BLK),Screen Guard,HD PLUS,,,850,4,,850,5000,4500,2,1 Month Warranty ,B-1,Active (ရောင်းမည်),,🆕 အသစ်/မရောင်းရသေး
Accessories,SPX VV,Y12,Y15/Y17,SG,BLK,SPX VV-Y12-SG-BLK,SPX VV-Y12-SG-BLK,SPX VV Y12 - Y15/Y17 SG (BLK),Screen Guard,Super X,,,1850,3,2,1850,6000,5400,2,1 Month Warranty ,B-1,Active (ရောင်းမည်),,🛒 အရောင်းပါး
Accessories,SPX VV,Y30,No,SG,BLK,SPX VV-Y30-SG-BLK,SPX VV-Y30-SG-BLK,SPX VV Y30 - NO SG (BLK),Screen Guard,Super X,,,1600,3,,1600,6000,5400,2,1 Month Warranty ,B-1,Active (ရောင်းမည်),,🆕 အသစ်/မရောင်းရသေး
Accessories,SPX VV,Y20,No,SG,BLK,SPX VV-Y20-SG-BLK,SPX VV-Y20-SG-BLK,SPX VV Y20 - NO SG (BLK),Screen Guard,Super X,,,1850,3,,1850,6000,5400,2,1 Month Warranty ,B-1,Active (ရောင်းမည်),,🆕 အသစ်/မရောင်းရသေး
Accessories,HDP TN,SPARK10,10C,SG,BLK,HDP TN-SPARK10-SG-BLK,HDP TN-SPARK10-SG-BLK,HDP TN SPARK10 - 10C SG (BLK),Screen Guard,HD PLUS,,,850,3,,850,5000,4500,2,1 Month Warranty ,B-1,Active (ရောင်းမည်),,🆕 အသစ်/မရောင်းရသေး
Accessories,HDP TN,SMART7T,No,SG,BLK,HDP TN-SMART7T-SG-BLK,HDP TN-SMART7T-SG-BLK,HDP TN SMART7T - NO SG (BLK),Screen Guard,HD PLUS,,,858,3,,858,5000,4500,2,1 Month Warranty ,B-1,Active (ရောင်းမည်),,🆕 အသစ်/မရောင်းရသေး
Accessories,HDP TN,SMART7,No,SG,BLK,HDP TN-SMART7-SG-BLK,HDP TN-SMART7-SG-BLK,HDP TN SMART7 - NO SG (BLK),Screen Guard,HD PLUS,,,850,3,,850,5000,4500,2,1 Month Warranty ,B-1,Active (ရောင်းမည်),,🆕 အသစ်/မရောင်းရသေး
Accessories,HDP TN,SPARK6,No,SG,BLK,HDP TN-SPARK6-SG-BLK,HDP TN-SPARK6-SG-BLK,HDP TN SPARK6 - NO SG (BLK),Screen Guard,HD PLUS,,,850,3,2,850,5000,4500,2,1 Month Warranty ,B-1,Active (ရောင်းမည်),,🛒 အရောင်းပါး
Accessories,HDP TN,SPARK20,20C,SG,BLK,HDP TN-SPARK20-SG-BLK,HDP TN-SPARK20-SG-BLK,HDP TN SPARK20 - 20C SG (BLK),Screen Guard,HD PLUS,,,850,3,1,850,5000,4500,2,1 Month Warranty ,B-1,Active (ရောင်းမည်),,🛒 အရောင်းပါး
Accessories,HDP TN,SPARK9,No,SG,BLK,HDP TN-SPARK9-SG-BLK,HDP TN-SPARK9-SG-BLK,HDP TN SPARK9 - NO SG (BLK),Screen Guard,HD PLUS,,,850,3,,850,5000,4500,2,1 Month Warranty ,B-1,Active (ရောင်းမည်),,🆕 အသစ်/မရောင်းရသေး
Accessories,HDP TN,COMON19,No,SG,BLK,HDP TN-COMON19-SG-BLK,HDP TN-COMON19-SG-BLK,HDP TN COMON19 - NO SG (BLK),Screen Guard,HD PLUS,,,850,3,,850,5000,4500,2,1 Month Warranty ,B-1,Active (ရောင်းမည်),,🆕 အသစ်/မရောင်းရသေး
Accessories,HDP TN,SMART4,No,SG,BLK,HDP TN-SMART4-SG-BLK,HDP TN-SMART4-SG-BLK,HDP TN SMART4 - NO SG (BLK),Screen Guard,HD PLUS,,,850,3,,850,5000,4500,2,1 Month Warranty ,B-1,Active (ရောင်းမည်),,🆕 အသစ်/မရောင်းရသေး
Accessories,HDP TN,SPARK5PRO,No,SG,BLK,HDP TN-SPARK5PRO-SG-BLK,HDP TN-SPARK5PRO-SG-BLK,HDP TN SPARK5PRO - NO SG (BLK),Screen Guard,HD PLUS,,,850,3,,850,5000,4500,2,1 Month Warranty ,B-1,Active (ရောင်းမည်),,🆕 အသစ်/မရောင်းရသေး
Accessories,SPX TN,SPARK6,No,SG,BLK,SPX TN-SPARK6-SG-BLK,SPX TN-SPARK6-SG-BLK,SPX TN SPARK6 - NO SG (BLK),Screen Guard,Super X,,,1850,3,,1850,6000,5400,2,1 Month Warranty ,B-1,Active (ရောင်းမည်),,🆕 အသစ်/မရောင်းရသေး
Accessories,SPX TN,SMART8,No,SG,BLK,SPX TN-SMART8-SG-BLK,SPX TN-SMART8-SG-BLK,SPX TN SMART8 - NO SG (BLK),Screen Guard,Super X,,,1850,3,1,1850,6000,5400,2,1 Month Warranty ,B-1,Active (ရောင်းမည်),,🛒 အရောင်းပါး
Accessories,SPX TN,SPARK7,No,SG,BLK,SPX TN-SPARK7-SG-BLK,SPX TN-SPARK7-SG-BLK,SPX TN SPARK7 - NO SG (BLK),Screen Guard,Super X,,,1850,3,,1850,6000,5400,2,1 Month Warranty ,B-1,Active (ရောင်းမည်),,🆕 အသစ်/မရောင်းရသေး
Accessories,SPX IF,HOT50I,No,SG,BLK,SPX IF-HOT50I-SG-BLK,SPX IF-HOT50I-SG-BLK,SPX IF HOT50I - NO SG (BLK),Screen Guard,Super X,,,1850,3,,1850,6000,5400,2,1 Month Warranty ,B-1,Active (ရောင်းမည်),,🆕 အသစ်/မရောင်းရသေး
Accessories,RM,Note11/5G,No,CV,,RM-Note11/5G-CV,RM-Note11/5G-CV,RM NOTE11/5G - NO CV,COVER,Xiaomi,,,3000,1,,3000,6000,5000,2,1 Month Warranty ,Sin3,Active (ရောင်းမည်),Products_Images/RM-Note11-5G-CV.Images.033858.jpg,🆕 အသစ်/မရောင်းရသေး
Accessories,RM,Note11PRO/5G,No,CV,,RM-Note11PRO/5G-CV,RM-Note11PRO/5G-CV,RM NOTE11PRO/5G - NO CV,COVER,Xiaomi,,,3000,2,,3000,6000,5000,2,1 Month Warranty ,Sin3,Active (ရောင်းမည်),Products_Images/RM-Note11PRO-5G-CV.Images.034114.jpg,🆕 အသစ်/မရောင်းရသေး
Accessories,OP,A5/2020,No,CV,,OP-A5/2020-CV,OP-A5/2020-CV,OP A5/2020 - NO CV,COVER,OPPO,,,3000,29,,3000,6000,5000,2,1 Month Warranty ,Sin3,Active (ရောင်းမည်),Products_Images/OP-A5-2020-CV.Images.035259.jpg,🆕 အသစ်/မရောင်းရသေး
Accessories,OP,A16,No,CV,,OP-A16-CV,OP-A16-CV,OP A16 - NO CV,COVER,OPPO,,,3000,5,4,3000,6000,5000,2,1 Month Warranty ,Sin3,Active (ရောင်းမည်),Products_Images/OP-A16-CV.Images.035604.jpg,🛒 အရောင်းပါး
Accessories,YK,S22,No,CB,"ORG , WHT",YK-S22-CB-ORG -WHT,YK-S22-CB-ORG -WHT,"YK S22 - NO CB (ORG , WHT)",Cable,YK,,,6000,1,,6000,8000,7000,2,1 Month Warranty ,Sin (2),Active (ရောင်းမည်),Products_Images/YK-S22-CB-ORG -WHT.Images.062213.jpg,🆕 အသစ်/မရောင်းရသေး
Accessories,WS,1801,No,SPK,BLU,WS-1801-SPK-BLU,WS-1801-SPK-BLU,WS 1801 - NO SPK (BLU),Bluetooth,WSTER,,,13000,1,,13000,25000,24000,2,1 Month Warranty ,Sin3,Active (ရောင်းမည်),Products_Images/WS-1801-SPK-BLU.Images.062107.jpg,🆕 အသစ်/မရောင်းရသေး
Accessories,SS,AK779,No,CHS,"ORG , WHT",SS-AK779-CHS-ORG -WHT,SS-AK779-CHS-ORG -WHT,"SS AK779 - NO CHS (ORG , WHT)",Charger set,SAMSUNG,,,6500,1,0,6500,10500,10000,2,1 Month Warranty ,Sin3,Active (ရောင်းမည်),Products_Images/SS-AK779-CHS-ORG -WHT.Images.062649.jpg,🛒 အရောင်းပါး
Accessories,YK,OTH-EP-WH,No,EP,WHT,YK-OHT-EP-EP-WHT,YK-OHT-EP-EP-WHT,YK OHT-EP - NO EP (WHT),Earphones,YK,,,3350,2,,3350,6000,5000,2,1 Month Warranty ,Sin3,Active (ရောင်းမည်),Products_Images/YK-OHT-EP-EP-WHT.Images.063218.jpg,🆕 အသစ်/မရောင်းရသေး
Accessories,ST,MI SELFIE Stick,No,ST,WHT,ST-MI SELFIE Stick-ST-WHT,ST-MI SELFIE Stick-ST-WHT,ST MI SELFIE STICK - NO ST (WHT),STANT,Xiaomi,,,5000,2,,5000,13000,12000,2,1 Month Warranty ,Sin3,Active (ရောင်းမည်),Products_Images/ST-MI SELFIE Stick-ST-WHT.Images.064617.jpg,🆕 အသစ်/မရောင်းရသေး
Accessories,WIRELESS MOUSE,2.4Ghz,No,Mouse,Red,WIRELESS MOUSE-2.4Ghz-Mouse-Red,WIRELESS MOUSE-2.4Ghz-Mouse-Red,WIRELESS MOUSE 2.4GHZ - NO MOUSE (RED),Mouse,WIRELESS,,,6000,1,,6000,10000,9000,2,1 Month Warranty ,Sin3,Active (ရောင်းမည်),Products_Images/WIRELESS MOUSE-2.4Ghz-Mouse-Red.Images.071215.jpg,🆕 အသစ်/မရောင်းရသေး
Accessories,TWS,M22,NO,BEP,BLK,TWS-M22-BEP-BLK,TWS-M22-BEP-BLK,TWS M22 - NO BEP (BLK),BLUETOOTH EARPHONE,TWS,,,25000,1,,25000,30000,29000,2,1 Month Warranty ,Sin3,Active (ရောင်းမည်),Products_Images/TWS-M22-BEP-BLK.Images.072607.jpg,🆕 အသစ်/မရောင်းရသေး
Spare Part,SS,A14/5G,No,TL,"ORG , BLK",SS-A14/5G-TL-ORG -BLK,SS-A14/5G-TL-ORG -BLK,"SS A14/5G - NO TL (ORG , BLK)",TL,SAMSUNG,,,41000,0,1,40900,48000,47000,2,1 Month Warranty ,Box1,Active (ရောင်းမည်),,🆕 အသစ်/မရောင်းရသေး
Spare Part,VV,S1Y7S/Y9S,No,TL,BLK,VV-S1Y7S/Y9S-TL-BLK,VV-S1Y7S/Y9S-TL-BLK,VV S1Y7S/Y9S - NO TL (BLK),TL,Vivo,,,97500,0,0,97500,130000,120000,2,1 Month Warranty ,Box1,Active (ရောင်းမည်),,🆕 အသစ်/မရောင်းရသေး
Accessories,OTH,A20pro,No,SPK,BLK,OTH-A20pro-SPK-BLK,OTH-A20pro-SPK-BLK,OTH A20PRO - NO SPK (BLK),Bluetooth,OTHER,,,10000,9,4,10000,25000,24000,2,1 Month Warranty ,Sin6,Active (ရောင်းမည်),Products_Images/OTH-A20pro-SPK-BLK.Images.043311.jpg,🆕 အသစ်/မရောင်းရသေး
Spare Part,VV,Y12,A11,TL,"ORG , BLK",OP-A12-TL-ORG -BLK,Vv-Y12-TL-ORG -BLK,"VV Y12 - A11 TL (ORG , BLK)",TL,Vivo,,,30500,5,,30500,38000,37000,2,1 Month Warranty ,Box1,Active (ရောင်းမည်),Products_Images/OP-A12-TL-ORG -BLK.Images.054645.jpg,🆕 အသစ်/မရောင်းရသေး
Accessories,DENMEN,D20C,No,CB,WHT,DENMEN-D20C-CB-WHT,DENMEN-D20C-CB-WHT,DENMEN D20C - NO CB (WHT),Cable,DENMEN,,,1500,5,,1500,3000,3000,2,1 Month Warranty ,Sin4,Active (ရောင်းမည်),Products_Images/DENMEN-D20C-CB-WHT.Images.072242.jpg,🆕 အသစ်/မရောင်းရသေး
Accessories,YK,R-15,No,EP,WHT,YK-R15-EP-WHT,YK-R15-EP-WHT,YK R15 - NO EP (WHT),Earphones,YK,,,3500,4,3,3500,5000,6000,2,1 Month Warranty ,Sin4,Active (ရောင်းမည်),Products_Images/YK-R15-EP-WHT.Images.072813.jpg,🆕 အသစ်/မရောင်းရသေး
Accessories,ETB,U43,NO,EP,BLK,ETB-U43-EP-BLK,ETB-U43-EP-BLK,ETB U43 - NO EP (BLK),Earphones,ETB,,,1580,5,3,1580,5000,4000,2,1 Month Warranty ,Sin4,Active (ရောင်းမည်),Products_Images/ETB-U43-EP-BLK.Images.073451.jpg,🛒 အရောင်းပါး
Accessories,HW,A-90S,No,CHS,WHT,HW-A-90S-CHS-WHT,HW-A-90S-CHS-WHT,HW A-90S - NO CHS (WHT),Charger set,HUAWEI,,,5500,4,,5500,8000,8000,2,1 Month Warranty ,Sin4,Active (ရောင်းမည်),Products_Images/HW-A-90S-CHS-WHT.Images.073752.jpg,🆕 အသစ်/မရောင်းရသေး
Accessories,Sports,S3000,No,EP,ORG,Sports-S3000-EP-ORG,Sports-S3000-EP-ORG,SPORTS S3000 - NO EP (ORG),Earphones,SPORT,,,2500,3,,2500,5000,4000,2,1 Month Warranty ,Sin4,Active (ရောင်းမည်),Products_Images/Sports-S3000-EP-ORG.Images.074503.jpg,🆕 အသစ်/မရောင်းရသေး
Accessories,Sports,X33,No,EP,ORG,Sports-X33-EP-ORG,Sports-X33-EP-ORG,SPORTS X33 - NO EP (ORG),Earphones,SPORT,,,2550,2,,2550,6000,5000,2,1 Month Warranty ,Sin4,Active (ရောင်းမည်),Products_Images/Sports-X33-EP-ORG.Images.074645.jpg,🆕 အသစ်/မရောင်းရသေး
Accessories,STEREO,D21,No,EP,ORG,STEREO-D21-EP-ORG,STEREO-D21-EP-ORG,STEREO D21 - NO EP (ORG),Earphones,STEREO,,,2150,1,,2150,5000,5000,2,1 Month Warranty ,Sin4,Active (ရောင်းမည်),Products_Images/STEREO-D21-EP-ORG.Images.074917.jpg,🆕 အသစ်/မရောင်းရသေး
Accessories,9DSte,D20,No,EP,WHT,9DSte-D20-EP-WHT,9DSte-D20-EP-WHT,9DSTE D20 - NO EP (WHT),Earphones,9D,,,1250,1,,1250,5000,5000,2,1 Month Warranty ,Sin4,Active (ရောင်းမည်),Products_Images/9DSte-D20-EP-WHT.Images.075146.jpg,🆕 အသစ်/မရောင်းရသေး
Accessories,YOODEX,A10,NO,CHS,,YOODEX-A10-CHS,YOODEX-A10-CHS,YOODEX A10 - NO CHS,Charger set,YD,,,2580,2,,2580,8000,5500,2,1 Month Warranty ,Sin4,Active (ရောင်းမည်),Products_Images/YOODEX-A10-CHS.Images.081412.jpg,🆕 အသစ်/မရောင်းရသေး
Accessories,YK,R1,No,EP,WHT,YK-R1-EP-WHT,YK-R1-EP-WHT,YK R1 - NO EP (WHT),Earphones,YK,,,2500,1,,2500,5000,5000,2,1 Month Warranty ,Sin4,Active (ရောင်းမည်),Products_Images/YK-R1-EP-WHT.Images.081806.jpg,🆕 အသစ်/မရောင်းရသေး
Accessories,Huang,DC5V,No,CHS,WHT,Huang-DC5V-CHS-WHT,Huang-DC5V-CHS-WHT,HUANG DC5V - NO CHS (WHT),Charger set,Huang,,,4500,1,,4500,8000,7000,2,1 Month Warranty ,Sin4,Active (ရောင်းမည်),Products_Images/Huang-DC5V-CHS-WHT.Images.082010.jpg,🆕 အသစ်/မရောင်းရသေး
Accessories,REMAX,K02,No,Mic,WHT,REMAX-K02-Mic-WHT,REMAX-K02-Mic-WHT,REMAX K02 - NO MIC (WHT),Mic,REMAX,,,30000,1,,30000,40000,39000,2,1 Month Warranty ,Sin4,Active (ရောင်းမည်),Products_Images/REMAX-K02-Mic-WHT.Images.082312.jpg,🆕 အသစ်/မရောင်းရသေး
Accessories,VdM,D50L,No,CB,,VdM-D50L-CB,VdM-D50L-CB,VDM D50L - NO CB,Cable,VDM,,,2500,3,,2500,3000,3000,2,1 Month Warranty ,Sin4,Active (ရောင်းမည်),Products_Images/VdM-D50L-CB.Images.082520.jpg,🆕 အသစ်/မရောင်းရသေး
Accessories,5a,A-004,No,BC,WHT,5a-A-004-BC-WHT,5a-A-004-BC-WHT,5A A-004 - NO BC (WHT),Cable,DAC,,,2800,2,,2800,3000,3000,2,1 Month Warranty ,Sin4,Active (ရောင်းမည်),Products_Images/5a-A-004-BC-WHT.Images.082753.jpg,🆕 အသစ်/မရောင်းရသေး
Accessories,5G Epoch,C-930,No,CB,WHT,5G Epoch-C-930-CB-WHT,5G Epoch-C-930-CB-WHT,5G EPOCH C-930 - NO CB (WHT),Cable,5GEp,,,2500,1,,2500,6000,5000,2,1 Month Warranty ,Sin4,Active (ရောင်းမည်),Products_Images/5G Epoch-C-930-CB-WHT.Images.083005.jpg,🆕 အသစ်/မရောင်းရသေး
Accessories,reaimi,E25,No,EP,ORG,reaimi-E25-EP-ORG,reaimi-E25-EP-ORG,REAIMI E25 - NO EP (ORG),Earphones,Reaimi,,,2580,2,,2580,5000,5000,2,1 Month Warranty ,Sin4,Active (ရောင်းမည်),Products_Images/reaimi-E25-EP-ORG.Images.083704.jpg,🆕 အသစ်/မရောင်းရသေး
Accessories,Kmib,MIBI-S9,No,EP,WHT,Kmib-MIBI-S9-EP-WHT,Kmib-MIBI-S9-EP-WHT,KMIB MIBI-S9 - NO EP (WHT),Earphones,Kmib,,,3200,1,,3200,6000,5000,2,1 Month Warranty ,Sin4,Active (ရောင်းမည်),Products_Images/Kmib-MIBI-S9-EP-WHT.Images.084122.jpg,🆕 အသစ်/မရောင်းရသေး
Accessories,DENMEN,DC06M,No,CH,WHT,DENMEN-DC06M-CH-WHT,DENMEN-DC06M-CH-WHT,DENMEN DC06M - NO CH (WHT),Charger,DENMEN,,,2500,2,,2500,8000,5000,2,1 Month Warranty ,Sin4,Active (ရောင်းမည်),Products_Images/DENMEN-DC06M-CH-WHT.Images.090653.jpg,🆕 အသစ်/မရောင်းရသေး
Accessories,TDK,S6,No,EP,BLK,TDK-S6-EP-BLK,TDK-S6-EP-BLK,TDK S6 - NO EP (BLK),Earphones,TDK,,,1500,1,,1500,6000,5000,2,1 Month Warranty ,Sin4,Active (ရောင်းမည်),Products_Images/TDK-S6-EP-BLK.Images.014016.jpg,🆕 အသစ်/မရောင်းရသေး
Accessories,YK,R12,No,EP,WHT,YK-R12-EP-WHT,YK-R12-EP-WHT,YK R12 - NO EP (WHT),Earphones,YK,,,2500,1,,2500,6000,5000,2,1 Month Warranty ,Sin4,Active (ရောင်းမည်),Products_Images/YK-R12-EP-WHT.Images.014025.jpg,🆕 အသစ်/မရောင်းရသေး
Accessories,EPH,L29,No,EP,BLK,EPH-L29-EP-BLK,EPH-L29-EP-BLK,EPH L29 - NO EP (BLK),Earphones,EAP,,,2500,1,,2500,5000,5000,2,1 Month Warranty ,Sin4,Active (ရောင်းမည်),Products_Images/EPH-L29-EP-BLK.Images.014038.jpg,🆕 အသစ်/မရောင်းရသေး
Accessories,reaimi,E36,No,EP,WHT,reaimi-E36-EP-WHT,reaimi-E36-EP-WHT,REAIMI E36 - NO EP (WHT),Earphones,Reaimi,,,2580,1,,2580,5000,5000,2,1 Month Warranty ,Sin4,Active (ရောင်းမည်),Products_Images/reaimi-E36-EP-WHT.Images.055757.jpg,🆕 အသစ်/မရောင်းရသေး
Accessories,DENMEN,DR06,No,EP,WHT,DENMEN-DR06-EP-WHT,DENMEN-DR06-EP-WHT,DENMEN DR06 - NO EP (WHT),Earphones,,,,2500,1,,2500,5000,5000,2,1 Month Warranty ,Sin4,Active (ရောင်းမည်),Products_Images/DENMEN-DR06-EP-WHT.Images.055907.jpg,🆕 အသစ်/မရောင်းရသေး
Accessories,OTH,F-64,No,CB,WHT,OTH-F-64-CB-WHT,OTH-F-64-CB-WHT,OTH F-64 - NO CB (WHT),Cable,OTHER,,,2500,2,,2500,3000,3000,2,1 Month Warranty ,Sin4,Active (ရောင်းမည်),Products_Images/OTH-F-64-CB-WHT.Images.061152.jpg,🆕 အသစ်/မရောင်းရသေး
Accessories,REVO,RC801T,No,CHS,WHT,REVO-RC801T-CHS-WHT,REVO-RC801T-CHS-WHT,REVO RC801T - NO CHS (WHT),Charger set,REVO,,,5000,1,,5000,8000,5000,2,1 Month Warranty ,Sin4,Active (ရောင်းမည်),Products_Images/REVO-RC801T-CHS-WHT.Images.061932.jpg,🆕 အသစ်/မရောင်းရသေး
Accessories,OTH,C18,No,CHS,WHT,OTH-C18-CHS-WHT,OTH-C18-CHS-WHT,OTH C18 - NO CHS (WHT),Charger set,OTHER,,,25000,2,,25000,8000,5000,2,1 Month Warranty ,Sin4,Active (ရောင်းမည်),Products_Images/OTH-C18-CHS-WHT.Images.062322.jpg,🆕 အသစ်/မရောင်းရသေး
CCTV,IMOU,RANGER2pro,No,INDOOR,WHT,IMOU-RANGER2pro-INDOOR-WHT,IMOU-RANGER2pro-INDOOR-WHT,IMOU RANGER2PRO - NO INDOOR (WHT),CCTV,IMOU,,,155000,,3,151167,220000,200000,2,1 Month Warranty ,Sin1,Active (ရောင်းမည်),Products_Images/IMOU-RANGER2pro-INDOOR-WHT.Images.012257.jpg,🔥 အရောင်းကောင်း
CCTV,HIK,Powersupply,No,Supply,WHT,HIK-Powersupply-Supply-WHT,HIK-Powersupply-Supply-WHT,HIK POWERSUPPLY - NO SUPPLY (WHT),CCTV,HIk,,,75000,,2,70000,125000,12000,2,1 Month Warranty ,Sin1,Active (ရောင်းမည်),Products_Images/HIK-Powersupply-Supply-WHT.Images.012851.jpg,🛒 အရောင်းပါး
CCTV,DAHUA,OUDOOR,No,CCTV,WHT,DAHUA-OUDOOR-CCTV-WHT,DAHUA-OUDOOR-CCTV-WHT,DAHUA OUDOOR - NO CCTV (WHT),CCTV,DAHUA,,,77000,0,2,77000,125000,120000,2,1 Month Warranty ,Sin1,Active (ရောင်းမည်),Products_Images/DAHUA-OUDOOR-CCTV-WHT.Images.012902.jpg,🛒 အရောင်းပါး
Spare Part,RM,6/6a,No,TS,BLK,RM-6/6a-TS-BLK,RM-6/6a-TS-BLK,RM 6/6A - NO TS (BLK),TOUCH,Xiaomi,,,6000,0,4,6000,8000,7000,2,1 Month Warranty ,Box1,Active (ရောင်းမည်),,🛒 အရောင်းပါး
Spare Part,VV,S1pro,No,TL,"ORG , BLK",VV-S1pro-TL-ORG -BLK,VV-S1pro-TL-ORG -BLK,"VV S1PRO - NO TL (ORG , BLK)",TL,Vivo,,,96500,,0,96500,160000,155000,2,1 Month Warranty ,Box1,Active (ရောင်းမည်),,🆕 အသစ်/မရောင်းရသေး
Spare Part,SS,A31,No,TL,"ORG , BLK",SS-A31-TL-ORG -BLK,SS-A31-TL-ORG -BLK,"SS A31 - NO TL (ORG , BLK)",TL,SAMSUNG,,,88500,0,2,88500,105000,100000,2,1 Month Warranty ,Box1,Active (ရောင်းမည်),,🛒 အရောင်းပါး
Accessories,SS,64GB,NO,SD,ORG,SS-64GB-SD-ORG,SS-64GB-SD-ORG,SS 64GB - NO SD (ORG),Memory Card,SAMSUNG,,,32500,,1,33675,65000,64000,2,1 Month Warranty ,Sin3,Active (ရောင်းမည်),Products_Images/SS-64GB-SD-ORG.Images.083240.jpg,🔥 အရောင်းကောင်း
Spare Part,OP,A33w,No,TL,"ORG , WHT",OP-A33w-TL-ORG -WHT,OP-A33w-TL-ORG -WHT,"OP A33W - NO TL (ORG , WHT)",TL,OPPO,,,33900,0,2,33900,37000,36000,2,1 Month Warranty ,Box1,Active (ရောင်းမည်),,🆕 အသစ်/မရောင်းရသေး
Spare Part,HW,Y6ii,No,TL,GLD,HW-Y6ii-TL-GLD,HW-Y6ii-TL-GLD,HW Y6II - NO TL (GLD),TL,HUAWEI,,,39000,0,1,39000,43000,42000,2,1 Month Warranty ,Box1,Active (ရောင်းမည်),,🆕 အသစ်/မရောင်းရသေး
Spare Part,RM,6/6A,No,USB FIX,ORG,RM-6/6A-USB FIX-ORG,RM-6/6A-USB FIX-ORG,RM 6/6A - NO USB FIX (ORG),USB FIX,Xiaomi,,,3700,0,3,3700,8000,7000,2,1 Month Warranty ,Box1,Active (ရောင်းမည်),,🆕 အသစ်/မရောင်းရသေး
Spare Part,IF,Hot40i,No,USB FIX,ORG,IF-Hot40i-USB FIX-ORG,IF-Hot40i-USB FIX-ORG,IF HOT40I - NO USB FIX (ORG),USB FIX,INFINIX,,,4000,0,1,4000,8000,7000,2,1 Month Warranty ,Box1,Active (ရောင်းမည်),,🆕 အသစ်/မရောင်းရသေး
Accessories,HC,H300,No,CHS,"TC , MC",HC-H300-CHS-ORG,HC-H300-CHS-TC-MC,"HC H300 - NO CHS (TC,MC)",Charger set,HC,,,13000,0,3,13000,18000,17000,2,1 Month Warranty ,B-1,Active (ရောင်းမည်),Products_Images/HC-H300-CHS-ORG.Images.072354.jpg,🆕 အသစ်/မရောင်းရသေး
Accessories,ANT,400,No,CHS,MC,ANT-400-CHS-MC,ANT-400-CHS-MC,ANT 400 - NO CHS (MC),Charger set,ANTCLAN,,,8500,0,3,850,14000,13000,2,1 Month Warranty ,B-1,Active (ရောင်းမည်),Products_Images/ANT-400-CHS-MC.Images.073229.jpg,🆕 အသစ်/မရောင်းရသေး
Accessories,UW,S85,No,PB,(10000mAh),UW-S85-PB-(10000mAh),UW-S85-PB-(10000mAh),UW S85 - NO PB ((10000MAH)),PowerBank,UWINN,,,43000,0,1,43000,61000,,2,1 Month Warranty ,B-1,Active (ရောင်းမည်),Products_Images/UW-S85-PB-(10000mAh).Images.073939.jpg,🆕 အသစ်/မရောင်းရသေး
Accessories,AB,A19,No,CHS,TC,AB-A19-CHS-TC,AB-A19-CHS-TC,AB A19 - NO CHS (TC),Charger set,AB,,,7950,0,3,7950,17000,16000,2,1 Month Warranty ,B-1,Active (ရောင်းမည်),Products_Images/AB-A19-CHS-TC.Images.073943.jpg,🆕 အသစ်/မရောင်းရသေး
Accessories,UW,3C-D106,No,PB,(20000mAh),UW-3C-D106-PB-(20000mAh),UW-3C-D106-PB-(20000mAh),UW 3C-D106 - NO PB ((20000MAH)),PowerBank,UWINN,,,32000,0,0,32000,59000,,2,1 Month Warranty ,B-1,Active (ရောင်းမည်),Products_Images/UW-3C-D106-PB-(20000mAh).Images.074606.jpg,🛒 အရောင်းပါး
Accessories,BVT,X20,No,PB,(10000mAh),BVT-X20-PB-(10000mAh),BVT-X20-PB-(10000mAh),BVT X20 - NO PB ((10000MAH)),PowerBank,Baivati,,,46000,0,1,46000,59000,57000,2,1 Month Warranty ,B-1,Active (ရောင်းမည်),Products_Images/BVT-X20-PB-(10000mAh).Images.075250.jpg,🆕 အသစ်/မရောင်းရသေး
Accessories,BVT,X10,No,PB,(10000mAh),BVT-X10-PB-(10000mAh),BVT-X10-PB-(10000mAh),BVT X10 - NO PB ((10000MAH)),PowerBank,Baivati,,,41000,0,1,41000,52000,50000,2,1 Month Warranty ,B-1,Active (ရောင်းမည်),Products_Images/BVT-X10-PB-(10000mAh).Images.080009.jpg,🆕 အသစ်/မရောင်းရသေး
Accessories,BVT,X30,No,PB,(20000mAh),BVT-X30-PB-(20000mAh),BVT-X30-PB-(20000mAh),BVT X30 - NO PB ((20000MAH)),PowerBank,Baivati,,,62000,0,1,62000,79000,,2,1 Month Warranty ,B-1,Active (ရောင်းမည်),Products_Images/BVT-X30-PB-(20000mAh).Images.075902.jpg,🆕 အသစ်/မရောင်းရသေး
Accessories,BVT,X9,No,PB,(20000mAh),BVT-X9-PB-(20000mAh),BVT-X9-PB-(20000mAh),BVT X9 - NO PB ((20000MAH)),PowerBank,Baivati,,,56000,0,1,56000,71000,,2,1 Month Warranty ,B-1,Active (ရောင်းမည်),Products_Images/BVT-X9-PB-(20000mAh).Images.075905.jpg,🆕 အသစ်/မရောင်းရသေး
Accessories,RM,N13pro,No,CV,ORG,RM-N13pro-CV-ORG,RM-N13pro-CV-ORG,RM N13PRO - NO CV (ORG),COVER,REDMI,,,2350,2,,2350,7000,6000,2,1 Month Warranty ,Sin1,Active (ရောင်းမည်),,🆕 အသစ်/မရောင်းရသေး
Accessories,RM,N30pro,No,CV,ORG,RM-N30pro-CV-ORG,RM-N30pro-CV-ORG,RM N30PRO - NO CV (ORG),COVER,REDMI,,,2580,2,1,2580,7000,6000,2,1 Month Warranty ,Sin3,Active (ရောင်းမည်),,🛒 အရောင်းပါး
Service Tools,VV,S890/Y511,No,USB,ORG,VV-S890/Y511-USB-ORG,VV-S890/Y511-USB-ORG,VV S890/Y511 - NO USB (ORG),USB,Vivo,,,400,0,100,400,800,700,2,1 Month Warranty ,Sin5,Active (ရောင်းမည်),,🆕 အသစ်/မရောင်းရသေး
Service Tools,HW,G610/P6/730,No,USB,ORG,HW-G610/P6/730-USB-ORG,HW-G610/P6/730-USB-ORG,HW G610/P6/730 - NO USB (ORG),USB,HUAWEI,,,500,0,50,500,1000,900,2,1 Month Warranty ,Sin5,Active (ရောင်းမည်),,🆕 အသစ်/မရောင်းရသေး
Service Tools,VV,X3L/V3/Y51,No,USB,ORG,VV-X3L/V3/Y51-USB-ORG,VV-X3L/V3/Y51-USB-ORG,VV X3L/V3/Y51 - NO USB (ORG),USB,Vivo,,,400,0,30,400,800,700,2,1 Month Warranty ,Sin5,Active (ရောင်းမည်),,🆕 အသစ်/မရောင်းရသေး
Service Tools,RM,Note5A,No,USB,ORG,RM-Note5A-USB-ORG,RM-Note5A-USB-ORG,RM NOTE5A - NO USB (ORG),USB,Xiaomi,,,500,0,49,500,1000,900,2,1 Month Warranty ,Sin5,Active (ရောင်းမည်),,🆕 အသစ်/မရောင်းရသေး
Service Tools,VV,Y3/V5/Y81/6 plus,No,USB,ORG,VV-Y3/V5/Y81/6 plus-USB-ORG,VV-Y3/V5/Y81/6 plus-USB-ORG,VV Y3/V5/Y81/6 PLUS - NO USB (ORG),USB,Vivo,,,400,0,50,400,800,700,2,1 Month Warranty ,Sin5,Active (ရောင်းမည်),,🆕 အသစ်/မရောင်းရသေး
Spare Part,OP,C21Y,No,TL,BLK,OP-C21Y-TL-BLK,OP-C21Y-TL-BLK,OP C21Y - NO TL (BLK),TL,REALME,,,35000,0,0,35000,40000,39000,2,1 Month Warranty ,Box1,Active (ရောင်းမည်),,🆕 အသစ်/မရောင်းရသေး
Service Tools,RM,9A/Ss A01,No,USB,ORG,RM-9A/Ss A01-USB-ORG,RM-9A/Ss A01-USB-ORG,RM 9A/SS A01 - NO USB (ORG),USB,Xiaomi,,,400,0,50,400,800,700,2,1 Month Warranty ,Sin5,Active (ရောင်းမည်),,🆕 အသစ်/မရောင်းရသေး
Spare Part,IF,Note12,No,TL,BLK,IF-Note12-TL-BLK,IF-Note12-TL-BLK,IF NOTE12 - NO TL (BLK),TL,INFINIX,,,46600,0,2,46600,55000,54000,2,1 Month Warranty ,Box1,Active (ရောင်းမည်),,🆕 အသစ်/မရောင်းရသေး
Spare Part,SS,A20(FRM),No,TL,BLK,SS-A20(FRM)-TL-BLK,SS-A20(FRM)-TL-BLK,SS A20(FRM) - NO TL (BLK),TL,SAMSUNG,,,43500,0,2,43500,58000,56000,2,1 Month Warranty ,Box1,Active (ရောင်းမည်),,🆕 အသစ်/မရောင်းရသေး
Spare Part,IT,A48,No,TL,"MA , BLK",IT-A48-TL-MA -BLK,IT-A48-TL-MA -BLK,"IT A48 - NO TL (MA , BLK)",TL,ITEL,,,31800,0,0,31800,38000,37000,2,1 Month Warranty ,Box1,Active (ရောင်းမည်),,🆕 အသစ်/မရောင်းရသေး
Spare Part,SS,A24/5G(FRM),No,TL,"AAA , BLK",SS-A24/5G(FRM)-TL-AAA -BLK,SS-A24/5G(FRM)-TL-AAA -BLK,"SS A24/5G(FRM) - NO TL (AAA , BLK)",TL,SAMSUNG,,,46600,0,0,46600,55000,54000,2,1 Month Warranty ,Box1,Active (ရောင်းမည်),,🆕 အသစ်/မရောင်းရသေး
CCTV,HOCO,SD,No,SD,BLU,HOCO-SD-SD-BLU,HOCO-SD-SD-BLU,HOCO SD - NO SD (BLU),Memory Card,Hoco,,,42000,1,0,42000,65000,64000,2,1 Month Warranty ,Box1,Active (ရောင်းမည်),Products_Images/HOCO-SD-SD-BLU.Images.104511.jpg,🛒 အရောင်းပါး
Spare Part,SS,A05,No,TL,BLK,SS-A05-TL-BLK,SS-A05-TL-BLK,SS A05 - NO TL (BLK),TL,SAMSUNG,,,32500,0,1,30750,38000,36000,2,1 Month Warranty ,Box1,Active (ရောင်းမည်),,🆕 အသစ်/မရောင်းရသေး
Spare Part,RM,BM5A,No,BT,BLK,RM-BM5A-BT-BLK,RM-BM5A-BT-BLK,RM BM5A - NO BT (BLK),Battery,Xiaomi,,,31000,0,1,31000,36000,35000,2,1 Month Warranty ,Box1,Active (ရောင်းမည်),,🛒 အရောင်းပါး
Accessories,ANT,200,No,CHS,MC,ANT-200-CHS-MC,ANT-200-CHS-MC,ANT 200 - NO CHS (MC),Charger set,ANTCLAN,,,8600,0,9,8600,13000,12000,2,1 Month Warranty ,Box1,Active (ရောင်းမည်),,🛒 အရောင်းပါး
Spare Part,OP,Neo7,A33w,TL,WHT,OP-Neo7-TL-WHT,OP-Neo7-TL-WHT,OP NEO7 - A33W TL (WHT),TL,OPPO,,,20000,2,3,17000,37000,35000,2,1 Month Warranty ,Box1,Active (ရောင်းမည်),,🛒 အရောင်းပါး
,,,,,,,,,,,,,,,,,,,,,,,,
Accessories,SS,128GB,No,SD,ORG,SS-128GB-SD-ORG,SS-128GB-SD-ORG,SS 128GB - NO SD (ORG),Memory Card,SAMSUNG,,,45000,5,4,45000,125000,124000,2,1 Month Warranty ,Sin3,Active (ရောင်းမည်),,🛒 အရောင်းပါး
Spare Part,VV,Y27,No,TL,BLK,VV-Y27-TL-BLK,VV-Y27-TL-BLK,VV Y27 - NO TL (BLK),TL,Vivo,,,32000,0,1,32000,39000,38000,2,1 Month Warranty ,Box1,Active (ရောင်းမည်),,🆕 အသစ်/မရောင်းရသေး
Spare Part,TN,Sp6go,No,USB FIX,GLD,TN-Sp6go-USB FIX-GLD,TN-Sp6go-USB FIX-GLD,TN SP6GO - NO USB FIX (GLD),USB FIX,TECNO,,,3000,,1,3000,12000,10000,2,1 Month Warranty ,Box1,Active (ရောင်းမည်),,🆕 အသစ်/မရောင်းရသေး
Spare Part,VV,Y71,No,TL,"BLK , WHT",VV-Y71-TL-BLK -WHT,VV-Y71-TL-BLK -WHT,"VV Y71 - NO TL (BLK , WHT)",TL,Vivo,,,30000,4,4,28611,37000,36000,2,1 Month Warranty ,Sin3,Active (ရောင်းမည်),,✅ ပုံမှန်
,,,,,,,,,,,,,,,,,,,,,,,,
Spare Part,RM,note9/10x4g,No,TL,BLK,RM-RM note9/10x4g-TL-BLK,RM-RM note9/10x4g-TL-BLK,RM RM NOTE9/10X4G - NO TL (BLK),TL,Xiaomi,,,31000,2,,31000,37000,36000,2,1 Month Warranty ,Sin3,Active (ရောင်းမည်),,🆕 အသစ်/မရောင်းရသေး
Spare Part,RM,RM N9/10x4g,No,TL,BLK,RM-RM N9/10x4g-TL-BLK,RM N9/10x4g-TL-BLK,RM N9/10X4G - NO TL (BLK),TL,Xiaomi,,,31000,2,1,31000,37000,36000,2,1 Month Warranty ,Sin3,Active (ရောင်းမည်),,🆕 အသစ်/မရောင်းရသေး
,,,,,,,,,,,,,,,,,,,,,,,,
Spare Part,RM,K30,No,TL,BLK,RM-K30-TL-BLK,RM-K30-TL-BLK,RM K30 - NO TL (BLK),TL,Xiaomi,,,39000,2,2,39000,47000,46000,2,1 Month Warranty ,Sin3,Active (ရောင်းမည်),,🛒 အရောင်းပါး
Spare Part,IP,6G,No,TS,BLK,IP-6G-TS-BLK,IP-6G-TS-BLK,IP 6G - NO TS (BLK),GLASS,IPHONE,,,6000,4,,6000,11000,10000,2,1 Month Warranty ,Box1,Active (ရောင်းမည်),,🆕 အသစ်/မရောင်းရသေး
Spare Part,IP,6G,No,TS,WHT,IP-6G-TS-WHT,IP-6G-TS-WHT,IP 6G - NO TS (WHT),GLASS,IPHONE,,,6000,10,,6000,11000,10000,2,1 Month Warranty ,Box1,Active (ရောင်းမည်),,🆕 အသစ်/မရောင်းရသေး
Spare Part,IP,7G,No,TS,BLK,IP-7G-TS-BLK,IP-7G-TS-BLK,IP 7G - NO TS (BLK),GLASS,IPHONE,,,8000,5,,8000,11000,10000,2,1 Month Warranty ,Box1,Active (ရောင်းမည်),,🆕 အသစ်/မရောင်းရသေး
Spare Part,IP,7G,No,TS,WHT,IP-7G-TS-WHT,IP-7G-TS-WHT,IP 7G - NO TS (WHT),GLASS,IPHONE,,,8000,1,,8000,11000,10000,2,1 Month Warranty ,Box1,Active (ရောင်းမည်),,🆕 အသစ်/မရောင်းရသေး
Spare Part,IP,8G,No,TS,BLK,IP-8G-TS-BLK,IP-8G-TS-BLK,IP 8G - NO TS (BLK),GLASS,IPHONE,,,9000,2,,9000,15000,14000,2,1 Month Warranty ,Box1,Active (ရောင်းမည်),,🆕 အသစ်/မရောင်းရသေး
Spare Part,IP,8G,No,TS,WHT,IP-8G-TS-WHT,IP-8G-TS-WHT,IP 8G - NO TS (WHT),GLASS,IPHONE,,,9000,1,,9000,15000,14000,2,1 Month Warranty ,Box1,Active (ရောင်းမည်),,🆕 အသစ်/မရောင်းရသေး
Spare Part,IF,SMART HD,No,TL,BLK,IF-SMART HD-TL-BLK,IF-SMART HD-TL-BLK,IF SMART HD - NO TL (BLK),TL,INFINIX,,,38200,0,0,38200,45000,43000,2,1 Month Warranty ,Box1,Active (ရောင်းမည်),,🆕 အသစ်/မရောင်းရသေး
CCTV,DAHUA,BALUN,No,CCTV,BLK,DAHUA-BALUN-CCTV-BLK,DAHUA-BALUN-CCTV-BLK,DAHUA BALUN - NO CCTV (BLK),CCTV,DAHUA,,,10000,0,8,10000,18000,17000,2,1 Month Warranty ,Sin6,Active (ရောင်းမည်),Products_Images/DAHUA-BALUN-CCTV-BLK.Images.013803.jpg,🛒 အရောင်းပါး
Spare Part,HW,Nova3i,No,BC,BLU,HW-Nova3i-BC-BLU,HW-Nova3i-BC-BLU,HW NOVA3I - NO BC (BLU),BACK COVER,HUAWEI,,,5000,0,1,5000,12000,11000,2,1 Month Warranty ,Box1,Active (ရောင်းမည်),,🆕 အသစ်/မရောင်းရသေး
Spare Part,HW,Nova3i,No,BC,BLK,HW-Nova3i-BC-BLK,HW-Nova3i-BC-BLK,HW NOVA3I - NO BC (BLK),BACK COVER,HUAWEI,,,4000,0,1,4000,12000,11000,2,1 Month Warranty ,Box1,Active (ရောင်းမည်),,🆕 အသစ်/မရောင်းရသေး
Spare Part,OP,F5,No,TL,BLK,OP-F5-TL-BLK,OP-F5-TL-BLK,OP F5 - NO TL (BLK),TL,OPPO,,,30000,2,0,30000,38000,37000,2,1 Month Warranty ,Box1,Active (ရောင်းမည်),,🛒 အရောင်းပါး
Spare Part,OTH,ခဲရှင်းကြိုး,No,ST,BLK,OTH-ခဲရှင်းကြိုး-ST-BLK,OTH-ခဲရှင်းကြိုး-ST-BLK,OTH ခဲရှင်းကြိုး - NO ST (BLK),ခဲရှင်းကြိုး,OTHER,,,4000,4,2,4000,8000,70000,2,1 Month Warranty ,Box1,Active (ရောင်းမည်),,🛒 အရောင်းပါး
Spare Part,RM,N11e,No,TL,BLK,RM-N11e-TL-BLK,RM-N11e-TL-BLK,RM N11E - NO TL (BLK),TL,Xiaomi,,,33000,2,,33000,44000,43000,2,1 Month Warranty ,Box1,Active (ရောင်းမည်),,🆕 အသစ်/မရောင်းရသေး
Spare Part,RM,N9/10x(4G),No,BC,Gray,RM-N9/10x(4G)-BC-Gray,RM-N9/10x(4G)-BC-Gray,RM N9/10X(4G) - NO BC (GRAY),BACK COVER,Xiaomi,,,7000,1,2,7000,6000,5000,2,1 Month Warranty ,Box1,Active (ရောင်းမည်),,🆕 အသစ်/မရောင်းရသေး
Spare Part,RM,RM6,No,TS,WHT,RM-RM6-TS-WHT,RM-RM6-TS-WHT,RM RM6 - NO TS (WHT),GLASS,Xiaomi,,,5200,3,5,5200,8000,7000,2,1 Month Warranty ,Box1,Active (ရောင်းမည်),,🛒 အရောင်းပါး
Spare Part,USB,Op A8 (2019),A35/A5s/A12/Realme3/5/Realme C2/A1k,USB,WHT,USB-Op A8 (2019)-USB-WHT,USB-Op A8 (2019)-USB-WHT,USB OP A8 (2019) - A35/A5S/A12/REALME3/5/REALME C2/A1K USB (WHT),USB,OPPO,,,500,50,100,500,400,300,2,1 Month Warranty ,Box1,Active (ရောင်းမည်),,🆕 အသစ်/မရောင်းရသေး
Spare Part,XM,Mi4,No,Power Swift,BLK,XM-Mi4-Power Swift-BLK,XM-Mi4-Power Swift-BLK,XM MI4 - NO POWER SWIFT (BLK),Power Swift,Xiaomi,,,600,30,60,600,500,400,2,1 Month Warranty ,Box1,Active (ရောင်းမည်),,🆕 အသစ်/မရောင်းရသေး
Spare Part,OP,R9,No,Power Swift,BLK,OP-R9-Power Swift-BLK,OP-R9-Power Swift-BLK,OP R9 - NO POWER SWIFT (BLK),Power Swift,OPPO,,,600,10,20,600,500,400,2,1 Month Warranty ,Box1,Active (ရောင်းမည်),,🆕 အသစ်/မရောင်းရသေး
Spare Part,OP,R9,No,Power Swift,WHT,OP-R9-Power Swift-WHT,OP-R9-Power Swift-WHT,OP R9 - NO POWER SWIFT (WHT),Power Swift,OPPO,,,600,0,10,600,500,400,2,1 Month Warranty ,Box1,Active (ရောင်းမည်),,🆕 အသစ်/မရောင်းရသေး
Spare Part,HW,G730,No,Power Swift,WHT,HW-G730-Power Swift-WHT,HW-G730-Power Swift-WHT,HW G730 - NO POWER SWIFT (WHT),Power Swift,HUAWEI,,,600,10,20,600,500,400,2,1 Month Warranty ,Box1,Active (ရောင်းမည်),,🆕 အသစ်/မရောင်းရသေး
Spare Part,RM,N9s,N9pro,TL,BLK,RM-9s-TL-BLK,RM-N9s-TL-BLK,RM 9S - N9PRO TL (BLK),TL,REDMI,,,33000,,2,33000,39000,38000,2,1 Month Warranty ,Box1,Active (ရောင်းမည်),,🆕 အသစ်/မရောင်းရသေး
Accessories,Falcon,Falcon,No,Falcon,Yellow,Falcon-Falcon-Falcon-Yellow,Falcon-Falcon-Falcon-Yellow,FALCON FALCON - NO FALCON (YELLOW),Falcon,Falcon,,,14000,0,40,14000,15000,14000,2,1 Month Warranty ,Box1,Active (ရောင်းမည်),,🆕 အသစ်/မရောင်းရသေး
Accessories,Falcon,Falcon 530,No,Falcon,Yellow,Falcon-Falcon 530-Falcon-Yellow,Falcon-Falcon 530-Falcon-Yellow,FALCON FALCON 530 - NO FALCON (YELLOW),Falcon,Falcon,,,14000,0,3,14000,15000,14000,2,1 Month Warranty ,Box1,Active (ရောင်းမည်),,🆕 အသစ်/မရောင်းရသေး
Spare Part,RM,Note13 4g,N14 -4g N14- 5g,TL,ORG,RM-Note13 4g-TL-ORG,RM-Note13 4g-TL-ORG,RM N13 4G N14 4G -5G TL (ORG),TL,Xiaomi,,,110000,0,-1,110000,125000,124000,2,1 Month Warranty ,Box1,Active (ရောင်းမည်),,🆕 အသစ်/မရောင်းရသေး
Accessories,ဓာတ်မီး,အားသွင်းဓာတ်မီး,No,ဓာတ်မီး,Green/Red,ဓာတ်မီး-အားသွင်းဓာတ်မီး-ဓာတ်မီး-Green/Red,ဓာတ်မီး-အားသွင်းဓာတ်မီး-ဓာတ်မီး-Green/Red,ဓာတ်မီး အားသွင်းဓာတ်မီး - NO ဓာတ်မီး (GREEN/RED),ဓာတ်မီး,ဓာတ်မီး,,,10000,4,2,10000,15000,14000,2,1 Month Warranty ,Box1,Active (ရောင်းမည်),Products_Images/ဓာတ်မီး-အားသွင်းဓာတ်မီး-ဓာတ်မီး-Green-Red.Images.010526.jpg,🛒 အရောင်းပါး
CCTV,NW,J45,No,CCTV,WHT,NW-J45-CCTV-WHT,NW-J45-CCTV-WHT,NW J45 - NO CCTV (WHT),CCTV,OTHER,,,700,0,100,700,2500,2000,2,1 Month Warranty ,Box1,Active (ရောင်းမည်),,🆕 အသစ်/မရောင်းရသေး
CCTV,OTH,DCခေါင်း,No,USB,BLK,OTH-DCခေါင်း-USB-BLK,OTH-DCခေါင်း-USB-BLK,OTH DCခေါင်း - NO USB (BLK),CCTV,OTHER,,,1500,0,20,1500,3000,2500,2,1 Month Warranty ,Box1,Active (ရောင်းမည်),,🆕 အသစ်/မရောင်းရသေး
CCTV,HIK,Outdoor,No,CCTV,WHT,HIK-Outdoor-CCTV-WHT,HIK-Outdoor-CCTV-WHT,HIK OUTDOOR - NO CCTV (WHT),CCTV,HIk,,,65000,2,2,73333,120000,115000,2,1 Month Warranty ,Sin1,Active (ရောင်းမည်),,🔥 အရောင်းကောင်း
Spare Part,HW,Nova Y70,Y71/Y72,TL,BLK,HW-Nova Y70-TL-BLK,HW-Nova Y70-TL-BLK,HW NOVA Y70 - Y71/Y72 TL (BLK),TL,HUAWEI,,,34500,0,0,34500,40000,39000,2,1 Month Warranty ,Box1,Active (ရောင်းမည်),,🆕 အသစ်/မရောင်းရသေး
Spare Part,HW,Y9(19),No,TL,BLK,HW-Y9(19)-TL-BLK,HW-Y9(19)-TL-BLK,HW Y9(19) - NO TL (BLK),TL,HUAWEI,,,48500,0,0,48500,54000,50000,2,1 Month Warranty ,Box1,Active (ရောင်းမည်),,🛒 အရောင်းပါး
Spare Part,VV,Y66,V5Lite,USB,BLK,VV-Y66-USB-BLK,VV-Y66-USB-BLK,VV Y66 - V5LITE USB (BLK),USB FIX,Vivo,,,2500,0,3,2500,3000,2500,2,1 Month Warranty ,Box1,Active (ရောင်းမည်),,🆕 အသစ်/မရောင်းရသေး
Spare Part,SS,A22(4G),A31/A315F/A32(4G),BT,WHT,SS-A22(4G)-BT-WHT,SS-A22(4G)-BT-WHT,SS A22(4G) - A31/A315F/A32(4G) BT (WHT),Battery,SAMSUNG,,,20500,0,0,20500,25000,24000,2,1 Month Warranty ,Box1,Active (ရောင်းမည်),,🛒 အရောင်းပါး
Spare Part,RM,N12,N12 4G/5G,TL,BLK,RM-N14/4G-TL-BLK,RM-N12,RM N12 4G 5G AMOLED,TL,Xiaomi,,,100000,0,1,112500,123000,123000,2,1 Month Warranty ,Box1,Active (ရောင်းမည်),,🆕 အသစ်/မရောင်းရသေး
Spare Part,RM,N,N,TL,BLK,RM-N13/4G-TL-BLK,RM-N,,TL,Xiaomi,,,,0,0,112500,2,,2,1 Month Warranty ,Box1,Active (ရောင်းမည်),,🛒 အရောင်းပါး
Spare Part,HW,Nova5i,NOVA5i-NOVA7i,TL,BLK,HW-Nova5i-TL-BLK,HW-Nova5i-TL-BLK,HW NOVA5I - 7I/P4LITE TL (BLK),TL,HUAWEI,,,31500,0,5,35667,41000,41000,2,1 Month Warranty ,Box1,Active (ရောင်းမည်),,🛒 အရောင်းပါး
Spare Part,RM,N11r,N11e/RM10/5G,USB FIX,BLK,RM-N11r-USB FIX-BLK,RM-N11r-USB FIX-BLK,RM N11R - N11E/RM10/5G USB FIX (BLK),USB FIX,Xiaomi,,,3500,,0,3500,5500,5400,2,1 Month Warranty ,Box1,Active (ရောင်းမည်),,🛒 အရောင်းပါး
Spare Part,RM,N13pro plus/4G,No,TL,BLK,RM-N13pro plus/4G-TL-BLK,RM-N13pro plus/4G-TL-BLK,RM N13PRO PLUS/4G - NO TL (BLK),TL,Xiaomi,,,148000,0,0,148000,150000,140000,2,1 Month Warranty ,Box1,Active (ရောင်းမည်),,🆕 အသစ်/မရောင်းရသေး
CCTV,DAHUA,Cat6,No,CB,ORG,DAHUA-Cat6-CB-ORG,DAHUA-Cat6-CB-ORG,DAHUA CAT6 - NO CB (ORG),Cable,DAHUA,,,470000,,-83,470000,2500,2400,2,1 Month Warranty ,B-1,Active (ရောင်းမည်),,🔥 အရောင်းကောင်း
Electronic,JEQANG,JW-7100,No,Keyboard,WHT,JEQANG-JW-7100-Keyboard-WHT,JEQANG-JW-7100-Keyboard-WHT,JEQANG JW-7100 - NO KEYBOARD (WHT),Keyboard,Jeqane,,,40800,0,2,41800,56000,55000,2,1 Month Warranty ,Box1,Active (ရောင်းမည်),,🆕 အသစ်/မရောင်းရသေး
Electronic,JEQANG,JB-986,No,Keyboard,WHT,JEQANG-JB-986-Keyboard-WHT,JEQANG-JB-986-Keyboard-WHT,JEQANG JB-986 - NO KEYBOARD (WHT),Keyboard,Jeqane,,,40800,0,1,40800,56000,55000,2,1 Month Warranty ,Box1,Active (ရောင်းမည်),,🆕 အသစ်/မရောင်းရသေး
Spare Part,VV,Y31,No,USB FIX,,VV-Y31-USB FIX,VV-Y31-USB FIX,VV Y31 - NO USB FIX,USB FIX,Vivo,,,2500,0,1,2500,8000,7000,2,1 Month Warranty ,Box1,Active (ရောင်းမည်),,🆕 အသစ်/မရောင်းရသေး
Spare Part,VV,Y51,No,USB FIX,,VV-Y51-USB FIX,VV-Y51-USB FIX,VV Y51 - NO USB FIX,USB FIX,Vivo,,,2500,0,0,2500,8000,7000,2,1 Month Warranty ,Box1,Active (ရောင်းမည်),,🛒 အရောင်းပါး
Spare Part,OP,A33,No,USB FIX,,OP-A33-USB FIX,OP-A33-USB FIX,OP A33 - NO USB FIX,USB FIX,OPPO,,,2500,0,2,2500,8000,7000,2,1 Month Warranty ,Box1,Active (ရောင်းမည်),,🆕 အသစ်/မရောင်းရသေး
Spare Part,VV,Y51,No,PW Key,,VV-Y51-PW Key,VV-Y51-PW Key,VV Y51 - NO PW KEY,PW Key,Vivo,,,800,0,2,800,7000,6000,2,1 Month Warranty ,Box1,Active (ရောင်းမည်),,🆕 အသစ်/မရောင်းရသေး
Spare Part,OP,A18,A17,BT,,OP-A18-BT,OP-A18-BT,OP A18 - A17 BT,Battery,OPPO,,,26000,1,1,26000,28000,28000,2,2 Month Warranty ,Box1,Active (ရောင်းမည်),,🆕 အသစ်/မရောင်းရသေး
Spare Part,RM,12(5G),No,BC,"BLK , WHT , BLU",RM-12/5g-BC-BLK -WHT -BLU,RM12(5g)-BC-BLK -WHT -BLU,"RM 12(5G) - NO BC (BLK , WHT , BLU)",BODY COVER,Xiaomi,,,6500,0,4,6500,13000,12000,2,1 Month Warranty ,Box1,Active (ရောင်းမည်),,🆕 အသစ်/မရောင်းရသေး
Spare Part,RM,N8,No,BC,"WHT , BLU",RM-N8-BC-WHT -BLU,RM-N8-BC-WHT -BLU,"RM N8 - NO BC (WHT , BLU)",BACK COVER,Xiaomi,,,5500,0,3,5500,12000,11000,2,1 Month Warranty ,Box1,Active (ရောင်းမည်),,🆕 အသစ်/မရောင်းရသေး
Spare Part,RM,K30/5g,No,BC,"BLU , Red/Purple",RM-K30/5g-BC-BLU -Red/Purple,RM-K30/5g-BC-BLU -Red/Purple,"RM K30/5G - NO BC (BLU , RED/PURPLE)",BACK COVER,Xiaomi,,,7500,0,4,7500,13000,12000,2,1 Month Warranty ,Box1,Active (ရောင်းမည်),,🛒 အရောင်းပါး
Spare Part,RM,N8pro,No,BC,"WHT , GLD , BLU , Copy",RM-N8pro-BC-WHT -GLD -BLU -Copy,RM-N8pro-BC-WHT -GLD -BLU -Copy,"RM N8PRO - NO BC (WHT , GLD , BLU , COPY)",BACK COVER,Xiaomi,,,6500,0,4,6500,13000,12000,2,1 Month Warranty ,Box1,Active (ရောင်းမည်),,🆕 အသစ်/မရောင်းရသေး
Spare Part,VV,Y33s/5g,Y21/Y02s/Y15s,TL,BLK,VV-Y33s/5g-TL-BLK,VV-Y33s/5g-TL-BLK,VV Y33S/5G - Y21/Y02S/Y15S TL (BLK),TL,Vivo,,,28000,0,3,28000,35000,30000,2,1 Month Warranty ,Box1,Active (ရောင်းမည်),,🆕 အသစ်/မရောင်းရသေး
Spare Part,SS,A21s,A21s/A02/M02/A13(4g)/A13(SM-A137)/A13(5g),BT,"BLK , WHT",SS-A12-BT-BLK -WHT,SS-A12-BT-BLK -WHT,"SS A12 - A21S/A02/M02/A13(4G)/A13(SM-A137)/A13(5G) BT (BLK , WHT)",Battery,SAMSUNG,,,28000,0,3,23000,27000,26000,2,1 Month Warranty ,Box1,Active (ရောင်းမည်),,🆕 အသစ်/မရောင်းရသေး
Spare Part,SS,A03,A03s,BT,"BLK , WHT",SS-A03-BT-BLK -WHT,SS-A03-BT-BLK -WHT,"SS A03 - A03S BT (BLK , WHT)",Battery,SAMSUNG,,,23000,0,3,23000,27000,26000,2,1 Month Warranty ,Box1,Active (ရောင်းမည်),,🆕 အသစ်/မရောင်းရသေး
Spare Part,SS,A05s,No,BT,"BLK , WHT",SS-A05s-BT-BLK -WHT,SS-A05s-BT-BLK -WHT,"SS A05S - NO BT (BLK , WHT)",Battery,SAMSUNG,,,20500,0,3,20500,25500,25000,2,1 Month Warranty ,Box1,Active (ရောင်းမည်),,🆕 အသစ်/မရောင်းရသေး
Spare Part,SS,A20,A30/A30s/A50/A50s,BT,"BLK , WHT",SS-A20-BT-BLK -WHT,SS-A20-BT-BLK -WHT,"SS A20 - A30/A30S/A50/A50S BT (BLK , WHT)",Battery,SAMSUNG,,,19500,0,3,19500,25000,24000,2,1 Month Warranty ,Box1,Active (ရောင်းမည်),,🆕 အသစ်/မရောင်းရသေး
Spare Part,IP,6G,No,TL,WHT,IP-6G-TL-WHT,IP-6G-TL-WHT,IP 6G - NO TL (WHT),TL,IPHONE,,,33000,0,1,33000,39000,39000,2,1 Month Warranty ,Box1,Active (ရောင်းမည်),,🆕 အသစ်/မရောင်းရသေး
Spare Part,RM,5,No,TL,WHT,RM-5-TL-WHT,RM-5-TL-WHT,RM 5 - NO TL (WHT),TL,Xiaomi,,,34500,0,2,33750,39000,39000,2,1 Month Warranty ,Box1,Active (ရောင်းမည်),,🆕 အသစ်/မရောင်းရသေး
Spare Part,RM,N10(4G),No,USB FIX,BLK,RM-N10(4G)-USB FIX-BLK,RM-N10(4G)-USB FIX-BLK,RM N10(4G) - NO USB FIX (BLK),USB FIX,Xiaomi,,,4500,0,1,4500,6000,5000,2,1 Month Warranty ,Box1,Active (ရောင်းမည်),,🆕 အသစ်/မရောင်းရသေး
Spare Part,OP,C30,No,USB FIX,BLK,OP-C30-USB FIX-BLK,OP-C30-USB FIX-BLK,OP C30 - NO USB FIX (BLK),USB FIX,OPPO,,,4000,0,1,4000,6000,5000,2,1 Month Warranty ,Box1,Active (ရောင်းမည်),,🆕 အသစ်/မရောင်းရသေး
CCTV,EZVIZ,Camaer,No,CCTV,WHT,EZVIZ-Camaer-CCTV-WHT,EZVIZ-Camaer-CCTV-WHT,EZVIZ CAMAER - NO CCTV (WHT),CCTV,EZVIZ,,,100000,0,1,100000,200000,190000,2,1 Month Warranty ,Box1,Active (ရောင်းမည်),,🆕 အသစ်/မရောင်းရသေး
Accessories,OTH,ထင်းရူးဆီ,No,No,,OTH-ထင်းရူးဆီ-No,OTH-ထင်းရူးဆီ-No,OTH ထင်းရူးဆီ - NO NO,ထင်းရှူးဆီ,OTHER,,,1000,5,4,1000,2500,2000,2,1 Month Warranty ,Box1,Active (ရောင်းမည်),,🛒 အရောင်းပါး
Spare Part,VV,VV-Y36-TL,No,TL,,VV-VV-Y36-TL-TL,VV-VV-Y36-TL-TL,VV VV-Y36-TL - NO TL,TL,Vivo,,,33500,0,0,33500,41000,40000,1,1 Month Warranty ,Box1,Active (ရောင်းမည်),,🆕 အသစ်/မရောင်းရသေး
Spare Part,TN,TN -pova 4pro Tl,No,TL,,TN-TN -pova 4pro Tl-TL,TN-TN -pova 4pro Tl-TL,TN TN -POVA 4PRO TL - NO TL,TL,TECNO,,,42000,,1,42000,49000,48000,1,1 Month Warranty ,Box1,Active (ရောင်းမည်),,🆕 အသစ်/မရောင်းရသေး
Spare Part,RM,N12 4G(oled),No,TL,ORG,RM-RM N12 4G(oled)-TL-ORG,RM N12 4G(oled)-TL-ORG,RM N12 4G(OLED) - NO TL (ORG),TL,Xiaomi,,,111000,0,1,111000,125000,123000,1,1 Month Warranty ,Box1,Active (ရောင်းမည်),,🆕 အသစ်/မရောင်းရသေး
Spare Part,SS,A31,No,USB FIX,ORG,SS-A31-USB FIX-ORG,SS-A31-USB FIX-ORG,SS A31 - NO USB FIX (ORG),USB FIX,SAMSUNG,,,5000,0,0,5000,12000,11000,2,1 Month Warranty ,Box1,Active (ရောင်းမည်),,🛒 အရောင်းပါး
Accessories,ကော်ဗူး,B7000,No,B7000,ORG,ကော်ဗူး-B7000-B7000-ORG,ကော်ဗူး-B7000-B7000-ORG,ကော်ဗူး B7000 - NO B7000 (ORG),ေကာ်ဗူး,B7000,,,6500,0,2,6500,15000,14000,2,1 Month Warranty ,Box1,Active (ရောင်းမည်),,🆕 အသစ်/မရောင်းရသေး
Accessories,ORG,KM 109 Cutter,No,Cutter,ORG,ORG-KM 109 Cutter-Cutter-ORG,ORG-KM 109 Cutter-Cutter-ORG,ORG KM 109 CUTTER - NO CUTTER (ORG),Cuttet,Cutter,,,8200,0,3,8200,15000,14000,,1 Month Warranty ,Box1,Active (ရောင်းမည်),,🆕 အသစ်/မရောင်းရသေး
Accessories,ORG,0.2CM,No,Tape,BLK,ORG-0.2CM-Tape-BLK,ORG-0.2CM-Tape-BLK,ORG 0.2CM - NO TAPE (BLK),Tape,Tap,,,4000,0,3,4000,8000,7000,,1 Month Warranty ,Box1,Active (ရောင်းမည်),,🆕 အသစ်/မရောင်းရသေး
Spare Part,TN,BT,No,BT,,BL49NX,BL-49ST,Smark7/Hot 30i BL49 NX,Battery,TECNO,,,21500,,3,21500,27000,26000,,1 Month Warranty ,Box1,Active (ရောင်းမည်),,🆕 အသစ်/မရောင်းရသေး
Spare Part,RM,Blp 729,No,BT,WHT,RM-BN P-729-BT,Rm Blp792,RM BN P-729 - NO BT,Battery,REALME,,,21500,0,3,21500,27000,26000,,1 Month Warranty ,Box1,Active (ရောင်းမည်),,🆕 အသစ်/မရောင်းရသေး
Spare Part,OP,Oppo A16/A53/A55 BL-P805,BL -P805,BT,BLK,OP-Oppo A16/A53/A55 BL-P805-BT-BLK,OP-Oppo A16/A53/A55 BL-P805-BT-BLK,OP OPPO A16/A53/A55 BL-P805 - BL -P805 BT (BLK),Battery,OPPO,,,21000,0,3,21000,27000,26000,0,1 Month Warranty ,Box1,Active (ရောင်းမည်),,🆕 အသစ်/မရောင်းရသေး
Spare Part,OP,BLP 915,No,BT,,BT-BL -P 915-BT,Op-(Blp915)-BT,Op-(Blp915) - NO BT,Battery,OPPO,,,21500,0,3,21500,27000,26000,,1 Month Warranty ,Box1,Active (ရောင်းမည်),,🆕 အသစ်/မရောင်းရသေး
Spare Part,HW,Y6P HB-526489EEW,No,BT,,HW-HB-526489EEW-BT,HW-HB-526489EEW-BT,HW HB-526489EEW - NO BT,Battery,HUAWEI,,,19500,0,3,19500,27000,26000,,1 Month Warranty ,Box1,Active (ရောင်းမည်),,🆕 အသစ်/မရောင်းရသေး
CCTV,SD,1TB,No,HDD,,SD-1TB-HDD,SD-1TB-HDD,SD 1TB - NO HDD,CCTV,AB,,,150000,0,-1,150000,365000,360000,2,1 Month Warranty ,Box1,Active (ရောင်းမည်),,🛒 အရောင်းပါး
Spare Part,RM,N13pro 5G,No,TL,BLK,RM-N13pro 5G-TL-BLK,RM-N13pro 5G-TL-BLK,RM N13PRO 5G - NO TL (BLK),TL,REDMI,,,112500,0,1,112500,125000,124000,,1 Month Warranty ,Box1,Active (ရောင်းမည်),,🆕 အသစ်/မရောင်းရသေး